stop_key,stop_id,stop_name,stop_lat,stop_lon,parent_station
506585344784560470,26401,Albury Station,-36.0840679993,146.924691003,
-7576476589388505962,264086,Albury Station Platform 1,-36.083941,146.924558,26401
5864262152086700404,233610,Aberdeen Station,-32.1671035802,150.892052189,
586166626136735264,233621,Aberdeen Station Platform 1,-32.166969,150.892016,233610
-1364916393950848262,222020,Allawah Station,-33.9695839058,151.11432998,
-4178846816773711108,2220351,Allawah Station Platform 1,-33.96951,151.114268,222020
3357921396986408568,2220352,Allawah Station Platform 2,-33.969553,151.114249,222020
2575190295852924711,2220353,Allawah Station Platform 3,-33.969678,151.114212,222020
-7110789718912403642,2220354,Allawah Station Platform 4,-33.969722,151.114197,222020
2813233661614172664,252710,Albion Park Station,-34.5626467141,150.798499742,
-4163568673314769691,2527161,Albion Park Station Platform 1,-34.562946,150.798688,252710
-7364633119503500562,2527162,Albion Park Station Platform 2,-34.563092,150.798981,252710
8611224044650302115,23501,Armidale Station,-30.515372995,151.651753003,
128402050070992012,235044,Armidale Station Platform 1,-30.515208,151.651701,23501
1651313764701403274,220520,Arncliffe Station,-33.9364561946,151.147299468,
9016527221967860355,220591,Arncliffe Station Platform 1,-33.936473,151.147101,220520
3913791622566525486,220592,Arncliffe Station Platform 2,-33.936501,151.147222,220520
9208013799183619241,220593,Arncliffe Station Platform 3,-33.936573,151.147345,220520
2400575194895508650,220594,Arncliffe Station Platform 4,-33.936605,151.147438,220520
-335125954149097713,206410,Artarmon Station,-33.8089026435,151.185293878,
-335714526552119841,206451,Artarmon Station Platform 1,-33.80857,151.18478,206410
3978548535571031105,206452,Artarmon Station Platform 2,-33.808605,151.184744,206410
-3277055802529778007,213110,Ashfield Station,-33.8875506079,151.125504163,
8456074697912671783,2131121,Ashfield Station Platform 1,-33.887518,151.125785,213110
-4731076736034607547,2131122,Ashfield Station Platform 2,-33.887583,151.125758,213110
7025016748622994863,2131123,Ashfield Station Platform 3,-33.887643,151.125733,213110
-761550865537761432,2131124,Ashfield Station Platform 4,-33.887709,151.125694,213110
3190070174226799520,2131125,Ashfield Station Platform 5,-33.887762,151.125544,213110
-4148786023267799236,207730,Asquith Station,-33.6887699577,151.108025195,
7253436937350935639,2077291,Asquith Station Platform 1,-33.688615,151.108205,207730
-3113364509630902133,2077292,Asquith Station Platform 2,-33.688551,151.108101,207730
-5418993586483345880,228920,Adamstown Station,-32.9337298819,151.720080668,
7388059054280827874,2289331,Adamstown Station Platform 1,-32.933687,151.72023,228920
-9091648635300439767,2289332,Adamstown Station Platform 2,-32.933602,151.720183,228920
-1281155177847528614,214410,Auburn Station,-33.8492696009,151.032866977,
6960865287121943885,2144241,Auburn Station Platform 1,-33.849233,151.032966,214410
-5233084764587315483,2144242,Auburn Station Platform 2,-33.849267,151.032919,214410
-4931717567132530312,2144243,Auburn Station Platform 3,-33.84934,151.032808,214410
385738295892528476,2144244,Auburn Station Platform 4,-33.849374,151.032755,214410
2668620699242520978,251540,Austinmer Station,-34.3064104571,150.929312771,
3613243183986271020,2515111,Austinmer Station Platform 1,-34.306487,150.929122,251540
-3511889679239990422,2515112,Austinmer Station Platform 2,-34.306464,150.92931,251540
2827743950242699031,228310,Awaba Station,-33.0129203955,151.541634686,
-7804721849683396481,2283221,Awaba Station Platform 1,-33.013027,151.542018,228310
-5356526370273672056,2283222,Awaba Station Platform 2,-33.012936,151.542042,228310
-8235190286041370131,211910,Beecroft Station,-33.7499541654,151.066298171,
-8571378753500433838,211981,Beecroft Station Platform 1,-33.749434,151.066562,211910
-5490767611701501781,211982,Beecroft Station Platform 2,-33.749417,151.066491,211910
7643175345979303301,220710,Bardwell Park Station,-33.9316166619,151.1248574,
5644835936414964127,2207271,Bardwell Park Station Platform 1,-33.931477,151.125048,220710
3515798911010746374,2207272,Bardwell Park Station Platform 2,-33.931524,151.125077,220710
-5832207233336380489,26211,Bungendore Station,-35.2557779555,149.446409002,
7360155321496910326,26215,Bungendore Station Platform 1,-35.255986,149.446377,26211
1936944731226461757,208110,Berowra Station,-33.6236572023,151.152971085,
-8145880150075056549,208171,Berowra Station Platform 1,-33.623524,151.153278,208110
-320451119006328845,208172,Berowra Station Platform 2,-33.623478,151.153244,208110
2881518867304474700,208173,Berowra Station Platform 3,-33.62344,151.153079,208110
-5824983638031725705,257420,Bargo Station,-34.2913649332,150.580209109,
-3388014010532034570,257461,Bargo Station Platform 1,-34.291052,150.58005,257420
3902356506063082889,257462,Bargo Station Platform 2,-34.291023,150.580157,257420
7756034068755681788,278510,Blackheath Station,-33.6328810405,150.284344986,
6008188103106114504,278561,Blackheath Station Platform 1,-33.633633,150.284409,278510
3884616038272931622,278562,Blackheath Station Platform 2,-33.633633,150.284295,278510
1827312549348741709,214320,Birrong Station,-33.8932786044,151.024041348,
-7736437476431590515,214381,Birrong Station Platform 1,-33.89272,151.024269,214320
5343038292296449943,214382,Birrong Station Platform 2,-33.892709,151.024222,214320
-1855751769760736603,202210,Bondi Junction Station,-33.8912022841,151.2483843,
7298766431076032142,202291,Bondi Junction Station Platform 1,-33.891258,151.248291,202210
6795477399301955320,202292,Bondi Junction Station Platform 2,-33.891143,151.248437,202210
7210625823716706324,28801,Broken Hill Station,-31.9592745012,141.466665453,
-1563354658954022515,288076,Broken Hill Station Platform 1,-31.959445,141.466701,28801
-3323550644680779976,221610,Banksia Station,-33.9452864513,151.140431561,
2035203835480637957,2216161,Banksia Station Platform 1,-33.945046,151.140393,221610
-2284978945745930026,2216162,Banksia Station Platform 2,-33.945089,151.140516,221610
6314839419406480639,2216163,Banksia Station Platform 3,-33.94511,151.140569,221610
-5027013652357604356,2216164,Banksia Station Platform 4,-33.94515,151.140679,221610
7117881716822811806,27991,Blayney Station,-33.5270399779,149.254516056,
-1879671909664057799,27993,Blayney Station Platform 1,-33.527099,149.254463,27991
-2516461798350286950,278410,Bullaburra Station,-33.7236061568,150.414607373,
1216527846128728020,278421,Bullaburra Station Platform 1,-33.723433,150.414865,278410
-5045458827246372555,278422,Bullaburra Station Platform 2,-33.723491,150.414912,278410
-3209531803200046083,251610,Bulli Station,-34.3344809753,150.914743941,
6989115445633124825,251671,Bulli Station Platform 1,-34.33428,150.914757,251610
6693734793650583897,251672,Bulli Station Platform 2,-34.334319,150.914865,251610
2928359785978320149,278620,Bell Station,-33.5056855444,150.278886098,
3872758416760626472,278641,Bell Station Platform 1,-33.505846,150.279039,278620
11217950775768314,278642,Bell Station Platform 2,-33.505867,150.278977,278620
4081557080859490240,23971,Bellata Station,-29.9170635723,149.790513263,
-8928315264357851289,23973,Bellata Station Platform 1,-29.918405,149.790549,23971
6182230099735182189,253320,Bombo Station,-34.6580285016,150.853975458,
8206255193434804528,2533201,Bombo Station Platform 1,-34.658615,150.853841,253320
-665653404855365050,229210,Broadmeadow Station,-32.9230168894,151.734685955,
-6634203109316215018,229271,Broadmeadow Station Platform 1,-32.922849,151.734922,229210
1252546623115669200,229272,Broadmeadow Station Platform 2,-32.922797,151.734832,229210
8131419780167035873,229273,Broadmeadow Station Platform 3,-32.922745,151.734762,229210
-4771976847789472017,251810,Bellambi Station,-34.363318415,150.909902501,
-7485022527059188054,2518131,Bellambi Station Platform 1,-34.362743,150.910058,251810
-4476067195020086168,2518132,Bellambi Station Platform 2,-34.362757,150.910113,251810
-4748151196338822689,219210,Belmore Station,-33.9172179801,151.088733212,
-4407328825065650611,219281,Belmore Station Platform 1,-33.917167,151.088567,219210
2233689357231794272,219282,Belmore Station Platform 2,-33.917238,151.088581,219210
3174860502384720524,40001,Brisbane Station,-27.4655709778,153.019515942,
-5222974886169352513,220010,Bankstown Station,-33.9178645357,151.034686895,
2806071604690634855,2200501,Bankstown Station Platform 1,-33.91782,151.034415,220010
4049054279817466349,2200502,Bankstown Station Platform 2,-33.917904,151.034412,220010
2021870100222938114,233510,Branxton Station,-32.6622521545,151.345644925,
8937268160319506380,233591,Branxton Station Platform 1,-32.662191,151.345578,233510
3356549421260223305,233592,Branxton Station Platform 2,-32.662273,151.345548,233510
-3422469856156398474,23821,Boggabri Station,-30.7038339982,150.039827001,
5607403572387212168,23824,Boggabri Station Platform 1,-30.703589,150.040068,23821
-2543713886883267779,257620,Burradoo Station,-34.4940191886,150.398338765,
274369082431929129,2576351,Burradoo Station Platform 1,-34.494123,150.398025,257620
8312711558947007430,2576352,Burradoo Station Platform 2,-34.49411,150.398229,257620
-1385227189465334601,228410,Booragul Station,-32.971422542,151.604690245,
6977817391261009369,2284161,Booragul Station Platform 1,-32.97162,151.604927,228410
-8196270170076136865,2284162,Booragul Station Platform 2,-32.971656,151.604859,228410
-6165316223499946890,257610,Bowral Station,-34.4781231702,150.416658534,
7455602255433093159,2576341,Bowral Station Platform 1,-34.478192,150.41653,257610
-2869275988912975447,2576342,Bowral Station Platform 2,-34.478161,150.416677,257610
7508243089557439388,214120,Berala Station,-33.8718356716,151.032441754,
-5781256008774883593,2141301,Berala Station Platform 1,-33.871821,151.032424,214120
3795683804144946945,2141302,Berala Station Platform 2,-33.871861,151.032457,214120
1575574992157086990,253510,Berry Station,-34.7803326672,150.6969659,
406806713641398873,253591,Berry Station Platform 1,-34.780313,150.696726,253510
-2906235650704955992,232230,Beresfield Station,-32.7989459854,151.657862686,
-8863071029671381704,2322221,Beresfield Station Platform 1,-32.799201,151.658229,232230
306996565240945736,2322222,Beresfield Station Platform 2,-32.799232,151.658184,232230
-511556359427157989,279538,Bathurst Station,-33.4256270264,149.58321606,
4046778672681968770,2795201,Bathurst Station Platform 1,-33.4256971934,149.5831620495,279538
9185383278601942049,2795202,Bathurst Station Platform 2,-33.4256971934,149.5831620495,279538
1461139431957908205,214810,Blacktown Station,-33.768229034,150.907510545,
-808579414804246178,2148531,Blacktown Station Platform 1,-33.768154,150.908012,214810
3330540505824425781,2148532,Blacktown Station Platform 2,-33.768191,150.907971,214810
-3170609648460521670,2148533,Blacktown Station Platform 3,-33.768273,150.906746,214810
-6627378620640566393,2148534,Blacktown Station Platform 4,-33.7685,150.907263,214810
4280909641391039359,2148535,Blacktown Station Platform 5,-33.768552,150.907242,214810
-5319197975032318361,2148536,Blacktown Station Platform 6,-33.768651,150.907216,214810
-6866979337130038485,2148537,Blacktown Station Platform 7,-33.768695,150.907203,214810
-3228384331468127939,257810,Bundanoon Station,-34.6561347396,150.298737096,
4763061675509616123,257861,Bundanoon Station Platform 1,-34.655938,150.299429,257810
8383813514105401412,257862,Bundanoon Station Platform 2,-34.65604,150.299358,257810
-3733623373215243665,257129,Buxton Bus,-34.254807,150.534265,
-5000622304256869770,257167,Buxton Bus 1,-34.254583,150.533881,257129
-3556354813862546707,V20030,Broadmeadows Station,-37.682854,144.919775,
8999946313069962505,20030P3,Broadmeadows Station Platform 3,-37.682854,144.919775,V20030
-5534966586759680815,220910,Beverly Hills Station,-33.9488485689,151.081692204,
4641946326572440052,2209141,Beverly Hills Station Platform 1,-33.949055,151.081012,220910
6397732518428268815,2209142,Beverly Hills Station Platform 2,-33.949114,151.081021,220910
-5655640314709305214,36721,Benalla Station,-36.5445487824,145.983914819,
5507929326770945937,20295P1,Benalla Station Platform 1,-36.544561,145.983922,36721
7675091296205723128,20295P2,Benalla Station Platform 2,-36.544945,145.983798,36721
3731742818562943706,213410,Burwood Station,-33.8773146456,151.104762238,
-4645686558506735512,213491,Burwood Station Platform 1,-33.876962,151.104255,213410
8119333504201664236,213492,Burwood Station Platform 2,-33.877062,151.104236,213410
2014667102838996453,213493,Burwood Station Platform 3,-33.877143,151.104225,213410
3467698014067900630,213494,Burwood Station Platform 4,-33.877219,151.1042,213410
8635166941213022922,213495,Burwood Station Platform 5,-33.877291,151.104183,213410
681618318175054217,213496,Burwood Station Platform 6,-33.877376,151.104164,213410
4986657461266851942,277410,Blaxland Station,-33.7435765927,150.609595708,
-3577262378376177051,2774111,Blaxland Station Platform 1,-33.743701,150.609742,277410
-626614968598221823,2774112,Blaxland Station Platform 2,-33.743743,150.609699,277410
-7095063139699032577,220720,Bexley North Station,-33.9375660086,151.113397321,
-5754989209665518283,2207281,Bexley North Station Platform 1,-33.937478,151.113731,220720
-8285915748481087547,2207282,Bexley North Station Platform 2,-33.937528,151.113746,220720
9037215323720403478,216620,Cabramatta Station,-33.8948665527,150.938820645,
-5908220060004828974,2166271,Cabramatta Station Platform 1,-33.895107,150.938718,216620
-1042271929988158547,2166272,Cabramatta Station Platform 2,-33.894697,150.938938,216620
4513808740219438896,217030,Casula Station,-33.9498183823,150.911946019,
6120135084071516879,2170811,Casula Station Platform 1,-33.95029,150.911743,217030
-2525243983006227122,2170812,Casula Station Platform 2,-33.95017,150.911892,217030
-3066015516964764562,219320,Canterbury Station,-33.9116721396,151.118213253,
-5394910077944825581,2193111,Canterbury Station Platform 1,-33.911975,151.118606,219320
693589046199654652,2193112,Canterbury Station Platform 2,-33.911902,151.118292,219320
-404904975620028237,2193110,Canterbury Station Goods Platform,-33.911915,151.118653,219320
1814108824538012951,250850,Coalcliff Station,-34.2422504333,150.977242743,
3843410077624264934,2508151,Coalcliff Station Platform 1,-34.242205,150.977271,250850
-6957614401158036483,2508152,Coalcliff Station Platform 2,-34.242259,150.977313,250850
77590796366303626,228430,Cockle Creek Station,-32.9427099226,151.62338129,
-3092232023325490759,2284171,Cockle Creek Station Platform 1,-32.942713,151.62388,228430
-7824276421162881911,2284172,Cockle Creek Station Platform 2,-32.942621,151.623855,228430
5144824254714239778,200020,Circular Quay Station,-33.861323585,151.210389837,
-5177262675263154517,2000351,Circular Quay Station Platform 1,-33.86137,151.210284,200020
-8770715072030729433,2000352,Circular Quay Station Platform 2,-33.86126,151.21029,200020
1604002631723616140,228520,Cardiff Station,-32.9418238759,151.662980082,
-4325723758676276721,2285361,Cardiff Station Platform 1,-32.941513,151.66269,228520
-1033042400137353946,2285362,Cardiff Station Platform 2,-32.941482,151.662769,228520
-4625645433631598566,275630,Clarendon Station,-33.6089524546,150.788562752,
8314317151507989646,2756431,Clarendon Station Platform 1,-33.608552,150.787939,275630
-2518414565497035845,2756432,Clarendon Station Platform 2,-33.608673,150.787973,275630
7578592768938693856,200060,Central Station,-33.883881632,151.205829312,
3508940945860787276,2000336,Central Station Platform 16,-33.884066,151.206766,200060
-7153867206641337415,2000337,Central Station Platform 17,-33.884098,151.206823,200060
-1906114871667065914,2000338,Central Station Platform 18,-33.88416,151.206916,200060
2201632669708387783,2000339,Central Station Platform 19,-33.884192,151.206967,200060
-149142017732854358,2000340,Central Station Platform 20,-33.884253,151.207057,200060
-6270797141784471995,2000341,Central Station Platform 21,-33.884281,151.20712,200060
6454505287423670904,2000342,Central Station Platform 22,-33.884329,151.207222,200060
4131841328658624689,2000343,Central Station Platform 23,-33.884368,151.207271,200060
4599181785305926972,2000344,Central Station Platform 24,-33.884471,151.207441,200060
195996996370985595,2000345,Central Station Platform 25,-33.884491,151.207501,200060
-8696592306489970937,24501,Coffs Harbour Station,-30.3061117105,153.137814499,
7204494286705356942,2450173,Coffs Harbour Station Platform 1,-30.306242,153.137792,24501
-1398375259370096272,216220,Chester Hill Station,-33.8835434986,150.999445637,
4068011902258600308,2162191,Chester Hill Station Platform 1,-33.883638,151.000178,216220
-9145318096148534027,2162192,Chester Hill Station Platform 2,-33.883681,151.000168,216220
1470454937629087618,211920,Cheltenham Station,-33.7558683656,151.078851325,
-1162238988480917943,211991,Cheltenham Station Platform 1,-33.755632,151.078591,211920
-7067462509829325937,211992,Cheltenham Station Platform 2,-33.75576,151.078607,211920
5719458189711384692,211962,Cheltenham Station Platform 3,-33.75588,151.078619,211920
4228165291721806620,251530,Coledale Station,-34.2893891323,150.943335304,
-4753082328455167178,2515121,Coledale Station Platform 1,-34.289536,150.943204,251530
-3594825175136695073,2515122,Coledale Station Platform 2,-34.289556,150.943283,251530
-8986528187015447132,214230,Clyde Station,-33.8362817636,151.01748954,
5843307126622525420,2142311,Clyde Station Platform 1,-33.83584,151.017177,214230
-2157835490320818299,2142312,Clyde Station Platform 2,-33.835902,151.017124,214230
7159675280344926887,2142313,Clyde Station Platform 3,-33.83598,151.017061,214230
-6134821808724207575,2142314,Clyde Station Platform 4,-33.836029,151.017011,214230
-8292899967427116208,2142315,Clyde Station Platform 5,-33.836103,151.016927,214230
1254293290336236462,221810,Carlton Station,-33.9682663189,151.124336923,
8401371387655122636,221891,Carlton Station Platform 1,-33.968157,151.124301,221810
-4074390751750918352,221892,Carlton Station Platform 2,-33.968226,151.12432,221810
-1855194984233855758,221893,Carlton Station Platform 3,-33.968335,151.124351,221810
4677734749154617412,221894,Carlton Station Platform 4,-33.968392,151.124368,221810
3491827943223350880,251820,Corrimal Station,-34.3757269238,150.90497163,
-4879055108927292915,2518141,Corrimal Station Platform 1,-34.375529,150.904969,251820
1118560694099315929,2518142,Corrimal Station Platform 2,-34.375479,150.905123,251820
2933937607356026485,27011,Coolamon Station,-34.8160450027,147.201858005,
-311214472165963285,270122,Coolamon Station Platform 1,-34.816013,147.201645,27011
-1615266819157227613,222610,Como Station,-34.0042661601,151.067998839,
-6348273073257900739,2226101,Como Station Platform 1,-34.004415,151.068043,222610
-8921732873728039140,2226102,Como Station Platform 2,-34.004379,151.06812,222610
-1114657821921243551,219410,Campsie Station,-33.9104811565,151.102630825,
5089879012472792610,2194111,Campsie Station Platform 1,-33.910455,151.103071,219410
-6467297671659149254,2194112,Campsie Station Platform 2,-33.910528,151.103083,219410
3230374239629958608,2194110,Campsie Station Goods Platform,-33.910383,151.103054,219410
-410215445720657056,26041,Canberra Station,-35.3193370417,149.149291661,
1603364281635176624,26043,Canberra Station Platform 1,-35.31911,149.14853,26041
4598790880023769187,222910,Caringbah Station,-34.0416103913,151.122747575,
-6924188240946103411,2229221,Caringbah Station Platform 1,-34.041611,151.122312,222910
-195346573647412588,2229222,Caringbah Station Platform 2,-34.041548,151.122317,222910
-9158824732927764446,223020,Cronulla Station,-34.0562517119,151.151542409,
-6009883719623835607,2230211,Cronulla Station Platform 1,-34.05553,151.151389,223020
291643740442077364,2230212,Cronulla Station Platform 2,-34.055947,151.151462,223020
-5909450009771124030,250030,Coniston Station,-34.4374548931,150.885529169,
6740137055522381816,2500371,Coniston Station Platform 1,-34.437732,150.885209,250030
-2237549891709921557,2500372,Coniston Station Platform 2,-34.437797,150.885294,250030
-3656090432434484428,216610,Canley Vale Station,-33.8867979256,150.943987038,
5063323408814761295,2166281,Canley Vale Station Platform 1,-33.887255,150.943556,216610
-3669668446431448765,2166282,Canley Vale Station Platform 2,-33.887338,150.943606,216610
-6916018280375124787,28772,Condobolin Station,-33.083910003,147.153285,
-8499084578410186863,28779,Condobolin Station Platform 1,-33.084049,147.152991,28772
-9077315103136126071,213810,Concord West Station,-33.8487399849,151.085626247,
3196979213383041828,213898,Concord West Station Platform 1,-33.848317,151.085695,213810
-2521707211368327806,213881,Concord West Station Platform 2,-33.848322,151.085656,213810
-3661915164080710936,213882,Concord West Station Platform 3,-33.848296,151.08553,213810
6832740671765626096,213883,Concord West Station Platform 4,-33.8483,151.085474,213810
683003960233614720,250520,Cringila Station,-34.4671755384,150.878422822,
8664580878568588180,250581,Cringila Station Platform 1,-34.467172,150.87836,250520
8495081945799119549,250582,Cringila Station Platform 2,-34.467124,150.878436,250520
1461563615176927871,257165,Couridjah Bus,-34.232824,150.548507,
-2961537683417326179,257166,Couridjah Bus 1,-34.232538,150.54908,257165
-8964781750271114752,216330,Carramar Station,-33.8843177862,150.961548622,
4241090022889026256,2163191,Carramar Station Platform 1,-33.884357,150.961271,216330
-3421262127262412721,2163192,Carramar Station Platform 2,-33.884416,150.961283,216330
-2711049307461743053,24701,Casino Station,-28.8606629975,153.038274996,
385214815048495830,247055,Casino Station Platform 1,-28.861006,153.03822,24701
6130718946859457706,25901,Cootamundra Station,-34.641037981,148.030649014,
2861133072835355442,25903,Cootamundra Station Platform 1,-34.641132,148.030535,25901
7743160791980270856,256020,Campbelltown Station,-34.0638354867,150.813928964,
-4667185445057793362,2560691,Campbelltown Station Platform 1,-34.063539,150.814347,256020
869925268614413277,2560692,Campbelltown Station Platform 2,-34.063604,150.814429,256020
911857777755124858,2560693,Campbelltown Station Platform 3,-34.06371,150.814462,256020
181633557305635578,2560694,Campbelltown Station Platform 4,-34.064235,150.813886,256020
-122408776879342320,26601,Culcairn Station,-35.6661069983,147.038128003,
7120448861424223905,26603,Culcairn Station Platform 1,-35.665958,147.038243,26601
-8491291625425327933,206710,Chatswood Station,-33.7971340586,151.180820713,
-2876658330315507475,2067141,Chatswood Station Platform 1,-33.797476,151.181046,206710
-6507277496142926151,2067144,Chatswood Station Platform 4,-33.797482,151.180821,206710
5564461221249761745,208120,Cowan Station,-33.5931076339,151.171717694,
-5576282156968561455,208181,Cowan Station Platform 1,-33.593476,151.17182,208120
2596648877091631911,208182,Cowan Station Platform 2,-33.593431,151.171722,208120
-3849748566629259930,213210,Croydon Station,-33.8832342462,151.115488246,
1267324657865491948,213281,Croydon Station Platform 1,-33.883053,151.115565,213210
5572288792071044381,213282,Croydon Station Platform 2,-33.88309,151.115487,213210
-5281799837478323973,213283,Croydon Station Platform 3,-33.88317,151.115406,213210
2093785039226895452,213284,Croydon Station Platform 4,-33.883202,151.115367,213210
1532548111646517502,213285,Croydon Station Platform 5,-33.883308,151.115334,213210
3313887346324733899,253020,Dapto Station,-34.4920904371,150.792328257,
-6962465484413217330,2530231,Dapto Station Platform 1,-34.492951,150.791669,253020
1065549735589304250,2530232,Dapto Station Platform 2,-34.492809,150.791891,253020
-6524106447158934594,2530233,Dapto Station Platform 3,-34.49223,150.792299,253020
-3165252098720204623,28301,Dubbo Station,-32.2450120344,148.608181998,
-1538317921511376901,2830143,Dubbo Station Platform 1,-32.245064,148.608084,28301
3149605803670441214,226420,Dora Creek Station,-33.0831874735,151.501162062,
6108796178031686733,2264191,Dora Creek Station Platform 1,-33.083878,151.500954,226420
-6403964468061029576,2264192,Dora Creek Station Platform 2,-33.083847,151.500848,226420
-6820297967139122341,220310,Dulwich Hill Station,-33.9111022345,151.140989389,
3095577830463286297,220361,Dulwich Hill Station Platform 1,-33.910986,151.140994,220310
-9008918253639686930,220362,Dulwich Hill Station Platform 2,-33.911045,151.140974,220310
6933610396428235123,242010,Dungog Station,-32.4022900967,151.759539516,
1698585907573654397,242061,Dungog Station Platform 1,-32.402433,151.759445,242010
6616134731329419727,242062,Dungog Station Platform 2,-32.402404,151.759256,242010
-4733564604101888559,28781,Darnick Station,-32.8512139953,143.624896006,
-2163346536455219809,28786,Darnick Station Platform 1,-32.850807,143.625345,28781
3534180537789128500,211410,Denistone Station,-33.7999061767,151.087550272,
-7864240746896006237,2114171,Denistone Station Platform 1,-33.799582,151.087133,211410
4472726259178862105,2114172,Denistone Station Platform 2,-33.799643,151.087093,211410
5910429933619948288,2114173,Denistone Station Platform 3,-33.799716,151.087014,211410
-6736569816853379706,2114174,Denistone Station Platform 4,-33.799767,151.086968,211410
-2251389794038445941,276710,Doonside Station,-33.7639850225,150.868352057,
-5570979485462827657,2767121,Doonside Station Platform 1,-33.763763,150.868924,276710
6131765789527940189,2767122,Doonside Station Platform 2,-33.763845,150.868947,276710
333208043444914560,2767123,Doonside Station Platform 3,-33.763997,150.868618,276710
-3485798361028198595,2767124,Doonside Station Platform 4,-33.764063,150.868643,276710
2685958730322425685,256910,Douglas Park Station,-34.1832266515,150.709937814,
4184961611084910219,2569141,Douglas Park Station Platform 1,-34.183214,150.710386,256910
-3449903928000400842,2569142,Douglas Park Station Platform 2,-34.183295,150.710384,256910
8886214233490537850,202710,Edgecliff Station,-33.8792514754,151.23616135,
-9175316127581631929,202761,Edgecliff Station Platform 1,-33.879272,151.235965,202710
4034867515855622552,202762,Edgecliff Station Platform 2,-33.879213,151.235979,202710
4419771665095378004,217426,Edmondson Park Station,-33.9693,150.8587,
5238630738867907596,217427,Edmondson Park Station Platform 1,-33.969305,150.858836,217426
4909819821664331327,217428,Edmondson Park Station Platform 2,-33.969383,150.858816,217426
-2951365074616191889,223310,Engadine Station,-34.0678990057,151.014652906,
-282374903151028086,2233271,Engadine Station Platform 1,-34.067833,151.01466,223310
5056884671245604652,2233272,Engadine Station Platform 2,-34.067882,151.014778,223310
6240255375441340773,221320,East Hills Station,-33.9616067679,150.98489728,
5939105610218998830,2213141,East Hills Station Platform 1,-33.96164,150.984788,221320
3194506089115629230,2213142,East Hills Station Platform 2,-33.961689,150.984853,221320
-9866811852921965,2213143,East Hills Station Platform 3,-33.961761,150.984921,221320
5691474216947709710,232330,East Maitland Station,-32.7448752254,151.587421299,
-1426931825667139246,2323311,East Maitland Station Platform 1,-32.744859,151.587449,232330
3998584111250274031,2323312,East Maitland Station Platform 2,-32.744884,151.587378,232330
6798961576361092846,24411,Eungai Station,-30.8490369962,152.900087003,
-774737931110462098,244131,Eungai Station Platform 1,-30.84964,152.900157,24411
-2254039775818960062,212110,Epping Station,-33.7728414535,151.082176647,
7164449179056806387,2121221,Epping Station Platform 1,-33.772949,151.082321,212110
-7066026016142092038,2121222,Epping Station Platform 2,-33.772993,151.082179,212110
-1524378004626864800,2121223,Epping Station Platform 3,-33.772626,151.081896,212110
444602246550084947,275020,Emu Plains Station,-33.7455677802,150.672286674,
-8159485632633011908,2750491,Emu Plains Station Platform 1,-33.745665,150.671438,275020
-8917331883398452363,2750492,Emu Plains Station Platform 2,-33.745757,150.671476,275020
270207107333094858,275310,East Richmond Station,-33.6017961363,150.759234021,
-7999753688402702230,2753661,East Richmond Station Platform 1,-33.60176,150.759029,275310
2737034599148112094,204310,Erskineville Station,-33.9008580996,151.185307617,
6613407443941127477,204331,Erskineville Station Platform 1,-33.90025,151.185323,204310
2914090783436591364,204332,Erskineville Station Platform 2,-33.900321,151.185426,204310
-3145794864253279357,204333,Erskineville Station Platform 3,-33.90033,151.185478,204310
-2891706223507488374,204334,Erskineville Station Platform 4,-33.900341,151.185591,204310
3249857020016706304,28771,Euabalong West Station,-33.0545709962,146.393033999,
-7228647228154185454,28778,Euabalong West Station Platform 1,-33.054682,146.391131,28771
847409607897684591,212210,Eastwood Station,-33.7900214046,151.08223345,
-2230680223927159994,2122231,Eastwood Station Platform 1,-33.790148,151.082399,212210
-9188848871294614877,2122232,Eastwood Station Platform 2,-33.790146,151.082315,212210
-2244068803689482245,2122233,Eastwood Station Platform 3,-33.790144,151.082185,212210
-9167014039822442316,2122234,Eastwood Station Platform 4,-33.790143,151.082089,212210
5273996502863456928,257930,Exeter Station,-34.6137748677,150.317344669,
-1390476977983495369,257971,Exeter Station Platform 1,-34.613548,150.317461,257930
6776103251785519021,257972,Exeter Station Platform 2,-34.613589,150.317548,257930
-4593109496709903700,277610,Faulconbridge Station,-33.6964883499,150.535033881,
8937938843011471036,277661,Faulconbridge Station Platform 1,-33.696493,150.534981,277610
-5162018253951180662,277662,Faulconbridge Station Platform 2,-33.696525,150.535047,277610
-8484913271652136982,216510,Fairfield Station,-33.8723306485,150.957071112,
5933764050617299240,2165201,Fairfield Station Platform 1,-33.872352,150.956968,216510
-1697801584359906855,2165202,Fairfield Station Platform 2,-33.872444,150.957037,216510
2207443045987229230,214020,Flemington Station,-33.8648222877,151.069766513,
118992300971026198,214061,Flemington Station Platform 1,-33.865027,151.070575,214020
-3509589868950731347,214062,Flemington Station Platform 2,-33.864933,151.070593,214020
4454737578788425732,214063,Flemington Station Platform 3,-33.865019,151.070553,214020
3397063832735101598,214064,Flemington Station Platform 4,-33.865055,151.070546,214020
5823512029926333623,251910,Fairy Meadow Station,-34.3958341062,150.896170208,
8908182463098696449,2519131,Fairy Meadow Station Platform 1,-34.395283,150.896364,251910
6896529127051888212,2519132,Fairy Meadow Station Platform 2,-34.395317,150.896458,251910
7098347952010800944,228330,Fassifern Station,-32.9857881963,151.581250936,
-8380702314981354408,2283231,Fassifern Station Platform 1,-32.985493,151.581058,228330
7043891849206051533,2283232,Fassifern Station Platform 2,-32.985552,151.580926,228330
4352398489737912216,277310,Glenbrook Station,-33.7690043711,150.620834198,
2303707891186182749,277371,Glenbrook Station Platform 1,-33.76908,150.620952,277310
5750275029793367300,277372,Glenbrook Station Platform 2,-33.769147,150.620919,277310
2396062747586020255,24221,Gloucester Station,-32.0047659971,151.966735003,
-8062837161647338335,242142,Gloucester Station Platform 1,-32.004626,151.966943,24221
-401743255906189288,23801,Gunnedah Station,-30.979375997,150.247996,
-733525570105698624,238074,Gunnedah Station Platform 1,-30.979244,150.24786,23801
-3010046338850835014,216710,Glenfield Station,-33.9723682746,150.89280722,
-7347023239969974439,216761,Glenfield Station Platform 1,-33.972016,150.893167,216710
3866846276457947761,216762,Glenfield Station Platform 2,-33.972049,150.893215,216710
3530997658741324356,216763,Glenfield Station Platform 3,-33.972114,150.893298,216710
-2025587412330665421,216765,Glenfield Station Platform 4,-33.972144,150.893339,216710
2577878626279369275,258010,Goulburn Station,-34.7584619126,149.719274414,
-4215070570825713297,258051,Goulburn Station Platform 1,-34.75815,149.719424,258010
-4337461455385190607,258052,Goulburn Station Platform 2,-34.757927,149.719752,258010
-5126923180587422422,258053,Goulburn Station Platform 3,-34.757957,149.719798,258010
-3095541947929814959,216110,Guildford Station,-33.8545056996,150.984361016,
-1517232823452845431,2161251,Guildford Station Platform 1,-33.854291,150.984443,216110
5681853388507028000,2161252,Guildford Station Platform 2,-33.85437,150.984518,216110
1591778195900252955,25811,Gunning Station,-34.7796910132,149.261031047,
-4232790151440656598,258128,Gunning Station Platform 1,-34.779791,149.26126,25811
-4245897116525681373,258125,Gunning Station Platform 2,-34.779728,149.261197,25811
-5717520399508692662,253420,Gerringong Station,-34.7448859448,150.817507777,
-7507059286225273372,253481,Gerringong Station Platform 1,-34.744693,150.817658,253420
-3204840489185060928,225040,Gosford Station,-33.423882608,151.341710916,
6624991143862136785,2250791,Gosford Station Platform 1,-33.423501,151.341781,225040
6091480518091113241,2250792,Gosford Station Platform 2,-33.423589,151.341616,225040
7702210253278732611,2250793,Gosford Station Platform 3,-33.42357,151.341523,225040
4133800568570568701,201710,Green Square Station,-33.9060625915,151.202474466,
8116839606302592422,2015111,Green Square Station Platform 1,-33.906068,151.202532,201710
6399282986097084414,2015112,Green Square Station Platform 2,-33.906111,151.202616,201710
4082835647739732964,207210,Gordon Station,-33.7560086417,151.154528026,
2405703856655622994,207261,Gordon Station Platform 1,-33.755683,151.154356,207210
-2552093863831751754,207262,Gordon Station Platform 2,-33.755706,151.154235,207210
-8189528268114724594,207263,Gordon Station Platform 3,-33.755732,151.154179,207210
3063125393198323870,28311,Geurie Station,-32.3982772671,148.830581443,
1181761542267577072,283111,Geurie Station Platform 1,-32.397877,148.830493,28311
-3518989014276438958,26801,Griffith Station,-34.2868199956,146.047734002,
-6123891492400151296,268058,Griffith Station Platform 1,-34.286771,146.047983,26801
-6387048541376204571,233410,Greta Station,-32.6866221501,151.384089532,
-496388269760337095,233461,Greta Station Platform 1,-32.686743,151.384206,233410
2886515947477107119,233462,Greta Station Platform 2,-32.686765,151.3841,233410
7071872659347472031,214240,Granville Station,-33.833175985,151.012494676,
492133320578950194,2142321,Granville Station Platform 1,-33.832823,151.012208,214240
8048208835776358690,2142322,Granville Station Platform 2,-33.832867,151.012169,214240
4883948402622930005,2142323,Granville Station Platform 3,-33.832961,151.012092,214240
-6881890451685034140,2142324,Granville Station Platform 4,-33.833017,151.012038,214240
-3317568876066128551,222710,Gymea Station,-34.0348929402,151.085476628,
-3565030001349401117,2227101,Gymea Station Platform 1,-34.034932,151.085435,222710
-4219429803445836875,2227102,Gymea Station Platform 2,-34.03485,151.085439,222710
3378095994527604890,230310,Hamilton Station,-32.9187134779,151.748872231,
-4188665324499107382,2303151,Hamilton Station Platform 1,-32.918573,151.748574,230310
-6958619773406275623,2303152,Hamilton Station Platform 2,-32.918347,151.748455,230310
968285689892122296,25871,Harden Station,-34.5533494656,148.371322031,
-8647721073424580849,25875,Harden Station Platform 1,-34.553589,148.371559,25871
-4464085945803201387,25876,Harden Station Platform 2,-34.553691,148.371483,25871
3237015619525374690,207720,Hornsby Station,-33.7028012445,151.098494013,
5934731588982600981,2077301,Hornsby Station Platform 1,-33.703242,151.098596,207720
-8238392344119364974,2077302,Hornsby Station Platform 2,-33.703217,151.09847,207720
2009290595935991793,2077303,Hornsby Station Platform 3,-33.703214,151.098425,207720
-8109062943416768923,2077304,Hornsby Station Platform 4,-33.703153,151.098318,207720
1821911624841613760,2077305,Hornsby Station Platform 5,-33.703142,151.09825,207720
-614852171387290873,223320,Heathcote Station,-34.0882366141,151.008002409,
3780271777343336871,2233281,Heathcote Station Platform 1,-34.087896,151.008255,223320
5076508847195848498,2233282,Heathcote Station Platform 2,-34.087948,151.008328,223320
-4288119254662926609,242040,Hilldale Station,-32.5045037848,151.649767834,
-3306646514714495908,242071,Hilldale Station Platform 1,-32.504566,151.649737,242040
2968187633243421197,250810,Helensburgh Station,-34.1768698817,150.994824856,
-3119105483601997636,2508161,Helensburgh Station Platform 1,-34.177028,150.994495,250810
2512705171789316978,2508162,Helensburgh Station Platform 2,-34.176954,150.994478,250810
514055651431458934,217310,Holsworthy Station,-33.9632095726,150.956894588,
3685960514656409399,217391,Holsworthy Station Platform 1,-33.963165,150.956706,217310
-4951170100544164659,217392,Holsworthy Station Platform 2,-33.963224,150.956705,217310
7664853903750082684,214010,Homebush Station,-33.8667398779,151.086441327,
-8607721682470479010,214072,Homebush Station Platform 2,-33.866647,151.086455,214010
-7636573481150239882,214073,Homebush Station Platform 3,-33.86674,151.086407,214010
4873211797596941675,214074,Homebush Station Platform 4,-33.86679,151.086382,214010
1415827108362131456,214075,Homebush Station Platform 5,-33.866856,151.086272,214010
5559968963547238181,214076,Homebush Station Platform 6,-33.866898,151.086242,214010
7743567483893141401,214077,Homebush Station Platform 7,-33.867062,151.08634,214010
-9074119503358526388,215010,Harris Park Station,-33.8232600239,151.007638745,
1206440550424753901,2150401,Harris Park Station Platform 1,-33.823553,151.007697,215010
7867227525348948206,2150402,Harris Park Station Platform 2,-33.823548,151.007658,215010
4585453984912163241,2150403,Harris Park Station Platform 3,-33.823522,151.007535,215010
-7728407959600338740,2150404,Harris Park Station Platform 4,-33.823509,151.007481,215010
1618808966691309737,219310,Hurlstone Park Station,-33.9104222503,151.132092512,
418210902202846678,2193121,Hurlstone Park Station Platform 1,-33.910297,151.132225,219310
-8376795618773862056,2193122,Hurlstone Park Station Platform 2,-33.91038,151.132293,219310
-3739058369794800323,208310,Hawkesbury River Station,-33.5467883528,151.226510364,
8427169267051637749,208341,Hawkesbury River Station Platform 1,-33.546948,151.22652,208310
-6050211025501503354,208342,Hawkesbury River Station Platform 2,-33.546904,151.226463,208310
-1810239654036240049,232010,High Street Station,-32.7414490049,151.56368931,
4122636026788789917,2320301,High Street Station Platform 1,-32.741429,151.563958,232010
-1992279923229733592,2320302,High Street Station Platform 2,-32.741487,151.563955,232010
77779129038786554,26581,Henty Station,-35.5178859991,147.035370997,
1816715991090178110,26583,Henty Station Platform 1,-35.517624,147.035359,26581
5214107545339167095,222010,Hurstville Station,-33.9674535563,151.102757149,
-3480679976160724994,2220361,Hurstville Station Platform 1,-33.967361,151.102831,222010
-6283456432802951536,2220362,Hurstville Station Platform 2,-33.967468,151.102764,222010
1378952111334263434,2220363,Hurstville Station Platform 3,-33.967517,151.102719,222010
-5207432050937040547,2220364,Hurstville Station Platform 4,-33.967616,151.102657,222010
7689762708151340870,232210,Hexham Station,-32.8294702879,151.684417076,
3896571966511981800,2322231,Hexham Station Platform 1,-32.828968,151.68422,232210
3819287482765059783,2322232,Hexham Station Platform 2,-32.828979,151.684169,232210
4952047348437202807,277910,Hazelbrook Station,-33.7239735131,150.454603767,
-6782094359421297934,277941,Hazelbrook Station Platform 1,-33.723749,150.454246,277910
-240685897190665279,277942,Hazelbrook Station Platform 2,-33.723777,150.454213,277910
8424381669690396452,256510,Ingleburn Station,-33.9970796954,150.864920489,
-6785468926781081616,2565651,Ingleburn Station Platform 1,-33.997302,150.864699,256510
6641117455509534858,2565652,Ingleburn Station Platform 2,-33.997371,150.864784,256510
-1154951040151094435,28782,Ivanhoe Station,-32.9143040037,144.311759002,
3730243471287673728,28785,Ivanhoe Station Platform 1,-32.914319,144.311657,28782
7662794197267408244,222620,Jannali Station,-34.0161286564,151.064664482,
8242984005306792984,2226111,Jannali Station Platform 1,-34.015797,151.064538,222620
2836247165269935309,2226112,Jannali Station Platform 2,-34.016075,151.064711,222620
128565378385522898,26631,Junee Station,-34.8702599603,147.583766044,
5841106658092049649,266348,Junee Station Platform 3,-34.870434,147.583848,26631
-7971584080962224884,278020,Katoomba Station,-33.7115734375,150.311160201,
-4918980453704670690,2780201,Katoomba Station Platform 1,-33.711959,150.311584,278020
-6079045902917181400,2780202,Katoomba Station Platform 2,-33.712045,150.311537,278020
7871622233650535069,24391,Kendall Station,-31.6354040011,152.706288001,
-1885701883808349068,243927,Kendall Station Platform 1,-31.635274,152.706453,24391
8045441607543029087,24401,Kempsey Station,-31.0768519953,152.833041003,
-8689467695340882911,244086,Kempsey Station Platform 1,-31.077043,152.832885,24401
6146877039175854816,220810,Kingsgrove Station,-33.9406360222,151.100483923,
-6198597879138005252,2208141,Kingsgrove Station Platform 1,-33.940504,151.100661,220810
7358732912277179819,2208142,Kingsgrove Station Platform 2,-33.940561,151.100689,220810
4914309946006634635,201110,Kings Cross Station,-33.8745409123,151.222334239,
-2222922355244971541,201171,Kings Cross Station Platform 1,-33.874341,151.221858,201110
5283802069566271788,201172,Kings Cross Station Platform 2,-33.874293,151.221894,201110
2322056610421580249,253330,Kiama Station,-34.6725177846,150.854694705,
8892766573855646026,2533211,Kiama Station Platform 1,-34.672516,150.854614,253330
-8588484290905149023,2533212,Kiama Station Platform 2,-34.672562,150.854686,253330
-6576153818558649110,207110,Killara Station,-33.7654089903,151.161647368,
-1406341277626263536,207191,Killara Station Platform 1,-33.76558,151.16181,207110
-8021387233322566415,207192,Killara Station Platform 2,-33.765615,151.161736,207110
3846222604671177128,253010,Kembla Grange Station,-34.4702183585,150.817340679,
3199054604704512731,2526161,Kembla Grange Station Platform 1,-34.470141,150.817572,253010
6433027430252031831,221710,Kogarah Station,-33.9621493059,151.132641462,
4641387259053275132,2217191,Kogarah Station Platform 1,-33.962702,151.132252,221710
1118792010526155384,2217192,Kogarah Station Platform 2,-33.962566,151.132439,221710
1882759412779683366,2217193,Kogarah Station Platform 3,-33.962582,151.132486,221710
6260316331497457735,2217194,Kogarah Station Platform 4,-33.962806,151.132586,221710
8664021747055761998,23521,Kootingal Station,-31.0587310035,151.056154002,
1179760937457493662,23528,Kootingal Station Platform 1,-31.058661,151.056323,23521
6492751719921968083,223230,Kirrawee Station,-34.0350153507,151.071315329,
-7507058161649240372,2232271,Kirrawee Station Platform 1,-34.034995,151.071591,223230
3498701763899896230,2232272,Kirrawee Station Platform 2,-34.034934,151.071587,223230
1531010678418094462,228910,Kotara Station,-32.9413962736,151.69849332,
-3149729460281711852,2289341,Kotara Station Platform 1,-32.941597,151.697952,228910
-7089916589314454996,2289342,Kotara Station Platform 2,-32.941549,151.697928,228910
3510989490998485256,274720,Kingswood Station,-33.7582512003,150.719823595,
-2125918043849023823,2747361,Kingswood Station Platform 1,-33.758235,150.720028,274720
-8736486477011362501,2747362,Kingswood Station Platform 2,-33.758327,150.720008,274720
-5323812267946705239,225620,Koolewong Station,-33.4669744157,151.318655022,
889366507356750691,2256451,Koolewong Station Platform 1,-33.466265,151.318519,225620
2255533403479074051,2256452,Koolewong Station Platform 2,-33.466273,151.318416,225620
4285455625708729649,24741,Kyogle Station,-28.6201850011,153.001284003,
-8566541606154623937,247426,Kyogle Station Platform 1,-28.620306,153.001276,24741
-5285612077881903791,219510,Lakemba Station,-33.9201269921,151.075955497,
-717665004765944395,2195131,Lakemba Station Platform 1,-33.920042,151.075947,219510
4319820788860936490,2195132,Lakemba Station Platform 2,-33.920111,151.075971,219510
-863977382751999807,275030,Lapstone Station,-33.773697882,150.642796628,
9082468520499401412,277381,Lapstone Station Platform 1,-33.773509,150.642742,275030
4531506200413837868,2750502,Lapstone Station Platform 2,-33.773419,150.642839,275030
-6869806737021250834,278310,Lawson Station,-33.7191448467,150.429824445,
3745378415091696520,278331,Lawson Station Platform 1,-33.719067,150.429858,278310
7110827612088687853,278332,Lawson Station Platform 2,-33.719119,150.42989,278310
154024158612796481,214110,Lidcombe Station,-33.8638893463,151.045389501,
3687435592522817353,2141316,Lidcombe Station Platform 0,-33.864169,151.046855,214110
-8381759690622684572,2141311,Lidcombe Station Platform 1,-33.863602,151.045066,214110
-2514855566074434979,2141312,Lidcombe Station Platform 2,-33.863678,151.044974,214110
-8700746789897578729,2141313,Lidcombe Station Platform 3,-33.863742,151.044951,214110
-4369275958119240400,2141314,Lidcombe Station Platform 4,-33.863838,151.044898,214110
-6628296758623141852,2141315,Lidcombe Station Platform 5,-33.863886,151.044872,214110
-7542823988012302447,207010,Lindfield Station,-33.7751854637,151.16911057,
9127642123165832803,2070141,Lindfield Station Platform 1,-33.775391,151.169294,207010
4565490007215664197,2070142,Lindfield Station Platform 2,-33.775432,151.169184,207010
2300098939432968099,2070143,Lindfield Station Platform 3,-33.775455,151.169119,207010
-1657959413975576803,217933,Leppington Station,-33.9544,150.8081,
890494631275199214,217934,Leppington Station Platform 1,-33.954334,150.808237,217933
8265713714560738647,217935,Leppington Station Platform 2,-33.954407,150.808214,217933
-8853399511604109017,217936,Leppington Station Platform 3,-33.954506,150.808197,217933
4458179205450710602,217937,Leppington Station Platform 4,-33.954581,150.808169,217933
6930837690926139808,27051,Leeton Station,-34.5543280018,146.397658997,
-7789760430239406048,27054,Leeton Station Platform 1,-34.554525,146.397744,27051
4105552854126594342,204920,Lewisham Station,-33.8932785316,151.147272514,
-7119851964929319940,204981,Lewisham Station Platform 1,-33.893278,151.147459,204920
-6374804986212534679,204982,Lewisham Station Platform 2,-33.893363,151.147393,204920
7321209457694649541,223220,Loftus Station,-34.0451383359,151.051320009,
3731880902321079604,2232281,Loftus Station Platform 1,-34.045169,151.051227,223220
6234760950908674113,2232282,Loftus Station Platform 2,-34.045204,151.051366,223220
1454568164007438852,277820,Linden Station,-33.7150023114,150.505264058,
6816452819799660218,277871,Linden Station Platform 1,-33.714895,150.505333,277820
7880124208405357719,277872,Linden Station Platform 2,-33.714955,150.505325,277820
-3801582102818338904,217020,Liverpool Station,-33.9251096928,150.927054186,
-6774827531312057536,2170821,Liverpool Station Platform 1,-33.924742,150.927285,217020
1195745692043831597,2170822,Liverpool Station Platform 2,-33.924789,150.927394,217020
-6827809139199133824,2170823,Liverpool Station Platform 3,-33.924805,150.927424,217020
-7055428573271396896,2170824,Liverpool Station Platform 4,-33.9253480922,150.9273084725,217020
-8690923581636941143,232110,Lochinvar Station,-32.7207200449,151.449086505,
-3642806684630251375,2321161,Lochinvar Station Platform 1,-32.720457,151.450273,232110
-3130198934505372337,2321162,Lochinvar Station Platform 2,-32.72054,151.450293,232110
-8872634246178737129,278010,Leura Station,-33.7117218479,150.33027039,
4360033609307305209,2780211,Leura Station Platform 1,-33.712015,150.330838,278010
-4225341880319433815,2780212,Leura Station Platform 2,-33.712055,150.330821,278010
6191767199396543957,225070,Lisarow Station,-33.3823109858,151.369817112,
7417687110002263833,2250801,Lisarow Station Platform 1,-33.382202,151.370095,225070
7571014054794640443,2250802,Lisarow Station Platform 2,-33.382127,151.370026,225070
7516764230195348150,250510,Lysaghts Station,-34.4548431655,150.876094365,
-3254223532483998185,2500381,Lysaghts Station Platform 1,-34.454832,150.87604,250510
-380561669406276413,250592,Lysaghts Station Platform 2,-34.454465,150.876101,250510
-5961771443466551236,279010,Lithgow Station,-33.4805009929,150.15744944,
8023248640105951691,2790141,Lithgow Station Platform 1,-33.480557,150.157048,279010
7492056347016962348,2790142,Lithgow Station Platform 2,-33.480618,150.157068,279010
-4460832342598078311,216310,Leightonfield Station,-33.8815017005,150.98496709,
-6717574529080752692,2163201,Leightonfield Station Platform 1,-33.881483,150.985185,216310
-2396393674044998531,2163202,Leightonfield Station Platform 2,-33.881541,150.984889,216310
-8320567220065388891,256010,Leumeah Station,-34.0511704958,150.830050748,
-8978612123944289664,2560701,Leumeah Station Platform 1,-34.050713,150.830501,256010
7175806582231014910,2560702,Leumeah Station Platform 2,-34.050798,150.830551,256010
-5626842724099175731,257940,Marulan Station,-34.7095006229,150.006419158,
4582794292189827256,257981,Marulan Station Platform 1,-34.709454,150.006481,257940
-6636186148505703395,257982,Marulan Station Platform 2,-34.70958,150.005945,257940
-9144529360863809693,256030,Macarthur Station,-34.0720733184,150.796737103,
-8676524930632608389,2560711,Macarthur Station Platform 1,-34.0719,150.797095,256030
-3226494801219101891,2560712,Macarthur Station Platform 2,-34.071958,150.797114,256030
-7889193868046082307,2560713,Macarthur Station Platform 3,-34.072053,150.79714,256030
-3643374857706673385,202010,Mascot Station,-33.9231879691,151.187253059,
-1499590784136314024,2020111,Mascot Station Platform 1,-33.923179,151.187218,202010
4639511265039178607,2020112,Mascot Station Platform 2,-33.923189,151.187338,202010
-6077277093008673367,201520,Macdonaldtown Station,-33.8966600168,151.186291644,
7261874335996164665,2015121,Macdonaldtown Station Platform 1,-33.896907,151.185808,201520
-964187764130561313,2015122,Macdonaldtown Station Platform 2,-33.896942,151.185822,201520
-6112369054741799251,211430,Meadowbank Station,-33.8162381451,151.090060862,
7187578140246689664,2114181,Meadowbank Station Platform 1,-33.8159,151.090168,211430
6293317781789769049,2114182,Meadowbank Station Platform 2,-33.815884,151.090052,211430
7247844245517430224,23381,Murrurundi Station,-31.7684290036,150.839451002,
-8381449467119448339,23383,Murrurundi Station Platform 1,-31.768363,150.839227,23381
1217404533813834959,232050,Mindaribba Station,-32.6693231166,151.58431371,
8667405189412143961,2320321,Mindaribba Station Platform 1,-32.668328,151.584473,232050
3146013158799034808,277010,Mount Druitt Station,-33.7695423347,150.819798807,
6952433621366055465,2770591,Mount Druitt Station Platform 1,-33.769411,150.819488,277010
2515517495899219131,2770592,Mount Druitt Station Platform 2,-33.769447,150.819483,277010
4741435282848274995,2770593,Mount Druitt Station Platform 3,-33.769542,150.81944,277010
-8733849968579603942,2770594,Mount Druitt Station Platform 4,-33.769576,150.819433,277010
2045276183323850681,278030,Medlow Bath Station,-33.6738761213,150.280785924,
5345262405563176800,2780221,Medlow Bath Station Platform 1,-33.673691,150.280752,278030
-6474882195969192492,2780222,Medlow Bath Station Platform 2,-33.673713,150.280682,278030
-4377068906694505584,232310,Metford Station,-32.7648757508,151.617868176,
6750731614305440797,2323321,Metford Station Platform 1,-32.765075,151.618129,232310
3452971004390482837,2323322,Metford Station Platform 2,-32.765101,151.618098,232310
-7296147144380512767,256810,Menangle Station,-34.125201371,150.744430658,
5788819631626559008,256851,Menangle Station Platform 1,-34.125177,150.744373,256810
4267512304945807725,256852,Menangle Station Platform 2,-34.125488,150.744356,256810
-6045314189258471499,256310,Menangle Park Station,-34.1037011996,150.74495576,
1456625920974291030,256321,Menangle Park Station Platform 1,-34.103669,150.744906,256310
8480872264950089100,256322,Menangle Park Station Platform 2,-34.103615,150.745019,256310
5503352475196352505,256610,Minto Station,-34.027149716,150.842596731,
-1067011201369590144,2566241,Minto Station Platform 1,-34.027351,150.842467,256610
-3539589827991659819,2566242,Minto Station Platform 2,-34.027371,150.842589,256610
7110628404997027092,279821,Millthorpe Station,-33.448714,149.182802,
-584104271808441014,279822,Millthorpe Station Platform 1,-33.448714,149.182802,279821
6110645943201872027,257510,Mittagong Station,-34.4527063834,150.447689915,
-7320923453953822610,2575131,Mittagong Station Platform 1,-34.452533,150.448303,257510
-6253830889052471909,2575132,Mittagong Station Platform 2,-34.452603,150.448323,257510
2356719325836774180,208010,Mount Kuring-gai Station,-33.6530016406,151.136822325,
-8431182368565123632,208041,Mount Kuring-gai Station Platform 1,-33.653478,151.136892,208010
2739414512256273415,208042,Mount Kuring-gai Station Platform 2,-33.653477,151.136818,208010
-1837874624811862624,24471,Macksville Station,-30.7092830035,152.913134997,
8054730317046764538,244738,Macksville Station Platform 1,-30.709479,152.913163,24471
5509448120415097873,220410,Marrickville Station,-33.9140903716,151.154032786,
5020832581383897013,2204121,Marrickville Station Platform 1,-33.913836,151.153415,220410
3452492950981797653,2204122,Marrickville Station Platform 2,-33.913931,151.153359,220410
-6305627161152836561,232020,Maitland Station,-32.7380354255,151.552099901,
2780460114188070226,2320311,Maitland Station Platform 1,-32.73789,151.552126,232020
3909981882789740269,2320312,Maitland Station Platform 2,-32.737919,151.551943,232020
-1562999035279106482,2320313,Maitland Station Platform 3,-32.737969,151.551899,232020
-5657496248249687509,2320314,Maitland Station Platform 4,-32.738046,151.551819,232020
2023761127204997748,2320315,Maitland Station Platform 5,-32.738072,151.551801,232020
-3098520217174681077,28791,Menindee Station,-32.3893447449,142.424696985,
-1344286466915432194,28793,Menindee Station Platform 1,-32.389331,142.424591,28791
-1864817722191224672,200030,Martin Place Station,-33.8678709087,151.211591161,
-6319264484958793723,2000361,Martin Place Station Platform 1,-33.867922,151.211808,200030
-2840977376138885669,2000362,Martin Place Station Platform 2,-33.867804,151.211825,200030
-1911591345611783040,206110,Milsons Point Station,-33.8458927727,151.21182505,
-6475982795972593312,206141,Milsons Point Station Platform 1,-33.845538,151.21172,206110
-2180087523068539759,206142,Milsons Point Station Platform 2,-33.845552,151.211659,206110
4058950832013562035,256410,Macquarie Fields Station,-33.9848071864,150.878896493,
7775925523574179584,2564141,Macquarie Fields Station Platform 1,-33.984839,150.878781,256410
356695027353011012,2564142,Macquarie Fields Station Platform 2,-33.98479,150.878987,256410
-2740522829648669675,222810,Miranda Station,-34.0363547774,151.102853527,
-561815580414401108,2228131,Miranda Station Platform 1,-34.03632,151.102178,222810
297624820277252912,2228132,Miranda Station Platform 2,-34.036227,151.10219,222810
3753017366161811272,24001,Moree Station,-29.4738489993,149.848164,
657495889456067052,240024,Moree Station Platform 1,-29.473375,149.8482,24001
244800337271101739,242050,Martins Creek Station,-32.5586869503,151.618508993,
830213263347116363,242081,Martins Creek Station Platform 1,-32.558634,151.618524,242050
-7600181956456623661,222310,Mortdale Station,-33.9705866718,151.081288092,
-7309827273581882508,2223291,Mortdale Station Platform 1,-33.970969,151.081005,222310
-527062628457462638,2223292,Mortdale Station Platform 2,-33.970996,151.081078,222310
9074708287997151527,200040,Museum Station,-33.8756998483,151.21010638,
-8124887518194804311,2000371,Museum Station Platform 1,-33.87616,151.209804,200040
584626096268046487,2000372,Museum Station Platform 2,-33.876164,151.209986,200040
-8594838932621967978,226410,Morisset Station,-33.109246289,151.487733869,
-576863512574985064,2264201,Morisset Station Platform 1,-33.109026,151.488128,226410
-6149382851983002653,2264202,Morisset Station Platform 2,-33.109067,151.487847,226410
-4389069805891812666,207910,Mount Colah Station,-33.6720220528,151.114492606,
-977305394673960002,2079101,Mount Colah Station Platform 1,-33.671443,151.115002,207910
1736600095109418446,2079102,Mount Colah Station Platform 2,-33.671405,151.114943,207910
-4860557296807290719,278610,Mount Victoria Station,-33.5881115955,150.256973411,
5795784222285602736,278651,Mount Victoria Station Platform 1,-33.588098,150.256976,278610
1639139568355450626,278652,Mount Victoria Station Platform 2,-33.588139,150.256862,278610
1634053841777218050,275610,Mulgrave Station,-33.6266836695,150.830637019,
6123759492926742382,2756441,Mulgrave Station Platform 1,-33.626519,150.830144,275610
-4522369044190200017,2756442,Mulgrave Station Platform 2,-33.626589,150.830123,275610
6599338685122707410,253310,Minnamurra Station,-34.625699757,150.85225749,
-3709647459970693127,2533221,Minnamurra Station Platform 1,-34.626158,150.852664,253310
7715510248554423165,233310,Muswellbrook Station,-32.2674926061,150.890320213,
7952582555958403744,233321,Muswellbrook Station Platform 1,-32.267498,150.89041,233310
4624793129925514571,257710,Moss Vale Station,-34.5479597683,150.371989716,
1596093462769749328,2577201,Moss Vale Station Platform 1,-34.547856,150.371605,257710
5594090472067316080,2577202,Moss Vale Station Platform 2,-34.548079,150.371932,257710
-5588032456558956313,214820,Marayong Station,-33.7464511113,150.900199145,
3049257458088550411,2148541,Marayong Station Platform 1,-33.746208,150.900213,214820
-4415371273764806397,2148542,Marayong Station Platform 2,-33.746209,150.900154,214820
1831742499186212111,216010,Merrylands Station,-33.8363501978,150.992863256,
-4960490454718708789,2160261,Merrylands Station Platform 1,-33.836545,150.992598,216010
-8544276869249746145,2160262,Merrylands Station Platform 2,-33.83661,150.992663,216010
-3754465752374835560,24481,Nambucca Heads Station,-30.6291286966,152.977471673,
608974098622889897,244835,Nambucca Heads Station Platform 1,-30.629011,152.977562,24481
7782049114725732102,23901,Narrabri Station,-30.3253219989,149.79202,
-7476182391990002832,239029,Narrabri Station Platform 1,-30.325172,149.792051,23901
8702540573971854265,27001,Narrandera Station,-34.7405159569,146.556998503,
-929272467295656833,27003,Narrandera Station Platform 1,-34.740605,146.557204,27001
8459409183885301845,225060,Niagara Park Station,-33.3833313105,151.35428206,
-3558309048562273742,2250821,Niagara Park Station Platform 1,-33.383175,151.3545,225060
-2921896602186022664,2250822,Niagara Park Station Platform 2,-33.383137,151.354456,225060
-2874946316447430535,207620,Normanhurst Station,-33.7207527376,151.097240548,
-3821882046814432517,2076231,Normanhurst Station Platform 1,-33.720754,151.097221,207620
-6817342502955226366,2076232,Normanhurst Station Platform 2,-33.720672,151.097151,207620
1648752918941024517,254110,Bomaderry (Nowra) Station,-34.85377666,150.609808799,
3765225681449563605,2541191,Bomaderry (Nowra) Station Platform 1,-34.853737,150.60991,254110
-6176216222881560100,2250772,Narara Station,-33.3947857813,151.344307906,
-7869306847512253556,2250811,Narara Station Platform 1,-33.394719,151.344477,2250772
2882994503520754983,2250812,Narara Station Platform 2,-33.394648,151.344402,2250772
4481529858865620182,220920,Narwee Station,-33.9475181426,151.069748212,
-8119129655364501779,2209151,Narwee Station Platform 1,-33.947612,151.070464,220920
-8282519301084777906,2209152,Narwee Station Platform 2,-33.947657,151.070438,220920
6245606110040694596,213710,North Strathfield Station,-33.8586880092,151.087986143,
1167482730168436994,2137171,North Strathfield Station Platform 1,-33.859063,151.088194,213710
6712238427155524772,2137172,North Strathfield Station Platform 2,-33.859082,151.088115,213710
9157037134683697328,2137173,North Strathfield Station Platform 3,-33.859116,151.08799,213710
4380572809735636588,206010,North Sydney Station,-33.8412085291,151.207410164,
4307401460270953512,2060101,North Sydney Station Platform 1,-33.841171,151.207521,206010
8446654175270410506,2060102,North Sydney Station Platform 2,-33.841215,151.207515,206010
7770777499069084181,2060103,North Sydney Station Platform 3,-33.841201,151.207052,206010
5011251645022536307,2060104,North Sydney Station Platform 4,-33.841241,151.207043,206010
6682381798199677722,204210,Newtown Station,-33.8978830072,151.179924712,
7906477756664692617,204261,Newtown Station Platform 1,-33.897899,151.179853,204210
-6392983821529205911,204262,Newtown Station Platform 2,-33.897949,151.179851,204210
-2353219844153979797,250010,North Wollongong Station,-34.4125932568,150.891349169,
-5401375761184209237,2500391,North Wollongong Station Platform 1,-34.412358,150.891328,250010
5235941531362629401,2500392,North Wollongong Station Platform 2,-34.412375,150.891441,250010
5924417044461006646,229310,Newcastle Interchange Station,-32.924037,151.759079,
-1808477083268811256,229351,Newcastle Interchange Station Platform 1,-32.924059,151.758956,229310
5391668411992063355,229352,Newcastle Interchange Station Platform 2,-32.923959,151.759016,229310
6584838841058652888,229354,Newcastle Interchange Station Platform 3,-32.923937,151.759029,229310
8526694899102160597,252920,Oak Flats Station,-34.572230751,150.82090794,
-7315400607259613426,2529201,Oak Flats Station Platform 1,-34.571987,150.820357,252920
2264199477801322923,222320,Oatley Station,-33.9808451569,151.078965101,
-2897867139078942438,2223301,Oatley Station Platform 1,-33.980408,151.078988,222320
2486720923796449727,2223302,Oatley Station Platform 2,-33.980403,151.079049,222320
1627612367446222796,212710,Olympic Park Station,-33.8465201324,151.069547249,
4293098971405897316,2127102,Olympic Park Station Platform 2,-33.846625,151.069154,212710
-3964177008133029664,2127103,Olympic Park Station Platform 3,-33.846682,151.069183,212710
4703657116037216071,28001,Orange Station,-33.2869916681,149.103703109,
-8647237962631152198,280092,Orange Station Platform 1,-33.286757,149.103702,28001
3426461053438587483,250830,Otford Station,-34.2102000425,151.006003921,
5115607110647749513,2508171,Otford Station Platform 1,-34.210693,151.005712,250830
3494105156940744729,2508172,Otford Station Platform 2,-34.210622,151.005979,250830
-7684277534882233054,225810,Ourimbah Station,-33.3596035261,151.369989223,
3130055419211912873,2258111,Ourimbah Station Platform 1,-33.359685,151.370037,225810
-8802747951913464798,2258112,Ourimbah Station Platform 2,-33.359472,151.369865,225810
-8969074973315772888,221110,Padstow Station,-33.9518920189,151.032557154,
-1472947109262562106,2211141,Padstow Station Platform 1,-33.951878,151.032401,221110
-3176105750812332413,2211142,Padstow Station Platform 2,-33.95193,151.032397,221110
5075694805318137020,221310,Panania Station,-33.9543111213,150.997826061,
5352561739320346629,2213151,Panania Station Platform 1,-33.954268,150.998077,221310
5003743779191999768,2213152,Panania Station Platform 2,-33.954319,150.998087,221310
-8346764451684819359,225030,Point Clare Station,-33.4457700795,151.328555962,
8584642195855279907,2250831,Point Clare Station Platform 1,-33.446239,151.328467,225030
-5713020700918079249,2250832,Point Clare Station Platform 2,-33.44619,151.32837,225030
8033084969996115918,60041,Perth Station,-31.943111,115.876925,
-8164774077905082547,60042,Perth Station Platform 1,-31.943468,115.877116,60041
-2615071683165108876,214530,Pendle Hill Station,-33.8013478991,150.956342684,
4504583558386924408,2145641,Pendle Hill Station Platform 1,-33.80144,150.956585,214530
-843645682622872341,2145642,Pendle Hill Station Platform 2,-33.801499,150.956526,214530
-5736126275312970684,2145643,Pendle Hill Station Platform 3,-33.801566,150.956452,214530
-8412866568763436982,2145644,Pendle Hill Station Platform 4,-33.801621,150.956387,214530
1450855754378391070,275010,Penrith Station,-33.7500552895,150.696134761,
-4662342852169107525,2750511,Penrith Station Platform 1,-33.749959,150.696191,275010
-9024629707393703762,2750512,Penrith Station Platform 2,-33.750035,150.696166,275010
1714098398433544815,2750513,Penrith Station Platform 3,-33.750143,150.696123,275010
-4792878843961455769,204910,Petersham Station,-33.8938593952,151.155156228,
-156694978650852042,204991,Petersham Station Platform 1,-33.893874,151.155342,204910
-1846913295896223555,204992,Petersham Station Platform 2,-33.893959,151.155345,204910
2998522770469210889,257110,Picton Station,-34.1791465735,150.61260155,
5055640741400472618,2571161,Picton Station Platform 1,-34.179098,150.612586,257110
6282046429495235662,2571162,Picton Station Platform 2,-34.179288,150.612584,257110
2033293670249509579,250540,Port Kembla Station,-34.47724493,150.901922312,
3330155286583946050,2505111,Port Kembla Station Platform 1,-34.477167,150.902631,250540
4430912537031669086,250530,Port Kembla North Station,-34.4727666662,150.8880483,
-7611863689835171865,2505101,Port Kembla North Station Platform 1,-34.472704,150.887434,250530
-9111517380544218526,28701,Parkes Station,-33.1421322646,148.173184811,
-7646278913366500706,287054,Parkes Station Platform 1,-33.142176,148.173047,28701
1999761057733749365,222210,Penshurst Station,-33.9661295363,151.089386527,
-6365579239099342340,2222131,Penshurst Station Platform 1,-33.966151,151.088938,222210
-9006256556337552063,2222132,Penshurst Station Platform 2,-33.966218,151.08895,222210
7039630634476717467,212020,Pennant Hills Station,-33.7379386253,151.072529669,
4889555416201875715,2120201,Pennant Hills Station Platform 1,-33.737851,151.072666,212020
-1159576259008233442,2120202,Pennant Hills Station Platform 2,-33.737694,151.072663,212020
2134178247851321672,212042,Pennant Hills Station Platform 3,-33.737782,151.072484,212020
-5445804771925425979,257920,Penrose Station,-34.6725510659,150.211755491,
-7566209874613487258,257991,Penrose Station Platform 1,-34.67236,150.211915,257920
6024365930712670808,257992,Penrose Station Platform 2,-34.672421,150.211993,257920
6098169674213526336,215020,Parramatta Station,-33.8175792613,151.005535136,
-5510222690186109640,2150411,Parramatta Station Platform 1,-33.817302,151.005304,215020
1446632565895093766,2150412,Parramatta Station Platform 2,-33.8174,151.00525,215020
7361061893891384773,2150413,Parramatta Station Platform 3,-33.817463,151.005207,215020
7614089416933542476,2150414,Parramatta Station Platform 4,-33.817551,151.005129,215020
7561693944174268262,242110,Paterson Station,-32.602400935,151.614637189,
-51335104661801392,242141,Paterson Station Platform 1,-32.602321,151.614731,242110
-7993727418393504267,219610,Punchbowl Station,-33.9253775169,151.055866993,
3538440086001365087,2196291,Punchbowl Station Platform 1,-33.925382,151.05565,219610
-8315052402034133990,2196292,Punchbowl Station Platform 2,-33.925449,151.05565,219610
2822985676638649539,207310,Pymble Station,-33.7447288843,151.142137963,
-2661336592951695888,2073161,Pymble Station Platform 1,-33.744701,151.142144,207310
8463204548138423096,2073162,Pymble Station Platform 2,-33.744763,151.142119,207310
-7361473481395058439,23431,Quirindi Station,-31.5053990012,150.681097996,
2759201544174457390,234313,Quirindi Station Platform 1,-31.505489,150.681033,23431
3988423082297454145,276310,Quakers Hill Station,-33.728024833,150.886724975,
-6737094093781872594,2763171,Quakers Hill Station Platform 1,-33.727705,150.886489,276310
-7727426948540168293,2763172,Quakers Hill Station Platform 2,-33.727735,150.886437,276310
1023457488990580584,26201,Queanbeyan Station,-35.3428901949,149.227651349,
6795925403477211629,262030,Queanbeyan Station Platform 1,-35.34288,149.2278,26201
7981702324446209467,2795999,Raglan Bus,-33.422262,149.64726,
7905465354140217115,279536,Raglan Bus 1,-33.422262,149.64726,2795999
-2173843340063083480,279535,Raglan Bus 2,-33.422388,149.647266,2795999
5414192719990086356,201510,Redfern Station,-33.8923698959,151.198484708,
3517710065677633281,2015131,Redfern Station Platform 1,-33.891774,151.198349,201510
4759039001359939455,2015132,Redfern Station Platform 2,-33.891854,151.19843,201510
4683999382729454313,2015133,Redfern Station Platform 3,-33.89188,151.198452,201510
-8042109189266427146,2015134,Redfern Station Platform 4,-33.891922,151.198559,201510
-5009032479495747979,2015135,Redfern Station Platform 5,-33.891954,151.198592,201510
4112228711348460975,2015136,Redfern Station Platform 6,-33.891972,151.198746,201510
24664945889022384,2015137,Redfern Station Platform 7,-33.892003,151.198772,201510
-7358212603544478442,2015138,Redfern Station Platform 8,-33.892065,151.198885,201510
-1213165574211837318,2015139,Redfern Station Platform 9,-33.892099,151.198923,201510
9069200664600477706,2015140,Redfern Station Platform 10,-33.892152,151.199035,201510
3049108295002465205,2015141,Redfern Station Platform 11,-33.8924,151.199233,201510
4549896384088506662,2015142,Redfern Station Platform 12,-33.892419,151.199284,201510
4163668560986998522,2790128,Rydal Station,-33.4835650033,150.031811997,
1863115150934855219,2790154,Rydal Station Platform 1,-33.483946,150.031767,2790128
-8544181410259159219,213820,Rhodes Station,-33.8305303567,151.08703226,
-7610831748566492844,213891,Rhodes Station Platform 1,-33.830822,151.087144,213820
4232244489046419403,213892,Rhodes Station Platform 2,-33.830803,151.08699,213820
6932630945765859668,213893,Rhodes Station Platform 3,-33.830778,151.086938,213820
-8996328338213573968,275320,Richmond Station,-33.5991116405,150.753211003,
6016041538996404949,2753671,Richmond Station Platform 1,-33.598855,150.752775,275320
-6462552768801244686,2753672,Richmond Station Platform 2,-33.598894,150.75254,275320
6991519681858547778,276510,Riverstone Station,-33.6790433699,150.860267864,
3650749759417300563,2765291,Riverstone Station Platform 1,-33.679091,150.860337,276510
-6187634482440254843,2765292,Riverstone Station Platform 2,-33.679403,150.860403,276510
-6647877471066355027,221620,Rockdale Station,-33.9518802725,151.136861613,
-827033133982642362,2216172,Rockdale Station Platform 2,-33.952068,151.136653,221620
-2745759758435915372,2216173,Rockdale Station Platform 3,-33.952104,151.136745,221620
2110738146112551362,2216174,Rockdale Station Platform 4,-33.952145,151.136849,221620
-3921659768394918962,2216175,Rockdale Station Platform 5,-33.952173,151.136957,221620
-8021503345894232936,600037,Brisbane (Roma St) Station Platform 2,-27.465776,153.019475,40001
8531662933766880355,214310,Regents Park Station,-33.8829888939,151.024187469,
-2826127880639226279,214391,Regents Park Station Platform 1,-33.883057,151.024081,214310
-6796149870363565835,214392,Regents Park Station Platform 2,-33.883086,151.024149,214310
-621610130561067697,206910,Roseville Station,-33.7842202564,151.177265981,
-1584445096477889585,2069131,Roseville Station Platform 1,-33.784323,151.177534,206910
-4719705806519373114,2069132,Roseville Station Platform 2,-33.784371,151.177494,206910
-6196803097630935779,2577146,Robertson Bus,-34.589305,150.597767,
-1092866194996773838,2577143,Robertson Bus 1,-34.589443,150.597539,2577146
6312155076893508975,276610,Rooty Hill Station,-33.7715117275,150.845018733,
8926528296280516372,2766141,Rooty Hill Station Platform 1,-33.771543,150.84459,276610
5605564008794976373,2766142,Rooty Hill Station Platform 2,-33.771607,150.844617,276610
-2386509701116192119,2766143,Rooty Hill Station Platform 3,-33.771656,150.844793,276610
-1282387075119142495,2766144,Rooty Hill Station Platform 4,-33.771705,150.844823,276610
-6819969396730981971,221210,Revesby Station,-33.9524600343,151.014838369,
-2397194387778863923,2212161,Revesby Station Platform 1,-33.952418,151.015083,221210
-4870470968172307795,2212162,Revesby Station Platform 2,-33.952482,151.015084,221210
8433499099999165160,2212163,Revesby Station Platform 3,-33.952574,151.015078,221210
4975443218545068791,2212164,Revesby Station Platform 4,-33.952492,151.014557,221210
1982067522785176487,221010,Riverwood Station,-33.9515354072,151.052035296,
-5925274722480050083,2210321,Riverwood Station Platform 1,-33.951456,151.052218,221010
-5255448556643546020,2210322,Riverwood Station Platform 2,-33.951508,151.052243,221010
-2025137737560701242,230430,Sandgate Station,-32.8718965217,151.702604736,
6430327136379784790,2304291,Sandgate Station Platform 1,-32.872321,151.702854,230430
8248436644127730123,2304292,Sandgate Station Platform 2,-32.872364,151.702766,230430
-7015706174881339308,2577209,Ranelagh House Bus,-34.5909,150.6106,
-2696550538466179609,2577901,Ranelagh House Station Platform 1,-34.590923,150.610559,2577209
3818367813071404433,233710,Scone Station,-32.0469408939,150.866902291,
-2187787969390147183,233731,Scone Station Platform 1,-32.046766,150.866958,233710
-4840013212237976333,276220,Schofields Station,-33.704452,150.874138,
7316163471860210383,2762121,Schofields Station Platform 1,-33.704668,150.87394,276220
-5016389798023391157,2762122,Schofields Station Platform 2,-33.704688,150.873866,276220
3872522175255512581,251510,Scarborough Station,-34.2649865514,150.965790871,
2715811946893387125,2515131,Scarborough Station Platform 1,-34.265373,150.965438,251510
-3136251228103413272,2515132,Scarborough Station Platform 2,-34.26542,150.965551,251510
-6983979440588063716,2000321,Central Station Platform 1,-33.882701,151.205857,200060
-1842839152224837919,2000322,Central Station Platform 2,-33.882751,151.20601,200060
3125385761023321334,2000323,Central Station Platform 3,-33.882771,151.206062,200060
-2771100076130190385,2000324,Central Station Platform 4,-33.883321,151.205831,200060
-3406682097067171240,2000325,Central Station Platform 5,-33.883347,151.205875,200060
-1179123144834419479,2000326,Central Station Platform 6,-33.883414,151.206006,200060
610129093749931789,2000327,Central Station Platform 7,-33.883445,151.206061,200060
7492905660078349455,2000328,Central Station Platform 8,-33.883515,151.206182,200060
2452573464316960471,2000329,Central Station Platform 9,-33.883553,151.206242,200060
-2090049041071879965,2000330,Central Station Platform 10,-33.883619,151.206374,200060
-6003277615342232906,2000331,Central Station Platform 11,-33.883651,151.206432,200060
1355625358283591646,2000332,Central Station Platform 12,-33.883716,151.206529,200060
-8441636960785518707,2000333,Central Station Platform 13,-33.883756,151.206606,200060
-8224173642638510748,2000334,Central Station Platform 14,-33.883811,151.206699,200060
5633470220057961867,2000335,Central Station Platform 15,-33.883834,151.20678,200060
6047301087210863501,202020,Domestic Airport Station,-33.9336596293,151.180785679,
8534557404726925046,202091,Domestic Station Platform 1,-33.933579,151.180776,202020
-8357315388285381566,202092,Domestic Station Platform 2,-33.933684,151.180747,202020
-8823724867322256947,V17191,Seymour Station,-37.024361,145.138515,
1048280793838685142,17191P1,Seymour Station Platform 1,-37.024361,145.138515,V17191
805807189136990001,216210,Sefton Station,-33.8852361649,151.011283338,
2374713592323779505,2162201,Sefton Station Platform 1,-33.88523,151.011559,216210
8924225569475815367,2162202,Sefton Station Platform 2,-33.885295,151.011547,216210
1543124335377588538,233010,Singleton Station,-32.5717704718,151.165170745,
199294667625171021,2330181,Singleton Station Platform 1,-32.572042,151.165617,233010
1365854289061504375,2529218,Shellharbour Junction Station,-34.5912,150.8448,
8816989222311026794,2529219,Shellharbour Junction Station Platform 1,-34.591361,150.844828,2529218
1277584948389827009,2529220,Shellharbour Junction Station Platform 2,-34.591331,150.844697,2529218
6636075540105454163,252910,Dunmore Station,-34.6059132924,150.840140256,
6697400214575868801,2529191,Dunmore Station Platform 1,-34.606378,150.839907,252910
-8699983723846010918,2529192,Dunmore Station Platform 2,-34.606071,150.840108,252910
1555922389333859569,V22180,Southern Cross Station,-37.817614,144.95295,
-7544388259149659356,22180P1,Southern Cross Station Platform 1,-37.817614,144.95295,V22180
-3922966625026316177,22180P2,Southern Cross Station Platform 2,-37.818311,144.95344,V22180
1592154052003300946,202030,International Airport Station,-33.9349882286,151.165891276,
-8371165257693926976,2020101,International Station Platform 1,-33.934925,151.165848,202030
1666037865923945304,2020102,International Station Platform 2,-33.935011,151.165803,202030
8690401584792643248,213010,Summer Hill Station,-33.8905607663,151.139445147,
1159342903683173185,213051,Summer Hill Station Platform 1,-33.890345,151.138972,213010
-6137255467853619237,213052,Summer Hill Station Platform 2,-33.890377,151.138954,213010
7361089617991580557,213053,Summer Hill Station Platform 3,-33.890474,151.138905,213010
-9173161721924552411,204810,Stanmore Station,-33.8945488499,151.164009338,
713863589649875790,204831,Stanmore Station Platform 1,-33.894449,151.164038,204810
3868211231074592085,204832,Stanmore Station Platform 2,-33.89453,151.164053,204810
4035007733745118008,204833,Stanmore Station Platform 3,-33.89464,151.164044,204810
-941346149137559570,24601,Grafton Station,-29.7039050005,152.941691996,
-9155555090668096282,2460143,Grafton Station Platform 1,-29.703505,152.941765,24601
-2742977344940175489,277720,Springwood Station,-33.698841604,150.563979903,
-3857791824620312838,2777191,Springwood Station Platform 1,-33.698974,150.563696,277720
-6433623161466783565,2777192,Springwood Station Platform 2,-33.699023,150.563773,277720
8521219265486739119,223210,Sutherland Station,-34.0317869151,151.05719008,
3612356486350744060,2232291,Sutherland Station Platform 1,-34.03166,151.057178,223210
-7252741680206314177,2232292,Sutherland Station Platform 2,-34.031694,151.057285,223210
-7764139941610294159,2232293,Sutherland Station Platform 3,-34.031731,151.057365,223210
1457029473778908232,200050,St James Station,-33.8706974192,151.211837375,
-58550018904788370,2000381,St James Station Platform 1,-33.870669,151.21173,200050
-813670490778064419,2000382,St James Station Platform 2,-33.870686,151.211939,200050
9054384831357195823,206520,St Leonards Station,-33.8223888849,151.194126811,
-4248716776482060069,2065152,St Leonards Station Platform 2,-33.821982,151.194193,206520
-1484803317195334805,2065153,St Leonards Station Platform 3,-33.821995,151.194025,206520
531877857061134811,276010,St Marys Station,-33.7622558528,150.77602901,
-904133297077372003,2760301,St Marys Station Platform 1,-33.762049,150.775491,276010
-7175679468428617339,2760302,St Marys Station Platform 2,-33.762116,150.77548,276010
-8478073607319701465,2760303,St Marys Station Platform 3,-33.762217,150.775438,276010
-5255863135154699190,2760304,St Marys Station Platform 4,-33.762287,150.775417,276010
7300977701074123815,204410,St Peters Station,-33.9073952028,151.180267452,
2056702270518808124,204461,St Peters Station Platform 1,-33.907221,151.180489,204410
4998266981204066956,204462,St Peters Station Platform 2,-33.907297,151.180515,204410
-4369213425823937514,204463,St Peters Station Platform 3,-33.907389,151.180546,204410
-1446006824412315754,204464,St Peters Station Platform 4,-33.907484,151.180574,204410
-144106559200455018,213510,Strathfield Station,-33.8718104968,151.094427077,
-6459047070242316305,2135231,Strathfield Station Platform 1,-33.87131,151.094217,213510
-970864714992148263,2135232,Strathfield Station Platform 2,-33.871341,151.094158,213510
-5621762837069403900,2135233,Strathfield Station Platform 3,-33.871406,151.094071,213510
1546226603274301800,2135234,Strathfield Station Platform 4,-33.871446,151.094011,213510
-4373510304712658864,2135235,Strathfield Station Platform 5,-33.871532,151.093933,213510
1171768796122015062,2135236,Strathfield Station Platform 6,-33.871567,151.093874,213510
2077048829488502200,2135237,Strathfield Station Platform 7,-33.87163,151.09379,213510
-5002540093226759354,2135238,Strathfield Station Platform 8,-33.871663,151.093726,213510
-2596716124570179148,28201,Stuart Town Station,-32.8011920171,149.078320003,
-7857408281170879435,282024,Stuart Town Station Platform 1,-32.801493,149.078534,28201
-2069117191184770365,214710,Seven Hills Station,-33.774430434,150.936513359,
-4576123028587082005,2147421,Seven Hills Station Platform 1,-33.774225,150.935976,214710
8884545776803704984,2147422,Seven Hills Station Platform 2,-33.774286,150.935963,214710
-7018101371577718083,2147423,Seven Hills Station Platform 3,-33.774429,150.936312,214710
2332380944889390961,2147424,Seven Hills Station Platform 4,-33.774497,150.936292,214710
-7546954839176514331,250840,Stanwell Park Station,-34.2265864217,150.980938038,
540752672892374357,2508181,Stanwell Park Station Platform 1,-34.226364,150.981033,250840
3820482148989844021,2508182,Stanwell Park Station Platform 2,-34.226394,150.981142,250840
6380558092196717765,24521,Sawtell Station,-30.3594286324,153.09741934,
-1360443701500691573,245240,Sawtell Station Platform 1,-30.359391,153.097613,24521
-3356815656465816061,204420,Sydenham Station,-33.9143731989,151.166645609,
-6633084113229890227,204473,Sydenham Station Platform 3,-33.914163,151.166904,204420
1741549004991027864,204474,Sydenham Station Platform 4,-33.914228,151.167017,204420
8732215138225519887,204475,Sydenham Station Platform 5,-33.914278,151.167059,204420
-8878885375073503370,204476,Sydenham Station Platform 6,-33.914331,151.167159,204420
-2304616394879486237,257310,Tahmoor Station,-34.2236766672,150.589910563,
7827115796113910322,257361,Tahmoor Station Platform 1,-34.223381,150.590028,257310
7344101488936075901,257362,Tahmoor Station Platform 2,-34.223412,150.590135,257310
-7787421701000192462,257950,Tallong Station,-34.7183305951,150.086505741,
7551429215359027889,2579101,Tallong Station Platform 1,-34.718286,150.086355,257950
-781113972795812804,2579102,Tallong Station Platform 2,-34.718375,150.08635,257950
-6601171102735999772,234012,Tamworth Station,-31.0872620012,150.930847997,
1785851700682804609,2340108,Tamworth Station Platform 1,-31.08749,150.930858,234012
-5535678211817879661,27871,Tarana Station,-33.5241070016,149.907594003,
-1470474589738084465,27874,Tarana Station Platform 1,-33.52429,149.90838,27871
-6375743659924146490,225020,Tascott Station,-33.451356945,151.318056032,
-8572231973666337489,2250841,Tascott Station Platform 1,-33.450903,151.31872,225020
-3751741815189765275,2250842,Tascott Station Platform 2,-33.450905,151.318553,225020
-5960669122021816164,228420,Teralba Station,-32.9627124493,151.603457811,
-4442532456630702560,2284181,Teralba Station Platform 1,-32.962451,151.603693,228420
5364992397233623303,2284182,Teralba Station Platform 2,-32.962388,151.603643,228420
1316289860943132588,214610,Toongabbie Station,-33.7872629962,150.951437323,
3021749488204407522,2146111,Toongabbie Station Platform 1,-33.787298,150.951589,214610
-4470783349457683492,2146112,Toongabbie Station Platform 2,-33.787313,150.95151,214610
3376981953962713949,2146113,Toongabbie Station Platform 3,-33.787332,150.951381,214610
6281320006181619112,2146114,Toongabbie Station Platform 4,-33.787352,150.951312,214610
-6184877882236786380,258011,Tarago Station,-35.0699610036,149.651365,
-9169946670225620119,258089,Tarago Station Platform 1,-35.07,149.65133,258011
-4919878889759282335,251550,Thirroul Station,-34.3184243988,150.918652366,
2458994337497028199,2515141,Thirroul Station Platform 1,-34.318051,150.918831,251550
7883039023634258668,2515142,Thirroul Station Platform 2,-34.318072,150.918982,251550
915384552054178141,2515143,Thirroul Station Platform 3,-34.318094,150.919035,251550
5574398510978110223,200070,Town Hall Station,-33.8735963257,151.206899293,
8018300634964295518,2000391,Town Hall Station Platform 1,-33.87365,151.206994,200070
-8903371073604344195,2000392,Town Hall Station Platform 2,-33.873621,151.206931,200070
7536020881108338221,2000393,Town Hall Station Platform 3,-33.873674,151.206812,200070
7441593026655814830,2000394,Town Hall Station Platform 4,-33.873592,151.206999,200070
-5250691378248803399,2000395,Town Hall Station Platform 5,-33.873662,151.206874,200070
3352645372387689306,2000396,Town Hall Station Platform 6,-33.873653,151.2068,200070
4926072001528778881,257225,Thirlmere Bus,-34.203677,150.572495,
9123189406960596614,257214,Thirlmere Bus 1,-34.203896,150.572563,257225
4625523780644973395,212010,Thornleigh Station,-33.7318711955,151.078280974,
4602647102673749827,2120211,Thornleigh Station Platform 1,-33.731936,151.078347,212010
-4257824939545587053,2120212,Thornleigh Station Platform 2,-33.731891,151.07825,212010
1249086895157883493,2120213,Thornleigh Station Platform 3,-33.731829,151.078165,212010
2653174884428929256,232030,Telarah Station,-32.7239102569,151.539634763,
-3885203890984566043,2320331,Telarah Station Platform 1,-32.723431,151.539778,232030
-2374831574131413414,204430,Tempe Station,-33.9245047291,151.156507285,
424863301688237627,204481,Tempe Station Platform 1,-33.924048,151.156388,204430
-6021290050871581132,204482,Tempe Station Platform 2,-33.924115,151.156507,204430
-6279120888825074472,204483,Tempe Station Platform 3,-33.924129,151.156588,204430
-5408461935977997803,204484,Tempe Station Platform 4,-33.924146,151.156707,204430
1846813942463246572,232240,Thornton Station,-32.7835946374,151.639830835,
2283050637889127549,2322251,Thornton Station Platform 1,-32.783585,151.639918,232240
-1928247595373435980,2322252,Thornton Station Platform 2,-32.783662,151.639853,232240
-6469349172503454264,24301,Taree Station,-31.9064370002,152.456963005,
7080714280975614380,243067,Taree Station Platform 1,-31.906416,152.457304,24301
7570001312208939204,26551,The Rock Station,-35.2717640037,147.118301003,
1660767294129399999,26553,The Rock Station Platform 1,-35.271749,147.118541,26551
-4698702935427385286,220530,Turrella Station,-33.9299529576,151.139909016,
6792093193056792515,2205101,Turrella Station Platform 1,-33.929833,151.140164,220530
8924376272145436824,2205102,Turrella Station Platform 2,-33.929873,151.14018,220530
6520798419651665531,232220,Tarro Station,-32.8093092214,151.669941549,
-3823889026581357705,2322241,Tarro Station Platform 1,-32.809007,151.669677,232220
7488151389115207624,2322242,Tarro Station Platform 2,-32.809067,151.669596,232220
-2082890753057136641,225910,Tuggerah Station,-33.3080864837,151.420152642,
8915202367786511296,2259911,Tuggerah Station Platform 1,-33.3077,151.420277,225910
3341714465681365718,2259912,Tuggerah Station Platform 2,-33.307661,151.420184,225910
-7635881253523858005,207410,Turramurra Station,-33.7321822059,151.128281842,
-8077340478999660585,2074181,Turramurra Station Platform 1,-33.732453,151.128569,207410
976421500923668027,2074182,Turramurra Station Platform 2,-33.732503,151.128511,207410
-1026924716077639119,251830,Towradgi Station,-34.384686325,150.901238888,
475227438141284008,2518151,Towradgi Station Platform 1,-34.384322,150.901336,251830
2640178580055445606,2518152,Towradgi Station Platform 2,-34.384313,150.901466,251830
-8216617386909111,252610,Unanderra Station,-34.4544287823,150.846262892,
7803828394838746513,2526171,Unanderra Station Platform 1,-34.454809,150.845867,252610
4573029073762089629,2526172,Unanderra Station Platform 2,-34.454859,150.845938,252610
326696221054359621,24551,Urunga Station,-30.4996560002,153.018677997,
1008245328140172903,245526,Urunga Station Platform 1,-30.499124,153.018668,24551
-304257510233440730,235813,Uralla Station,-30.6440760007,151.505202006,
-8252096573951749246,235824,Uralla Station Platform 1,-30.644192,151.504942,235813
7576943588059950875,277710,Valley Heights Station,-33.7044657278,150.583813038,
6715756800574775613,2777201,Valley Heights Station Platform 1,-33.704381,150.583774,277710
5686081304253461363,2777202,Valley Heights Station Platform 2,-33.704403,150.583725,277710
2329955415856120150,216320,Villawood Station,-33.8809016751,150.976047927,
7616859418332451434,2163211,Villawood Station Platform 1,-33.880825,150.97663,216320
6041276949010827192,2163212,Villawood Station Platform 2,-33.880876,150.976633,216320
7013904290413872583,276520,Vineyard Station,-33.6505041515,150.851245754,
-2578308089324484477,2765301,Vineyard Station Platform 1,-33.650457,150.851184,276520
-5788951112494359399,232320,Victoria Street Station,-32.7509577484,151.593825879,
-3446227113962427079,2323331,Victoria Street Station Platform 1,-32.750931,151.593884,232320
9069118251568584389,2323332,Victoria Street Station Platform 2,-32.75098,151.593853,232320
-2308882648369529530,207610,Wahroonga Station,-33.7174291976,151.116892277,
5187515741913650712,2076241,Wahroonga Station Platform 1,-33.717851,151.117385,207610
-2175101314296702230,2076242,Wahroonga Station Platform 2,-33.717881,151.117352,207610
-4919397491264202684,207710,Waitara Station,-33.7099932648,151.104341133,
8750284778735267708,2077311,Waitara Station Platform 1,-33.710242,151.104781,207710
4735193369246221649,2077312,Waitara Station Platform 2,-33.710282,151.104742,207710
7936939862870226700,206020,Waverton Station,-33.8382452525,151.197855547,
-5420673490650911212,2060111,Waverton Station Platform 1,-33.837808,151.197526,206020
-6788983780378711223,2060112,Waverton Station Platform 2,-33.837838,151.197423,206020
-8238945338458137190,251520,Wombarra Station,-34.2759329354,150.953145001,
7265596629493052809,2515151,Wombarra Station Platform 1,-34.275495,150.953457,251520
3569573201056283940,2515152,Wombarra Station Platform 2,-34.275532,150.953565,251520
-7727526741501613691,220510,Wolli Creek Station,-33.9285468328,151.154113182,
4993455570594642710,2205111,Wolli Creek Station Platform 1,-33.928538,151.1545,220510
-2599253331927150451,2205112,Wolli Creek Station Platform 2,-33.928626,151.154463,220510
-844883588419371563,2205113,Wolli Creek Station Platform 3,-33.928023,151.153793,220510
5175978725872556493,2205114,Wolli Creek Station Platform 4,-33.928067,151.153852,220510
5243693692742411613,23411,Werris Creek Station,-31.3501390002,150.646464002,
-840568270137049327,23418,Werris Creek Station Platform 1,-31.349475,150.6465,23411
-4872496555008879164,23419,Werris Creek Station Platform 2,-31.349525,150.64627,23411
-3558410219111555729,225010,Wondabyne Station,-33.4921353608,151.257010783,
1004717137441009558,2256461,Wondabyne Station Platform 1,-33.492215,151.257005,225010
-2973723740394209982,2256462,Wondabyne Station Platform 2,-33.492187,151.256923,225010
3846006205680048142,277810,Woodford Station,-33.7354492815,150.481917441,
524045740735076708,277881,Woodford Station Platform 1,-33.735617,150.481871,277810
-3834719462094020986,277882,Woodford Station Platform 2,-33.735655,150.481886,277810
3892769169769947456,223330,Waterfall Station,-34.1343852228,150.994511503,
626746800398377953,2233291,Waterfall Station Platform 1,-34.134733,150.994483,223330
103000179220261358,2233292,Waterfall Station Platform 2,-34.134727,150.994559,223330
6913612573587131596,278210,Wentworth Falls Station,-33.7094719208,150.376311429,
-6368459365553662790,2782181,Wentworth Falls Station Platform 1,-33.709742,150.376442,278210
204110664030150266,2782182,Wentworth Falls Station Platform 2,-33.70975,150.376347,278210
-9106573037631999143,26501,Wagga Wagga Station,-35.1204179991,147.368449999,
6829906344003623794,2650135,Wagga Wagga Station Platform 1,-35.120314,147.368186,26501
-439198149141334767,24291,Wingham Station,-31.868090002,152.367635996,
3059937689321059292,2429102,Wingham Station Platform 1,-31.868014,152.367283,24291
396225712431616574,257910,Wingello Station,-34.6921801787,150.158385368,
8528256420230879200,2579111,Wingello Station Platform 1,-34.692123,150.158408,257910
2708817410859734598,2579112,Wingello Station Platform 2,-34.692198,150.158424,257910
6049052001354012726,275620,Windsor Station,-33.6139276709,150.811408003,
8399129992602133778,2756451,Windsor Station Platform 1,-33.613719,150.811103,275620
-2742729526377247223,242030,Wirragulla Station,-32.4617735009,151.743457021,
63940982496577505,2420101,Wirragulla Station Platform 1,-32.462998,151.742406,242030
5282750798864833510,217010,Warwick Farm Station,-33.9134499609,150.935036365,
-6780910083909601693,2170831,Warwick Farm Station Platform 1,-33.912991,150.935101,217010
389124558991816276,2170832,Warwick Farm Station Platform 2,-33.913116,150.935189,217010
6513830257253808620,242020,Wallarobba Station,-32.4961399646,151.695679776,
8268791789906187167,242091,Wallarobba Station Platform 1,-32.496138,151.695655,242020
2531388382426544463,23541,Walcha Road Station,-30.9409980039,151.402170004,
7886191407898891108,23544,Walcha Road Station Platform 1,-30.941141,151.402281,23541
8248606093854378540,206510,Wollstonecraft Station,-33.8317948735,151.191895006,
6575595418068994273,2065161,Wollstonecraft Station Platform 1,-33.832002,151.191838,206510
-8795747107871235027,2065162,Wollstonecraft Station Platform 2,-33.832028,151.191722,206510
1255885981961014440,223010,Woolooware Station,-34.0477180921,151.143995336,
6196203816460485940,2230221,Woolooware Station Platform 1,-34.047656,151.143902,223010
6652955438869669195,2230222,Woolooware Station Platform 2,-34.047602,151.143933,223010
5014659800834765642,219520,Wiley Park Station,-33.9230085448,151.067276248,
-5634058714454542952,2195141,Wiley Park Station Platform 1,-33.922846,151.067515,219520
-7736649162243162505,2195142,Wiley Park Station Platform 2,-33.922934,151.067547,219520
2512218976447893550,214510,Westmead Station,-33.8085293689,150.98801145,
7320276821397553074,2145661,Westmead Station Platform 1,-33.808314,150.987738,214510
578933534368008462,2145662,Westmead Station Platform 2,-33.808357,150.987721,214510
6104996285840082721,2145663,Westmead Station Platform 3,-33.808594,150.988105,214510
4095639415924901295,2145664,Westmead Station Platform 4,-33.808634,150.988088,214510
-8335717422229291782,2845999,Wallerawang Bus,-33.411104,150.066497,
311203335542929064,284515,Wallerawang Bus 1,-33.411104,150.066497,2845999
-7028671534794423847,284514,Wallerawang Bus 2,-33.411307,150.0652,2845999
-8177679349346564545,250020,Wollongong Station,-34.427016169,150.88824305,
-8773636242941207005,2500401,Wollongong Station Platform 1,-34.427233,150.888075,250020
-6489654447956971570,2500402,Wollongong Station Platform 2,-34.426948,150.888274,250020
-4919678897935286082,2500403,Wollongong Station Platform 3,-34.42778,150.887912,250020
3230408859105453451,2500404,Wollongong Station Platform 4,-34.427847,150.888113,250020
1556003293629276173,251710,Woonona Station,-34.3502304682,150.914953779,
-3318473959040822322,251781,Woonona Station Platform 1,-34.349549,150.915145,251710
-8690273198388294068,251782,Woonona Station Platform 2,-34.349566,150.91524,251710
272979174015220361,225610,Woy Woy Station,-33.4851124911,151.32362386,
-7166795903562635097,2256471,Woy Woy Station Platform 1,-33.485181,151.323638,225610
-8083684398210327495,2256472,Woy Woy Station Platform 2,-33.485167,151.323574,225610
356632572850470834,211420,West Ryde Station,-33.8071721307,151.09022893,
5683665649869630575,2114191,West Ryde Station Platform 1,-33.807175,151.0903,211420
-7120808365413477974,2114192,West Ryde Station Platform 2,-33.807165,151.090251,211420
-504663660726119441,2114193,West Ryde Station Platform 3,-33.807129,151.090095,211420
-1551781077096646339,225930,Warnervale Station,-33.2475593068,151.448562292,
-5788262129987764300,2259921,Warnervale Station Platform 1,-33.247426,151.448809,225930
4415106212114718970,2259922,Warnervale Station Platform 2,-33.247363,151.448744,225930
6708658977628805110,274710,Werrington Station,-33.7592923009,150.758339734,
-6607814288058595011,2747371,Werrington Station Platform 1,-33.759118,150.757765,274710
-5512830783196631856,2747372,Werrington Station Platform 2,-33.759218,150.757656,274710
5557134953887546272,230420,Warabrook Station,-32.8870546406,151.709890233,
-8545111151111072995,2304301,Warabrook Station Platform 1,-32.887323,151.71012,230420
-3278769223730730267,2304302,Warabrook Station Platform 2,-32.887337,151.710084,230420
-2025419757560323819,277420,Warrimoo Station,-33.7211964368,150.601979239,
7361910560894639998,2774121,Warrimoo Station Platform 1,-33.721329,150.602606,277420
-1618440737550352620,2774122,Warrimoo Station Platform 2,-33.721392,150.602579,277420
-1474123332128970380,207420,Warrawee Station,-33.7242854623,151.121756755,
-7067197113145369398,2074191,Warrawee Station Platform 1,-33.724286,151.121811,207420
6868354577700387348,2074192,Warrawee Station Platform 2,-33.724313,151.121734,207420
-6560311954932994650,23391,Willow Tree Station,-31.6500649959,150.726123005,
-5644815717863709470,23393,Willow Tree Station Platform 1,-31.650185,150.726107,23391
-7267447818378443410,230410,Waratah Station,-32.902765554,151.73167082,
-3959153001735240474,2304311,Waratah Station Platform 1,-32.902251,151.731164,230410
-1185846564855541569,2304312,Waratah Station Platform 2,-32.902341,151.731102,230410
-3293620303989349640,28202,Wellington Station,-32.5540359674,148.946832044,
-7573805580595669589,282023,Wellington Station Platform 1,-32.553879,148.946711,28202
5630324024387054403,24461,Wauchope Station,-31.4559089957,152.736526004,
5524745222017179941,244648,Wauchope Station Platform 1,-31.456092,152.736537,24461
-1788410217091716728,214520,Wentworthville Station,-33.8071929536,150.972637553,
6144510546960053992,2145651,Wentworthville Station Platform 1,-33.807029,150.972578,214520
-3209214036911025190,2145652,Wentworthville Station Platform 2,-33.807094,150.972538,214520
5783544685396989663,2145653,Wentworthville Station Platform 3,-33.807177,150.97246,214520
-3811020202878694750,2145654,Wentworthville Station Platform 4,-33.807229,150.972427,214520
1604991880548401889,36771,Wangaratta Station,-36.3549980657,146.316812062,
-9046360717315089638,20356P1,Wangaratta Station Platform 1,-36.354998,146.316827,36771
-4702413717766419051,20356P2,Wangaratta Station Platform 2,-36.355158,146.317092,36771
2230799866249637995,225940,Wyee Station,-33.1804478942,151.487119837,
-4615844623113816953,2259931,Wyee Station Platform 1,-33.180172,151.487134,225940
8041570361657107919,2259932,Wyee Station Platform 2,-33.180183,151.487055,225940
-10800760323272096,225920,Wyong Station,-33.2854792278,151.425256215,
-3141478250551935194,2259941,Wyong Station Platform 1,-33.285469,151.425348,225920
-3598930975951158041,2259942,Wyong Station Platform 2,-33.285471,151.425295,225920
-7340014484472577951,2259943,Wyong Station Platform 3,-33.285522,151.425165,225920
-1417397743988860554,200080,Wynyard Station,-33.8658979945,151.205789333,
-547101269315442553,2000403,Wynyard Station Platform 3,-33.865956,151.205747,200080
6202105477384046620,2000404,Wynyard Station Platform 4,-33.865965,151.205667,200080
6433860402289855457,2000405,Wynyard Station Platform 5,-33.865872,151.205917,200080
5325732334203441388,2000406,Wynyard Station Platform 6,-33.865879,151.205849,200080
6674355072229036810,219910,Yagoona Station,-33.9065533731,151.024151882,
-251047713852051458,2199171,Yagoona Station Platform 1,-33.907075,151.024561,219910
6925994242348468030,2199172,Yagoona Station Platform 2,-33.907097,151.024512,219910
-1532627929805801122,25821,Yass Junction Station,-34.808994957,148.91538695,
-5949164775724504127,258234,Yass Junction Station Platform 1,-34.808847,148.915253,25821
-9014864440119915937,258235,Yass Junction Station Platform 2,-34.808847,148.915253,25821
-7205227511428242193,216120,Yennora Station,-33.8647184018,150.971007349,
-212241251039792385,2161261,Yennora Station Platform 1,-33.864682,150.970988,216120
-5665473058949278717,2161262,Yennora Station Platform 2,-33.864761,150.971032,216120
-742424349832474366,257540,Yerrinbool Station,-34.3717400589,150.543495689,
6516161078084562271,2575141,Yerrinbool Station Platform 1,-34.371719,150.543456,257540
-6425801247087022956,2575142,Yerrinbool Station Platform 2,-34.37174,150.543554,257540
-7859722815601840058,278630,Zig Zag Station,-33.4718863935,150.202128706,
-648823720209137534,2790151,Zig Zag Station Platform 1,-33.471886,150.202141,278630
-4502807027699252010,2790152,Zig Zag Station Platform 2,-33.471678,150.201901,278630
