date_key,route_key,stop_key,trip_id,stop_sequence,schedule_relationship,arrival_delay_seconds,departure_delay_seconds,is_late,is_cancelled,is_orphan_trip,is_delay_outlier,feed_timestamp,_ingested_at
20260916,-3402953319642480407,-3539589827991659819,27-M.812.150.48.B.8.91115053,0,SCHEDULED,0.0,0.0,False,False,False,False,2026-09-16 12:12:47+00:00,2026-09-16 12:12:54.690496+00:00
20260916,-3402953319642480407,-3539589827991659819,10-R.812.150.16.B.8.91119279,0,REPLACEMENT,0.0,0.0,False,False,False,False,2026-09-16 12:12:47+00:00,2026-09-16 12:12:54.690496+00:00
20260916,-460769293585121233,5559968963547238181,23-M.812.150.48.B.8.91119405,0,SCHEDULED,0.0,0.0,False,False,False,False,2026-09-16 12:12:47+00:00,2026-09-16 12:12:54.690496+00:00
20260916,3528247148565883103,4975443218545068791,31-K.812.150.48.B.8.91116247,0,REPLACEMENT,0.0,0.0,False,False,False,False,2026-09-16 12:12:47+00:00,2026-09-16 12:12:54.690496+00:00
20260916,-460769293585121233,5559968963547238181,67-D.812.150.24.M.8.91115720,0,REPLACEMENT,0.0,,False,False,False,False,2026-09-16 12:12:47+00:00,2026-09-16 12:12:54.690496+00:00
20260916,-8590447049958111075,-1697801584359906855,68-M.812.150.48.M.8.91114953,0,SCHEDULED,0.0,0.0,False,False,False,False,2026-09-16 12:12:47+00:00,2026-09-16 12:12:54.690496+00:00
20260916,-3402953319642480407,8433499099999165160,1--V.812.150.112.B.8.91114828,0,SCHEDULED,8.0,0.0,False,False,False,False,2026-09-16 12:12:47+00:00,2026-09-16 12:12:54.690496+00:00
20260916,-460769293585121233,5559968963547238181,10-T.812.150.16.B.8.91116248,0,REPLACEMENT,0.0,,False,False,False,False,2026-09-16 12:12:47+00:00,2026-09-16 12:12:54.690496+00:00
20260916,-2200421255733575805,8265713714560738647,15-M.812.150.48.B.8.91117213,0,SCHEDULED,666.0,666.0,True,False,False,False,2026-09-16 12:12:47+00:00,2026-09-16 12:12:54.690496+00:00
20260916,-3402953319642480407,-3539589827991659819,48-W.812.150.16.A.8.91118594,0,SCHEDULED,0.0,0.0,False,False,False,False,2026-09-16 12:12:47+00:00,2026-09-16 12:12:54.690496+00:00
20260916,3446910552962544978,1741549004991027864,45-P.812.150.16.A.8.91115998,0,SCHEDULED,0.0,0.0,False,False,False,False,2026-09-16 12:12:47+00:00,2026-09-16 12:12:54.690496+00:00
20260916,-460769293585121233,9069200664600477706,13XX.812.150.48.B.8.91115275,0,SCHEDULED,0.0,0.0,False,False,False,False,2026-09-16 12:12:47+00:00,2026-09-16 12:12:54.690496+00:00
20260916,-3402953319642480407,8433499099999165160,43-Z.812.150.16.A.8.91118636,0,SCHEDULED,0.0,0.0,False,False,False,False,2026-09-16 12:12:47+00:00,2026-09-16 12:12:54.690496+00:00
20260916,-460769293585121233,5559968963547238181,14-N.812.150.48.B.8.91116378,0,SCHEDULED,0.0,0.0,False,False,False,False,2026-09-16 12:12:47+00:00,2026-09-16 12:12:54.690496+00:00
20260916,-460769293585121233,9069200664600477706,42-D.812.150.112.A.8.91117865,0,SCHEDULED,0.0,0.0,False,False,False,False,2026-09-16 12:12:47+00:00,2026-09-16 12:12:54.690496+00:00
20260916,-2200421255733575805,8265713714560738647,20-M.812.150.48.B.8.91117374,0,SCHEDULED,733.0,733.0,True,False,False,False,2026-09-16 12:12:47+00:00,2026-09-16 12:12:54.690496+00:00
20260916,-7189270326134903042,-6827809139199133824,26-S.812.150.16.B.8.91115283,0,SCHEDULED,0.0,0.0,False,False,False,False,2026-09-16 12:12:47+00:00,2026-09-16 12:12:54.690496+00:00
20260916,-460769293585121233,5559968963547238181,28-S.812.150.48.B.8.91119507,0,REPLACEMENT,0.0,,False,False,False,False,2026-09-16 12:12:47+00:00,2026-09-16 12:12:54.690496+00:00
20260916,3528247148565883103,4975443218545068791,63-K.812.150.16.M.8.91115711,0,REPLACEMENT,0.0,0.0,False,False,False,False,2026-09-16 12:12:47+00:00,2026-09-16 12:12:54.690496+00:00
20260916,-3402953319642480407,-3539589827991659819,711W.812.150.16.B.8.91116324,0,SCHEDULED,0.0,0.0,False,False,False,False,2026-09-16 12:12:47+00:00,2026-09-16 12:12:54.690496+00:00
20260916,-460769293585121233,5559968963547238181,29-Y.812.150.48.B.8.91999318,0,SCHEDULED,0.0,0.0,False,False,False,False,2026-09-16 12:12:47+00:00,2026-09-16 12:12:54.690496+00:00
20260916,-3402953319642480407,-3539589827991659819,28-P.812.150.48.B.8.91116117,0,SCHEDULED,0.0,0.0,False,False,False,False,2026-09-16 12:12:47+00:00,2026-09-16 12:12:54.690496+00:00
20260916,-460769293585121233,9069200664600477706,738D.812.150.48.B.8.91115028,0,SCHEDULED,0.0,0.0,False,False,False,False,2026-09-16 12:12:47+00:00,2026-09-16 12:12:54.690496+00:00
20260916,-460769293585121233,5559968963547238181,94-P.812.150.16.A.8.91115792,0,SCHEDULED,0.0,0.0,False,False,False,False,2026-09-16 12:12:47+00:00,2026-09-16 12:12:54.690496+00:00
20260916,-460769293585121233,9069200664600477706,768M.812.150.48.M.8.91117506,0,SCHEDULED,0.0,0.0,False,False,False,False,2026-09-16 12:12:47+00:00,2026-09-16 12:12:54.690496+00:00
20260916,3446910552962544978,1741549004991027864,86-H.812.150.48.A.8.91114527,0,SCHEDULED,0.0,0.0,False,False,False,False,2026-09-16 12:12:47+00:00,2026-09-16 12:12:54.690496+00:00
20260916,3446910552962544978,1741549004991027864,81-R.812.150.48.A.8.91116114,0,SCHEDULED,0.0,0.0,False,False,False,False,2026-09-16 12:12:47+00:00,2026-09-16 12:12:54.690496+00:00
20260916,-6417094206083242795,-3539589827991659819,90-U.812.150.48.A.8.91116907,0,REPLACEMENT,0.0,0.0,False,False,False,False,2026-09-16 12:12:47+00:00,2026-09-16 12:12:54.690496+00:00
20260916,-8590447049958111075,-1697801584359906855,90XU.812.150.48.A.8.91116167,0,SCHEDULED,0.0,0.0,False,False,False,False,2026-09-16 12:12:47+00:00,2026-09-16 12:12:54.690496+00:00
20260916,-460769293585121233,5559968963547238181,89-S.812.150.16.A.8.91117743,0,SCHEDULED,0.0,0.0,False,False,False,False,2026-09-16 12:12:47+00:00,2026-09-16 12:12:54.690496+00:00
20260916,-8590447049958111075,-1697801584359906855,79-M.812.150.16.A.8.91117855,0,SCHEDULED,0.0,0.0,False,False,False,False,2026-09-16 12:12:47+00:00,2026-09-16 12:12:54.690496+00:00
20260916,-3402953319642480407,-3539589827991659819,9--W.812.150.16.B.8.91117445,0,SCHEDULED,0.0,0.0,False,False,False,False,2026-09-16 12:12:47+00:00,2026-09-16 12:12:54.690496+00:00
20260916,3446910552962544978,1741549004991027864,95-K.812.150.16.A.8.91116745,0,SCHEDULED,0.0,0.0,False,False,False,False,2026-09-16 12:12:47+00:00,2026-09-16 12:12:54.690496+00:00
20260916,-3402953319642480407,-3539589827991659819,91-U.812.150.48.A.8.91117217,0,REPLACEMENT,0.0,0.0,False,False,False,False,2026-09-16 12:12:47+00:00,2026-09-16 12:12:54.690496+00:00
20260916,1273529647987399013,7743567483893141401,92-U.812.150.16.A.8.91118110,0,SCHEDULED,0.0,0.0,False,False,False,False,2026-09-16 12:12:47+00:00,2026-09-16 12:12:54.690496+00:00
20260916,-3402953319642480407,-3539589827991659819,96-P.812.150.48.A.8.91117095,0,SCHEDULED,0.0,0.0,False,False,False,False,2026-09-16 12:12:47+00:00,2026-09-16 12:12:54.690496+00:00
20260916,-460769293585121233,5559968963547238181,97-S.812.150.16.A.8.91115531,0,SCHEDULED,0.0,0.0,False,False,False,False,2026-09-16 12:12:47+00:00,2026-09-16 12:12:54.690496+00:00
20260916,-3402953319642480407,-3539589827991659819,8--X.812.150.48.B.8.91117690,0,SCHEDULED,0.0,0.0,False,False,False,False,2026-09-16 12:12:47+00:00,2026-09-16 12:12:54.690496+00:00
20260916,-3402953319642480407,-8676524930632608389,27-M.812.150.48.B.8.91115053,0,SCHEDULED,0.0,0.0,False,False,False,False,2026-09-16 12:12:47+00:00,2026-09-16 12:12:54.690496+00:00
20260916,-3402953319642480407,6641117455509534858,10-R.812.150.16.B.8.91119279,0,REPLACEMENT,0.0,0.0,False,False,False,False,2026-09-16 12:12:47+00:00,2026-09-16 12:12:54.690496+00:00
20260916,-460769293585121233,-5002540093226759354,23-M.812.150.48.B.8.91119405,0,SCHEDULED,0.0,0.0,False,False,False,False,2026-09-16 12:12:47+00:00,2026-09-16 12:12:54.690496+00:00
20260916,3528247148565883103,-2599253331927150451,31-K.812.150.48.B.8.91116247,0,REPLACEMENT,0.0,0.0,False,False,False,False,2026-09-16 12:12:47+00:00,2026-09-16 12:12:54.690496+00:00
20260916,-460769293585121233,-5002540093226759354,67-D.812.150.24.M.8.91115720,0,REPLACEMENT,0.0,0.0,False,False,False,False,2026-09-16 12:12:47+00:00,2026-09-16 12:12:54.690496+00:00
20260916,-8590447049958111075,-5665473058949278717,68-M.812.150.48.M.8.91114953,0,SCHEDULED,0.0,0.0,False,False,False,False,2026-09-16 12:12:47+00:00,2026-09-16 12:12:54.690496+00:00
20260916,-3402953319642480407,-3176105750812332413,1--V.812.150.112.B.8.91114828,0,SCHEDULED,8.0,8.0,False,False,False,False,2026-09-16 12:12:47+00:00,2026-09-16 12:12:54.690496+00:00
20260916,-460769293585121233,-5002540093226759354,10-T.812.150.16.B.8.91116248,0,REPLACEMENT,0.0,0.0,False,False,False,False,2026-09-16 12:12:47+00:00,2026-09-16 12:12:54.690496+00:00
20260916,-3402953319642480407,6641117455509534858,48-W.812.150.16.A.8.91118594,0,SCHEDULED,0.0,0.0,False,False,False,False,2026-09-16 12:12:47+00:00,2026-09-16 12:12:54.690496+00:00
20260916,3446910552962544978,4998266981204066956,45-P.812.150.16.A.8.91115998,0,SCHEDULED,0.0,0.0,False,False,False,False,2026-09-16 12:12:47+00:00,2026-09-16 12:12:54.690496+00:00
20260916,-460769293585121233,6433860402289855457,13XX.812.150.48.B.8.91115275,0,SCHEDULED,0.0,0.0,False,False,False,False,2026-09-16 12:12:47+00:00,2026-09-16 12:12:54.690496+00:00
20260916,-460769293585121233,-5002540093226759354,14-N.812.150.48.B.8.91116378,0,SCHEDULED,0.0,0.0,False,False,False,False,2026-09-16 12:12:47+00:00,2026-09-16 12:12:54.690496+00:00
20260916,-460769293585121233,-5002540093226759354,28-S.812.150.48.B.8.91119507,0,REPLACEMENT,0.0,0.0,False,False,False,False,2026-09-16 12:12:47+00:00,2026-09-16 12:12:54.690496+00:00
20260916,3528247148565883103,-2599253331927150451,63-K.812.150.16.M.8.91115711,0,REPLACEMENT,0.0,0.0,False,False,False,False,2026-09-16 12:12:47+00:00,2026-09-16 12:12:54.690496+00:00
20260916,-3402953319642480407,6641117455509534858,711W.812.150.16.B.8.91116324,0,SCHEDULED,0.0,0.0,False,False,False,False,2026-09-16 12:12:47+00:00,2026-09-16 12:12:54.690496+00:00
20260916,-460769293585121233,-5002540093226759354,29-Y.812.150.48.B.8.91999318,0,SCHEDULED,0.0,0.0,False,False,False,False,2026-09-16 12:12:47+00:00,2026-09-16 12:12:54.690496+00:00
20260916,-3402953319642480407,6641117455509534858,28-P.812.150.48.B.8.91116117,0,SCHEDULED,0.0,0.0,False,False,False,False,2026-09-16 12:12:47+00:00,2026-09-16 12:12:54.690496+00:00
20260916,-460769293585121233,-5002540093226759354,94-P.812.150.16.A.8.91115792,0,SCHEDULED,0.0,0.0,False,False,False,False,2026-09-16 12:12:47+00:00,2026-09-16 12:12:54.690496+00:00
20260916,3446910552962544978,4998266981204066956,86-H.812.150.48.A.8.91114527,0,SCHEDULED,0.0,0.0,False,False,False,False,2026-09-16 12:12:47+00:00,2026-09-16 12:12:54.690496+00:00
20260916,3446910552962544978,4998266981204066956,81-R.812.150.48.A.8.91116114,0,SCHEDULED,0.0,0.0,False,False,False,False,2026-09-16 12:12:47+00:00,2026-09-16 12:12:54.690496+00:00
20260916,-6417094206083242795,6641117455509534858,90-U.812.150.48.A.8.91116907,0,REPLACEMENT,0.0,0.0,False,False,False,False,2026-09-16 12:12:47+00:00,2026-09-16 12:12:54.690496+00:00
20260916,-8590447049958111075,-5665473058949278717,90XU.812.150.48.A.8.91116167,0,SCHEDULED,0.0,0.0,False,False,False,False,2026-09-16 12:12:47+00:00,2026-09-16 12:12:54.690496+00:00
20260916,-460769293585121233,-5002540093226759354,89-S.812.150.16.A.8.91117743,0,SCHEDULED,0.0,0.0,False,False,False,False,2026-09-16 12:12:47+00:00,2026-09-16 12:12:54.690496+00:00
20260916,-8590447049958111075,-5665473058949278717,79-M.812.150.16.A.8.91117855,0,SCHEDULED,0.0,0.0,False,False,False,False,2026-09-16 12:12:47+00:00,2026-09-16 12:12:54.690496+00:00
20260916,-3402953319642480407,6641117455509534858,9--W.812.150.16.B.8.91117445,0,SCHEDULED,0.0,0.0,False,False,False,False,2026-09-16 12:12:47+00:00,2026-09-16 12:12:54.690496+00:00
20260916,3446910552962544978,4998266981204066956,95-K.812.150.16.A.8.91116745,0,SCHEDULED,0.0,0.0,False,False,False,False,2026-09-16 12:12:47+00:00,2026-09-16 12:12:54.690496+00:00
20260916,-3402953319642480407,6641117455509534858,91-U.812.150.48.A.8.91117217,0,REPLACEMENT,0.0,0.0,False,False,False,False,2026-09-16 12:12:47+00:00,2026-09-16 12:12:54.690496+00:00
20260916,1273529647987399013,-5002540093226759354,92-U.812.150.16.A.8.91118110,0,SCHEDULED,0.0,0.0,False,False,False,False,2026-09-16 12:12:47+00:00,2026-09-16 12:12:54.690496+00:00
20260916,-3402953319642480407,6641117455509534858,96-P.812.150.48.A.8.91117095,0,SCHEDULED,0.0,0.0,False,False,False,False,2026-09-16 12:12:47+00:00,2026-09-16 12:12:54.690496+00:00
20260916,-460769293585121233,-5002540093226759354,97-S.812.150.16.A.8.91115531,0,SCHEDULED,0.0,0.0,False,False,False,False,2026-09-16 12:12:47+00:00,2026-09-16 12:12:54.690496+00:00
20260916,-3402953319642480407,6641117455509534858,8--X.812.150.48.B.8.91117690,0,SCHEDULED,0.0,0.0,False,False,False,False,2026-09-16 12:12:47+00:00,2026-09-16 12:12:54.690496+00:00
20260916,-3402953319642480407,7175806582231014910,27-M.812.150.48.B.8.91115053,0,SCHEDULED,0.0,0.0,False,False,False,False,2026-09-16 12:12:47+00:00,2026-09-16 12:12:54.690496+00:00
20260916,-3402953319642480407,356695027353011012,10-R.812.150.16.B.8.91119279,0,REPLACEMENT,0.0,0.0,False,False,False,False,2026-09-16 12:12:47+00:00,2026-09-16 12:12:54.690496+00:00
20260916,-460769293585121233,681618318175054217,23-M.812.150.48.B.8.91119405,0,SCHEDULED,0.0,0.0,False,False,False,False,2026-09-16 12:12:47+00:00,2026-09-16 12:12:54.690496+00:00
20260916,3528247148565883103,4458179205450710602,31-K.812.150.48.B.8.91116247,0,REPLACEMENT,1664.0,,True,False,False,False,2026-09-16 12:12:47+00:00,2026-09-16 12:12:54.690496+00:00
20260916,-460769293585121233,681618318175054217,67-D.812.150.24.M.8.91115720,0,REPLACEMENT,0.0,0.0,False,False,False,False,2026-09-16 12:12:47+00:00,2026-09-16 12:12:54.690496+00:00
20260916,-8590447049958111075,5681853388507028000,68-M.812.150.48.M.8.91114953,0,SCHEDULED,0.0,0.0,False,False,False,False,2026-09-16 12:12:47+00:00,2026-09-16 12:12:54.690496+00:00
20260916,-3402953319642480407,-5255448556643546020,1--V.812.150.112.B.8.91114828,0,SCHEDULED,8.0,8.0,False,False,False,False,2026-09-16 12:12:47+00:00,2026-09-16 12:12:54.690496+00:00
20260916,-460769293585121233,681618318175054217,10-T.812.150.16.B.8.91116248,0,REPLACEMENT,0.0,0.0,False,False,False,False,2026-09-16 12:12:47+00:00,2026-09-16 12:12:54.690496+00:00
20260916,-3402953319642480407,356695027353011012,48-W.812.150.16.A.8.91118594,0,SCHEDULED,0.0,0.0,False,False,False,False,2026-09-16 12:12:47+00:00,2026-09-16 12:12:54.690496+00:00
20260916,3446910552962544978,2914090783436591364,45-P.812.150.16.A.8.91115998,0,SCHEDULED,0.0,0.0,False,False,False,False,2026-09-16 12:12:47+00:00,2026-09-16 12:12:54.690496+00:00
20260916,-460769293585121233,8018300634964295518,13XX.812.150.48.B.8.91115275,0,SCHEDULED,0.0,0.0,False,False,False,False,2026-09-16 12:12:47+00:00,2026-09-16 12:12:54.690496+00:00
20260916,-460769293585121233,681618318175054217,14-N.812.150.48.B.8.91116378,0,SCHEDULED,0.0,0.0,False,False,False,False,2026-09-16 12:12:47+00:00,2026-09-16 12:12:54.690496+00:00
20260916,-460769293585121233,681618318175054217,28-S.812.150.48.B.8.91119507,0,REPLACEMENT,0.0,0.0,False,False,False,False,2026-09-16 12:12:47+00:00,2026-09-16 12:12:54.690496+00:00
20260916,3528247148565883103,8265713714560738647,63-K.812.150.16.M.8.91115711,0,REPLACEMENT,1329.0,,True,False,False,False,2026-09-16 12:12:47+00:00,2026-09-16 12:12:54.690496+00:00
20260916,-3402953319642480407,356695027353011012,711W.812.150.16.B.8.91116324,0,SCHEDULED,0.0,0.0,False,False,False,False,2026-09-16 12:12:47+00:00,2026-09-16 12:12:54.690496+00:00
20260916,-460769293585121233,681618318175054217,29-Y.812.150.48.B.8.91999318,0,SCHEDULED,0.0,0.0,False,False,False,False,2026-09-16 12:12:47+00:00,2026-09-16 12:12:54.690496+00:00
20260916,-3402953319642480407,356695027353011012,28-P.812.150.48.B.8.91116117,0,SCHEDULED,0.0,0.0,False,False,False,False,2026-09-16 12:12:47+00:00,2026-09-16 12:12:54.690496+00:00
20260916,-460769293585121233,681618318175054217,94-P.812.150.16.A.8.91115792,0,SCHEDULED,0.0,0.0,False,False,False,False,2026-09-16 12:12:47+00:00,2026-09-16 12:12:54.690496+00:00
20260916,3446910552962544978,2914090783436591364,86-H.812.150.48.A.8.91114527,0,SCHEDULED,0.0,0.0,False,False,False,False,2026-09-16 12:12:47+00:00,2026-09-16 12:12:54.690496+00:00
20260916,3446910552962544978,2914090783436591364,81-R.812.150.48.A.8.91116114,0,SCHEDULED,0.0,0.0,False,False,False,False,2026-09-16 12:12:47+00:00,2026-09-16 12:12:54.690496+00:00
20260916,-6417094206083242795,356695027353011012,90-U.812.150.48.A.8.91116907,0,REPLACEMENT,0.0,0.0,False,False,False,False,2026-09-16 12:12:47+00:00,2026-09-16 12:12:54.690496+00:00
20260916,-8590447049958111075,5681853388507028000,90XU.812.150.48.A.8.91116167,0,SCHEDULED,0.0,0.0,False,False,False,False,2026-09-16 12:12:47+00:00,2026-09-16 12:12:54.690496+00:00
20260916,-460769293585121233,681618318175054217,89-S.812.150.16.A.8.91117743,0,SCHEDULED,0.0,0.0,False,False,False,False,2026-09-16 12:12:47+00:00,2026-09-16 12:12:54.690496+00:00
20260916,-8590447049958111075,5681853388507028000,79-M.812.150.16.A.8.91117855,0,SCHEDULED,0.0,0.0,False,False,False,False,2026-09-16 12:12:47+00:00,2026-09-16 12:12:54.690496+00:00
20260916,-3402953319642480407,356695027353011012,9--W.812.150.16.B.8.91117445,0,SCHEDULED,0.0,0.0,False,False,False,False,2026-09-16 12:12:47+00:00,2026-09-16 12:12:54.690496+00:00
20260916,3446910552962544978,2914090783436591364,95-K.812.150.16.A.8.91116745,0,SCHEDULED,0.0,0.0,False,False,False,False,2026-09-16 12:12:47+00:00,2026-09-16 12:12:54.690496+00:00
20260916,-3402953319642480407,356695027353011012,91-U.812.150.48.A.8.91117217,0,REPLACEMENT,0.0,0.0,False,False,False,False,2026-09-16 12:12:47+00:00,2026-09-16 12:12:54.690496+00:00
20260916,1273529647987399013,681618318175054217,92-U.812.150.16.A.8.91118110,0,SCHEDULED,0.0,0.0,False,False,False,False,2026-09-16 12:12:47+00:00,2026-09-16 12:12:54.690496+00:00
20260916,-3402953319642480407,356695027353011012,96-P.812.150.48.A.8.91117095,0,SCHEDULED,0.0,0.0,False,False,False,False,2026-09-16 12:12:47+00:00,2026-09-16 12:12:54.690496+00:00
20260916,-460769293585121233,681618318175054217,97-S.812.150.16.A.8.91115531,0,SCHEDULED,0.0,0.0,False,False,False,False,2026-09-16 12:12:47+00:00,2026-09-16 12:12:54.690496+00:00
20260916,-3402953319642480407,356695027353011012,8--X.812.150.48.B.8.91117690,0,SCHEDULED,0.0,0.0,False,False,False,False,2026-09-16 12:12:47+00:00,2026-09-16 12:12:54.690496+00:00
20260916,-3402953319642480407,911857777755124858,27-M.812.150.48.B.8.91115053,0,SCHEDULED,0.0,0.0,False,False,False,False,2026-09-16 12:12:47+00:00,2026-09-16 12:12:54.690496+00:00
20260916,-3402953319642480407,7175806582231014910,10-R.812.150.16.B.8.91119279,0,REPLACEMENT,0.0,0.0,False,False,False,False,2026-09-16 12:12:47+00:00,2026-09-16 12:12:54.690496+00:00
20260916,-460769293585121233,1532548111646517502,23-M.812.150.48.B.8.91119405,0,SCHEDULED,0.0,0.0,False,False,False,False,2026-09-16 12:12:47+00:00,2026-09-16 12:12:54.690496+00:00
20260916,3528247148565883103,4909819821664331327,31-K.812.150.48.B.8.91116247,0,REPLACEMENT,0.0,0.0,False,False,False,False,2026-09-16 12:12:47+00:00,2026-09-16 12:12:54.690496+00:00
20260916,-460769293585121233,3190070174226799520,67-D.812.150.24.M.8.91115720,0,REPLACEMENT,0.0,0.0,False,False,False,False,2026-09-16 12:12:47+00:00,2026-09-16 12:12:54.690496+00:00
20260916,-8590447049958111075,-8544276869249746145,68-M.812.150.48.M.8.91114953,0,SCHEDULED,0.0,0.0,False,False,False,False,2026-09-16 12:12:47+00:00,2026-09-16 12:12:54.690496+00:00
20260916,-3402953319642480407,-8282519301084777906,1--V.812.150.112.B.8.91114828,0,SCHEDULED,8.0,8.0,False,False,False,False,2026-09-16 12:12:47+00:00,2026-09-16 12:12:54.690496+00:00
20260916,-460769293585121233,1532548111646517502,10-T.812.150.16.B.8.91116248,0,REPLACEMENT,0.0,0.0,False,False,False,False,2026-09-16 12:12:47+00:00,2026-09-16 12:12:54.690496+00:00
20260916,-3402953319642480407,-8676524930632608389,48-W.812.150.16.A.8.91118594,0,SCHEDULED,0.0,0.0,False,False,False,False,2026-09-16 12:12:47+00:00,2026-09-16 12:12:54.690496+00:00
20260916,3446910552962544978,-7358212603544478442,45-P.812.150.16.A.8.91115998,0,SCHEDULED,0.0,0.0,False,False,False,False,2026-09-16 12:12:47+00:00,2026-09-16 12:12:54.690496+00:00
20260916,-460769293585121233,2201632669708387783,13XX.812.150.48.B.8.91115275,0,SCHEDULED,0.0,0.0,False,False,False,False,2026-09-16 12:12:47+00:00,2026-09-16 12:12:54.690496+00:00
20260916,-460769293585121233,1532548111646517502,14-N.812.150.48.B.8.91116378,0,SCHEDULED,0.0,0.0,False,False,False,False,2026-09-16 12:12:47+00:00,2026-09-16 12:12:54.690496+00:00
20260916,-460769293585121233,1532548111646517502,28-S.812.150.48.B.8.91119507,0,REPLACEMENT,0.0,0.0,False,False,False,False,2026-09-16 12:12:47+00:00,2026-09-16 12:12:54.690496+00:00
20260916,3528247148565883103,-4951170100544164659,63-K.812.150.16.M.8.91115711,0,REPLACEMENT,0.0,0.0,False,False,False,False,2026-09-16 12:12:47+00:00,2026-09-16 12:12:54.690496+00:00
20260916,-3402953319642480407,-8676524930632608389,711W.812.150.16.B.8.91116324,0,SCHEDULED,0.0,0.0,False,False,False,False,2026-09-16 12:12:47+00:00,2026-09-16 12:12:54.690496+00:00
20260916,-460769293585121233,1532548111646517502,29-Y.812.150.48.B.8.91999318,0,SCHEDULED,0.0,0.0,False,False,False,False,2026-09-16 12:12:47+00:00,2026-09-16 12:12:54.690496+00:00
20260916,-3402953319642480407,-8676524930632608389,28-P.812.150.48.B.8.91116117,0,SCHEDULED,0.0,0.0,False,False,False,False,2026-09-16 12:12:47+00:00,2026-09-16 12:12:54.690496+00:00
20260916,-460769293585121233,1532548111646517502,94-P.812.150.16.A.8.91115792,0,SCHEDULED,0.0,0.0,False,False,False,False,2026-09-16 12:12:47+00:00,2026-09-16 12:12:54.690496+00:00
20260916,3446910552962544978,-7358212603544478442,86-H.812.150.48.A.8.91114527,0,SCHEDULED,0.0,0.0,False,False,False,False,2026-09-16 12:12:47+00:00,2026-09-16 12:12:54.690496+00:00
20260916,3446910552962544978,-7358212603544478442,81-R.812.150.48.A.8.91116114,0,SCHEDULED,0.0,0.0,False,False,False,False,2026-09-16 12:12:47+00:00,2026-09-16 12:12:54.690496+00:00
20260916,-6417094206083242795,7175806582231014910,90-U.812.150.48.A.8.91116907,0,REPLACEMENT,0.0,0.0,False,False,False,False,2026-09-16 12:12:47+00:00,2026-09-16 12:12:54.690496+00:00
20260916,-8590447049958111075,-8544276869249746145,90XU.812.150.48.A.8.91116167,0,SCHEDULED,0.0,0.0,False,False,False,False,2026-09-16 12:12:47+00:00,2026-09-16 12:12:54.690496+00:00
20260916,-460769293585121233,1532548111646517502,89-S.812.150.16.A.8.91117743,0,SCHEDULED,0.0,0.0,False,False,False,False,2026-09-16 12:12:47+00:00,2026-09-16 12:12:54.690496+00:00
20260916,-8590447049958111075,-8544276869249746145,79-M.812.150.16.A.8.91117855,0,SCHEDULED,116.0,0.0,False,False,False,False,2026-09-16 12:12:47+00:00,2026-09-16 12:12:54.690496+00:00
20260916,-3402953319642480407,-8676524930632608389,9--W.812.150.16.B.8.91117445,0,SCHEDULED,0.0,0.0,False,False,False,False,2026-09-16 12:12:47+00:00,2026-09-16 12:12:54.690496+00:00
20260916,3446910552962544978,-7358212603544478442,95-K.812.150.16.A.8.91116745,0,SCHEDULED,0.0,0.0,False,False,False,False,2026-09-16 12:12:47+00:00,2026-09-16 12:12:54.690496+00:00
20260916,-3402953319642480407,-3226494801219101891,91-U.812.150.48.A.8.91117217,0,REPLACEMENT,798.0,,True,False,False,False,2026-09-16 12:12:47+00:00,2026-09-16 12:12:54.690496+00:00
20260916,1273529647987399013,-3964177008133029664,92-U.812.150.16.A.8.91118110,0,SCHEDULED,0.0,0.0,False,False,False,False,2026-09-16 12:12:47+00:00,2026-09-16 12:12:54.690496+00:00
20260916,-3402953319642480407,-8676524930632608389,96-P.812.150.48.A.8.91117095,0,SCHEDULED,0.0,0.0,False,False,False,False,2026-09-16 12:12:47+00:00,2026-09-16 12:12:54.690496+00:00
20260916,-460769293585121233,1532548111646517502,97-S.812.150.16.A.8.91115531,0,SCHEDULED,0.0,0.0,False,False,False,False,2026-09-16 12:12:47+00:00,2026-09-16 12:12:54.690496+00:00
20260916,-3402953319642480407,-8676524930632608389,8--X.812.150.48.B.8.91117690,0,SCHEDULED,0.0,0.0,False,False,False,False,2026-09-16 12:12:47+00:00,2026-09-16 12:12:54.690496+00:00
20260916,-3402953319642480407,-4667185445057793362,10-R.812.150.16.B.8.91119279,0,REPLACEMENT,368.0,,True,False,False,False,2026-09-16 12:12:47+00:00,2026-09-16 12:12:54.690496+00:00
20260916,-460769293585121233,3190070174226799520,23-M.812.150.48.B.8.91119405,0,SCHEDULED,0.0,0.0,False,False,False,False,2026-09-16 12:12:47+00:00,2026-09-16 12:12:54.690496+00:00
20260916,3528247148565883103,-4951170100544164659,31-K.812.150.48.B.8.91116247,0,REPLACEMENT,0.0,0.0,False,False,False,False,2026-09-16 12:12:47+00:00,2026-09-16 12:12:54.690496+00:00
20260916,-460769293585121233,-6392983821529205911,67-D.812.150.24.M.8.91115720,0,REPLACEMENT,0.0,0.0,False,False,False,False,2026-09-16 12:12:47+00:00,2026-09-16 12:12:54.690496+00:00
20260916,-8590447049958111075,-5233084764587315483,68-M.812.150.48.M.8.91114953,0,SCHEDULED,0.0,0.0,False,False,False,False,2026-09-16 12:12:47+00:00,2026-09-16 12:12:54.690496+00:00
20260916,-3402953319642480407,6397732518428268815,1--V.812.150.112.B.8.91114828,0,SCHEDULED,8.0,8.0,False,False,False,False,2026-09-16 12:12:47+00:00,2026-09-16 12:12:54.690496+00:00
20260916,-460769293585121233,3190070174226799520,10-T.812.150.16.B.8.91116248,0,REPLACEMENT,0.0,0.0,False,False,False,False,2026-09-16 12:12:47+00:00,2026-09-16 12:12:54.690496+00:00
20260916,-3402953319642480407,7175806582231014910,48-W.812.150.16.A.8.91118594,0,SCHEDULED,0.0,0.0,False,False,False,False,2026-09-16 12:12:47+00:00,2026-09-16 12:12:54.690496+00:00
20260916,3446910552962544978,5325732334203441388,45-P.812.150.16.A.8.91115998,0,SCHEDULED,0.0,0.0,False,False,False,False,2026-09-16 12:12:47+00:00,2026-09-16 12:12:54.690496+00:00
20260916,-460769293585121233,3190070174226799520,14-N.812.150.48.B.8.91116378,0,SCHEDULED,0.0,0.0,False,False,False,False,2026-09-16 12:12:47+00:00,2026-09-16 12:12:54.690496+00:00
20260916,-460769293585121233,3190070174226799520,28-S.812.150.48.B.8.91119507,0,REPLACEMENT,0.0,0.0,False,False,False,False,2026-09-16 12:12:47+00:00,2026-09-16 12:12:54.690496+00:00
20260916,3528247148565883103,3530997658741324356,63-K.812.150.16.M.8.91115711,0,REPLACEMENT,0.0,0.0,False,False,False,False,2026-09-16 12:12:47+00:00,2026-09-16 12:12:54.690496+00:00
20260916,-3402953319642480407,7175806582231014910,711W.812.150.16.B.8.91116324,0,SCHEDULED,0.0,0.0,False,False,False,False,2026-09-16 12:12:47+00:00,2026-09-16 12:12:54.690496+00:00
20260916,-460769293585121233,3190070174226799520,29-Y.812.150.48.B.8.91999318,0,SCHEDULED,0.0,0.0,False,False,False,False,2026-09-16 12:12:47+00:00,2026-09-16 12:12:54.690496+00:00
20260916,-3402953319642480407,7175806582231014910,28-P.812.150.48.B.8.91116117,0,SCHEDULED,0.0,0.0,False,False,False,False,2026-09-16 12:12:47+00:00,2026-09-16 12:12:54.690496+00:00
20260916,-460769293585121233,3190070174226799520,94-P.812.150.16.A.8.91115792,0,SCHEDULED,0.0,0.0,False,False,False,False,2026-09-16 12:12:47+00:00,2026-09-16 12:12:54.690496+00:00
20260916,3446910552962544978,5325732334203441388,81-R.812.150.48.A.8.91116114,0,SCHEDULED,93.0,63.0,False,False,False,False,2026-09-16 12:12:47+00:00,2026-09-16 12:12:54.690496+00:00
20260916,-6417094206083242795,-4667185445057793362,90-U.812.150.48.A.8.91116907,0,REPLACEMENT,0.0,,False,False,False,False,2026-09-16 12:12:47+00:00,2026-09-16 12:12:54.690496+00:00
20260916,-8590447049958111075,-5233084764587315483,90XU.812.150.48.A.8.91116167,0,SCHEDULED,0.0,0.0,False,False,False,False,2026-09-16 12:12:47+00:00,2026-09-16 12:12:54.690496+00:00
20260916,-460769293585121233,3190070174226799520,89-S.812.150.16.A.8.91117743,0,SCHEDULED,0.0,0.0,False,False,False,False,2026-09-16 12:12:47+00:00,2026-09-16 12:12:54.690496+00:00
20260916,-3402953319642480407,7175806582231014910,9--W.812.150.16.B.8.91117445,0,SCHEDULED,0.0,0.0,False,False,False,False,2026-09-16 12:12:47+00:00,2026-09-16 12:12:54.690496+00:00
20260916,3446910552962544978,5325732334203441388,95-K.812.150.16.A.8.91116745,0,SCHEDULED,0.0,0.0,False,False,False,False,2026-09-16 12:12:47+00:00,2026-09-16 12:12:54.690496+00:00
20260916,-3402953319642480407,7175806582231014910,91-U.812.150.48.A.8.91117217,0,REPLACEMENT,0.0,0.0,False,False,False,False,2026-09-16 12:12:47+00:00,2026-09-16 12:12:54.690496+00:00
20260916,-3402953319642480407,7175806582231014910,96-P.812.150.48.A.8.91117095,0,SCHEDULED,0.0,0.0,False,False,False,False,2026-09-16 12:12:47+00:00,2026-09-16 12:12:54.690496+00:00
20260916,-460769293585121233,3190070174226799520,97-S.812.150.16.A.8.91115531,0,SCHEDULED,0.0,0.0,False,False,False,False,2026-09-16 12:12:47+00:00,2026-09-16 12:12:54.690496+00:00
20260916,-3402953319642480407,7175806582231014910,8--X.812.150.48.B.8.91117690,0,SCHEDULED,0.0,0.0,False,False,False,False,2026-09-16 12:12:47+00:00,2026-09-16 12:12:54.690496+00:00
20260916,-3402953319642480407,5003743779191999768,10-R.812.150.16.B.8.91119279,0,REPLACEMENT,0.0,0.0,False,False,False,False,2026-09-16 12:12:47+00:00,2026-09-16 12:12:54.690496+00:00
20260916,-460769293585121233,7361089617991580557,23-M.812.150.48.B.8.91119405,0,SCHEDULED,0.0,0.0,False,False,False,False,2026-09-16 12:12:47+00:00,2026-09-16 12:12:54.690496+00:00
20260916,3528247148565883103,-2025587412330665421,31-K.812.150.48.B.8.91116247,0,REPLACEMENT,0.0,0.0,False,False,False,False,2026-09-16 12:12:47+00:00,2026-09-16 12:12:54.690496+00:00
20260916,-460769293585121233,4112228711348460975,67-D.812.150.24.M.8.91115720,0,REPLACEMENT,0.0,0.0,False,False,False,False,2026-09-16 12:12:47+00:00,2026-09-16 12:12:54.690496+00:00
20260916,-8590447049958111075,-6881890451685034140,68-M.812.150.48.M.8.91114953,0,SCHEDULED,0.0,0.0,False,False,False,False,2026-09-16 12:12:47+00:00,2026-09-16 12:12:54.690496+00:00
20260916,-460769293585121233,7361089617991580557,10-T.812.150.16.B.8.91116248,0,REPLACEMENT,0.0,0.0,False,False,False,False,2026-09-16 12:12:47+00:00,2026-09-16 12:12:54.690496+00:00
20260916,-3402953319642480407,911857777755124858,48-W.812.150.16.A.8.91118594,0,SCHEDULED,0.0,0.0,False,False,False,False,2026-09-16 12:12:47+00:00,2026-09-16 12:12:54.690496+00:00
20260916,3446910552962544978,-813670490778064419,45-P.812.150.16.A.8.91115998,0,SCHEDULED,0.0,0.0,False,False,False,False,2026-09-16 12:12:47+00:00,2026-09-16 12:12:54.690496+00:00
20260916,-460769293585121233,7361089617991580557,14-N.812.150.48.B.8.91116378,0,SCHEDULED,0.0,0.0,False,False,False,False,2026-09-16 12:12:47+00:00,2026-09-16 12:12:54.690496+00:00
20260916,-460769293585121233,7361089617991580557,28-S.812.150.48.B.8.91119507,0,REPLACEMENT,0.0,0.0,False,False,False,False,2026-09-16 12:12:47+00:00,2026-09-16 12:12:54.690496+00:00
20260916,3528247148565883103,-8357315388285381566,63-K.812.150.16.M.8.91115711,0,REPLACEMENT,0.0,0.0,False,False,False,False,2026-09-16 12:12:47+00:00,2026-09-16 12:12:54.690496+00:00
20260916,-3402953319642480407,911857777755124858,711W.812.150.16.B.8.91116324,0,SCHEDULED,0.0,0.0,False,False,False,False,2026-09-16 12:12:47+00:00,2026-09-16 12:12:54.690496+00:00
20260916,-460769293585121233,7361089617991580557,29-Y.812.150.48.B.8.91999318,0,SCHEDULED,0.0,0.0,False,False,False,False,2026-09-16 12:12:47+00:00,2026-09-16 12:12:54.690496+00:00
20260916,-3402953319642480407,911857777755124858,28-P.812.150.48.B.8.91116117,0,SCHEDULED,0.0,0.0,False,False,False,False,2026-09-16 12:12:47+00:00,2026-09-16 12:12:54.690496+00:00
20260916,-460769293585121233,7361089617991580557,94-P.812.150.16.A.8.91115792,0,SCHEDULED,0.0,0.0,False,False,False,False,2026-09-16 12:12:47+00:00,2026-09-16 12:12:54.690496+00:00
20260916,3446910552962544978,3352645372387689306,81-R.812.150.48.A.8.91116114,0,SCHEDULED,123.0,93.0,False,False,False,False,2026-09-16 12:12:47+00:00,2026-09-16 12:12:54.690496+00:00
20260916,-6417094206083242795,5003743779191999768,90-U.812.150.48.A.8.91116907,0,REPLACEMENT,0.0,0.0,False,False,False,False,2026-09-16 12:12:47+00:00,2026-09-16 12:12:54.690496+00:00
20260916,-8590447049958111075,-6881890451685034140,90XU.812.150.48.A.8.91116167,0,SCHEDULED,0.0,0.0,False,False,False,False,2026-09-16 12:12:47+00:00,2026-09-16 12:12:54.690496+00:00
20260916,-460769293585121233,7361089617991580557,89-S.812.150.16.A.8.91117743,0,SCHEDULED,0.0,0.0,False,False,False,False,2026-09-16 12:12:47+00:00,2026-09-16 12:12:54.690496+00:00
20260916,-3402953319642480407,911857777755124858,9--W.812.150.16.B.8.91117445,0,SCHEDULED,0.0,0.0,False,False,False,False,2026-09-16 12:12:47+00:00,2026-09-16 12:12:54.690496+00:00
20260916,3446910552962544978,3352645372387689306,95-K.812.150.16.A.8.91116745,0,SCHEDULED,0.0,0.0,False,False,False,False,2026-09-16 12:12:47+00:00,2026-09-16 12:12:54.690496+00:00
20260916,-3402953319642480407,911857777755124858,91-U.812.150.48.A.8.91117217,0,REPLACEMENT,0.0,0.0,False,False,False,False,2026-09-16 12:12:47+00:00,2026-09-16 12:12:54.690496+00:00
20260916,-3402953319642480407,911857777755124858,96-P.812.150.48.A.8.91117095,0,SCHEDULED,0.0,0.0,False,False,False,False,2026-09-16 12:12:47+00:00,2026-09-16 12:12:54.690496+00:00
20260916,-460769293585121233,7361089617991580557,97-S.812.150.16.A.8.91115531,0,SCHEDULED,0.0,0.0,False,False,False,False,2026-09-16 12:12:47+00:00,2026-09-16 12:12:54.690496+00:00
20260916,-3402953319642480407,911857777755124858,8--X.812.150.48.B.8.91117690,0,SCHEDULED,0.0,0.0,False,False,False,False,2026-09-16 12:12:47+00:00,2026-09-16 12:12:54.690496+00:00
20260916,-3402953319642480407,-9866811852921965,10-R.812.150.16.B.8.91119279,0,REPLACEMENT,0.0,0.0,False,False,False,False,2026-09-16 12:12:47+00:00,2026-09-16 12:12:54.690496+00:00
20260916,-460769293585121233,-1846913295896223555,23-M.812.150.48.B.8.91119405,0,SCHEDULED,0.0,0.0,False,False,False,False,2026-09-16 12:12:47+00:00,2026-09-16 12:12:54.690496+00:00
20260916,3528247148565883103,-8357315388285381566,31-K.812.150.48.B.8.91116247,0,REPLACEMENT,0.0,0.0,False,False,False,False,2026-09-16 12:12:47+00:00,2026-09-16 12:12:54.690496+00:00
20260916,-460769293585121233,6433860402289855457,67-D.812.150.24.M.8.91115720,0,REPLACEMENT,0.0,0.0,False,False,False,False,2026-09-16 12:12:47+00:00,2026-09-16 12:12:54.690496+00:00
20260916,-8590447049958111075,7159675280344926887,68-M.812.150.48.M.8.91114953,0,SCHEDULED,0.0,0.0,False,False,False,False,2026-09-16 12:12:47+00:00,2026-09-16 12:12:54.690496+00:00
20260916,-460769293585121233,-1846913295896223555,10-T.812.150.16.B.8.91116248,0,REPLACEMENT,0.0,0.0,False,False,False,False,2026-09-16 12:12:47+00:00,2026-09-16 12:12:54.690496+00:00
20260916,-3402953319642480407,5003743779191999768,48-W.812.150.16.A.8.91118594,0,SCHEDULED,0.0,0.0,False,False,False,False,2026-09-16 12:12:47+00:00,2026-09-16 12:12:54.690496+00:00
20260916,3446910552962544978,584626096268046487,45-P.812.150.16.A.8.91115998,0,SCHEDULED,0.0,0.0,False,False,False,False,2026-09-16 12:12:47+00:00,2026-09-16 12:12:54.690496+00:00
20260916,-460769293585121233,-1846913295896223555,14-N.812.150.48.B.8.91116378,0,SCHEDULED,0.0,0.0,False,False,False,False,2026-09-16 12:12:47+00:00,2026-09-16 12:12:54.690496+00:00
20260916,-460769293585121233,-1846913295896223555,28-S.812.150.48.B.8.91119507,0,REPLACEMENT,0.0,0.0,False,False,False,False,2026-09-16 12:12:47+00:00,2026-09-16 12:12:54.690496+00:00
20260916,3528247148565883103,4639511265039178607,63-K.812.150.16.M.8.91115711,0,REPLACEMENT,0.0,0.0,False,False,False,False,2026-09-16 12:12:47+00:00,2026-09-16 12:12:54.690496+00:00
20260916,-3402953319642480407,5003743779191999768,711W.812.150.16.B.8.91116324,0,SCHEDULED,0.0,0.0,False,False,False,False,2026-09-16 12:12:47+00:00,2026-09-16 12:12:54.690496+00:00
20260916,-460769293585121233,-1846913295896223555,29-Y.812.150.48.B.8.91999318,0,SCHEDULED,0.0,0.0,False,False,False,False,2026-09-16 12:12:47+00:00,2026-09-16 12:12:54.690496+00:00
20260916,-3402953319642480407,-4951170100544164659,28-P.812.150.48.B.8.91116117,0,SCHEDULED,0.0,0.0,False,False,False,False,2026-09-16 12:12:47+00:00,2026-09-16 12:12:54.690496+00:00
20260916,-460769293585121233,-1846913295896223555,94-P.812.150.16.A.8.91115792,0,SCHEDULED,0.0,0.0,False,False,False,False,2026-09-16 12:12:47+00:00,2026-09-16 12:12:54.690496+00:00
20260916,3446910552962544978,-813670490778064419,81-R.812.150.48.A.8.91116114,0,SCHEDULED,0.0,0.0,False,False,False,False,2026-09-16 12:12:47+00:00,2026-09-16 12:12:54.690496+00:00
20260916,-6417094206083242795,-9866811852921965,90-U.812.150.48.A.8.91116907,0,REPLACEMENT,0.0,0.0,False,False,False,False,2026-09-16 12:12:47+00:00,2026-09-16 12:12:54.690496+00:00
20260916,-8590447049958111075,-2514855566074434979,90XU.812.150.48.A.8.91116167,0,SCHEDULED,0.0,0.0,False,False,False,False,2026-09-16 12:12:47+00:00,2026-09-16 12:12:54.690496+00:00
20260916,-460769293585121233,-1846913295896223555,89-S.812.150.16.A.8.91117743,0,SCHEDULED,0.0,0.0,False,False,False,False,2026-09-16 12:12:47+00:00,2026-09-16 12:12:54.690496+00:00
20260916,-3402953319642480407,5003743779191999768,9--W.812.150.16.B.8.91117445,0,SCHEDULED,0.0,0.0,False,False,False,False,2026-09-16 12:12:47+00:00,2026-09-16 12:12:54.690496+00:00
20260916,3446910552962544978,-813670490778064419,95-K.812.150.16.A.8.91116745,0,SCHEDULED,0.0,0.0,False,False,False,False,2026-09-16 12:12:47+00:00,2026-09-16 12:12:54.690496+00:00
20260916,-3402953319642480407,-3176105750812332413,91-U.812.150.48.A.8.91117217,0,REPLACEMENT,0.0,0.0,False,False,False,False,2026-09-16 12:12:47+00:00,2026-09-16 12:12:54.690496+00:00
20260916,-3402953319642480407,5003743779191999768,96-P.812.150.48.A.8.91117095,0,SCHEDULED,0.0,0.0,False,False,False,False,2026-09-16 12:12:47+00:00,2026-09-16 12:12:54.690496+00:00
20260916,-460769293585121233,-1846913295896223555,97-S.812.150.16.A.8.91115531,0,SCHEDULED,0.0,0.0,False,False,False,False,2026-09-16 12:12:47+00:00,2026-09-16 12:12:54.690496+00:00
20260916,-3402953319642480407,5003743779191999768,8--X.812.150.48.B.8.91117690,0,SCHEDULED,0.0,0.0,False,False,False,False,2026-09-16 12:12:47+00:00,2026-09-16 12:12:54.690496+00:00
20260916,-3402953319642480407,4975443218545068791,10-R.812.150.16.B.8.91119279,0,REPLACEMENT,0.0,0.0,False,False,False,False,2026-09-16 12:12:47+00:00,2026-09-16 12:12:54.690496+00:00
20260916,-460769293585121233,-6374804986212534679,23-M.812.150.48.B.8.91119405,0,SCHEDULED,0.0,0.0,False,False,False,False,2026-09-16 12:12:47+00:00,2026-09-16 12:12:54.690496+00:00
20260916,3528247148565883103,4639511265039178607,31-K.812.150.48.B.8.91116247,0,REPLACEMENT,0.0,0.0,False,False,False,False,2026-09-16 12:12:47+00:00,2026-09-16 12:12:54.690496+00:00
20260916,-460769293585121233,8018300634964295518,67-D.812.150.24.M.8.91115720,0,REPLACEMENT,0.0,0.0,False,False,False,False,2026-09-16 12:12:47+00:00,2026-09-16 12:12:54.690496+00:00
20260916,-8590447049958111075,-2514855566074434979,68-M.812.150.48.M.8.91114953,0,SCHEDULED,0.0,0.0,False,False,False,False,2026-09-16 12:12:47+00:00,2026-09-16 12:12:54.690496+00:00
20260916,-460769293585121233,-6374804986212534679,10-T.812.150.16.B.8.91116248,0,REPLACEMENT,0.0,0.0,False,False,False,False,2026-09-16 12:12:47+00:00,2026-09-16 12:12:54.690496+00:00
20260916,-3402953319642480407,-9866811852921965,48-W.812.150.16.A.8.91118594,0,SCHEDULED,0.0,0.0,False,False,False,False,2026-09-16 12:12:47+00:00,2026-09-16 12:12:54.690496+00:00
20260916,3446910552962544978,-8770715072030729433,45-P.812.150.16.A.8.91115998,0,SCHEDULED,0.0,0.0,False,False,False,False,2026-09-16 12:12:47+00:00,2026-09-16 12:12:54.690496+00:00
20260916,-460769293585121233,-6374804986212534679,14-N.812.150.48.B.8.91116378,0,SCHEDULED,0.0,0.0,False,False,False,False,2026-09-16 12:12:47+00:00,2026-09-16 12:12:54.690496+00:00
20260916,-460769293585121233,-6374804986212534679,28-S.812.150.48.B.8.91119507,0,REPLACEMENT,0.0,0.0,False,False,False,False,2026-09-16 12:12:47+00:00,2026-09-16 12:12:54.690496+00:00
20260916,3528247148565883103,1666037865923945304,63-K.812.150.16.M.8.91115711,0,REPLACEMENT,0.0,0.0,False,False,False,False,2026-09-16 12:12:47+00:00,2026-09-16 12:12:54.690496+00:00
20260916,-3402953319642480407,-9866811852921965,711W.812.150.16.B.8.91116324,0,SCHEDULED,0.0,0.0,False,False,False,False,2026-09-16 12:12:47+00:00,2026-09-16 12:12:54.690496+00:00
20260916,-460769293585121233,-6374804986212534679,29-Y.812.150.48.B.8.91999318,0,SCHEDULED,0.0,0.0,False,False,False,False,2026-09-16 12:12:47+00:00,2026-09-16 12:12:54.690496+00:00
20260916,-3402953319642480407,-2025587412330665421,28-P.812.150.48.B.8.91116117,0,SCHEDULED,0.0,0.0,False,False,False,False,2026-09-16 12:12:47+00:00,2026-09-16 12:12:54.690496+00:00
20260916,-460769293585121233,-6374804986212534679,94-P.812.150.16.A.8.91115792,0,SCHEDULED,0.0,0.0,False,False,False,False,2026-09-16 12:12:47+00:00,2026-09-16 12:12:54.690496+00:00
20260916,3446910552962544978,584626096268046487,81-R.812.150.48.A.8.91116114,0,SCHEDULED,0.0,0.0,False,False,False,False,2026-09-16 12:12:47+00:00,2026-09-16 12:12:54.690496+00:00
20260916,-6417094206083242795,4975443218545068791,90-U.812.150.48.A.8.91116907,0,REPLACEMENT,0.0,0.0,False,False,False,False,2026-09-16 12:12:47+00:00,2026-09-16 12:12:54.690496+00:00
20260916,-8590447049958111075,7743567483893141401,90XU.812.150.48.A.8.91116167,0,SCHEDULED,0.0,0.0,False,False,False,False,2026-09-16 12:12:47+00:00,2026-09-16 12:12:54.690496+00:00
20260916,-460769293585121233,-6374804986212534679,89-S.812.150.16.A.8.91117743,0,SCHEDULED,0.0,0.0,False,False,False,False,2026-09-16 12:12:47+00:00,2026-09-16 12:12:54.690496+00:00
20260916,-3402953319642480407,-9866811852921965,9--W.812.150.16.B.8.91117445,0,SCHEDULED,0.0,0.0,False,False,False,False,2026-09-16 12:12:47+00:00,2026-09-16 12:12:54.690496+00:00
20260916,3446910552962544978,584626096268046487,95-K.812.150.16.A.8.91116745,0,SCHEDULED,0.0,0.0,False,False,False,False,2026-09-16 12:12:47+00:00,2026-09-16 12:12:54.690496+00:00
20260916,-3402953319642480407,-5255448556643546020,91-U.812.150.48.A.8.91117217,0,REPLACEMENT,0.0,0.0,False,False,False,False,2026-09-16 12:12:47+00:00,2026-09-16 12:12:54.690496+00:00
20260916,-3402953319642480407,-9866811852921965,96-P.812.150.48.A.8.91117095,0,SCHEDULED,0.0,0.0,False,False,False,False,2026-09-16 12:12:47+00:00,2026-09-16 12:12:54.690496+00:00
20260916,-460769293585121233,-6374804986212534679,97-S.812.150.16.A.8.91115531,0,SCHEDULED,0.0,0.0,False,False,False,False,2026-09-16 12:12:47+00:00,2026-09-16 12:12:54.690496+00:00
20260916,-3402953319642480407,-9866811852921965,8--X.812.150.48.B.8.91117690,0,SCHEDULED,0.0,0.0,False,False,False,False,2026-09-16 12:12:47+00:00,2026-09-16 12:12:54.690496+00:00
20260916,-3402953319642480407,-2599253331927150451,10-R.812.150.16.B.8.91119279,0,REPLACEMENT,0.0,0.0,False,False,False,False,2026-09-16 12:12:47+00:00,2026-09-16 12:12:54.690496+00:00
20260916,-460769293585121233,4035007733745118008,23-M.812.150.48.B.8.91119405,0,SCHEDULED,0.0,0.0,False,False,False,False,2026-09-16 12:12:47+00:00,2026-09-16 12:12:54.690496+00:00
20260916,3528247148565883103,1666037865923945304,31-K.812.150.48.B.8.91116247,0,REPLACEMENT,0.0,0.0,False,False,False,False,2026-09-16 12:12:47+00:00,2026-09-16 12:12:54.690496+00:00
20260916,-460769293585121233,-58550018904788370,67-D.812.150.24.M.8.91115720,0,REPLACEMENT,0.0,0.0,False,False,False,False,2026-09-16 12:12:47+00:00,2026-09-16 12:12:54.690496+00:00
20260916,-8590447049958111075,7743567483893141401,68-M.812.150.48.M.8.91114953,0,SCHEDULED,0.0,0.0,False,False,False,False,2026-09-16 12:12:47+00:00,2026-09-16 12:12:54.690496+00:00
20260916,-460769293585121233,4035007733745118008,10-T.812.150.16.B.8.91116248,0,REPLACEMENT,0.0,0.0,False,False,False,False,2026-09-16 12:12:47+00:00,2026-09-16 12:12:54.690496+00:00
20260916,-3402953319642480407,8433499099999165160,48-W.812.150.16.A.8.91118594,0,SCHEDULED,0.0,0.0,False,False,False,False,2026-09-16 12:12:47+00:00,2026-09-16 12:12:54.690496+00:00
20260916,3446910552962544978,6454505287423670904,45-P.812.150.16.A.8.91115998,0,SCHEDULED,0.0,0.0,False,False,False,False,2026-09-16 12:12:47+00:00,2026-09-16 12:12:54.690496+00:00
20260916,-460769293585121233,4035007733745118008,14-N.812.150.48.B.8.91116378,0,SCHEDULED,0.0,0.0,False,False,False,False,2026-09-16 12:12:47+00:00,2026-09-16 12:12:54.690496+00:00
20260916,-460769293585121233,4035007733745118008,28-S.812.150.48.B.8.91119507,0,REPLACEMENT,0.0,0.0,False,False,False,False,2026-09-16 12:12:47+00:00,2026-09-16 12:12:54.690496+00:00
20260916,3528247148565883103,6399282986097084414,63-K.812.150.16.M.8.91115711,0,REPLACEMENT,0.0,0.0,False,False,False,False,2026-09-16 12:12:47+00:00,2026-09-16 12:12:54.690496+00:00
20260916,-3402953319642480407,8433499099999165160,711W.812.150.16.B.8.91116324,0,SCHEDULED,0.0,0.0,False,False,False,False,2026-09-16 12:12:47+00:00,2026-09-16 12:12:54.690496+00:00
20260916,-460769293585121233,4035007733745118008,29-Y.812.150.48.B.8.91999318,0,SCHEDULED,0.0,0.0,False,False,False,False,2026-09-16 12:12:47+00:00,2026-09-16 12:12:54.690496+00:00
20260916,-460769293585121233,4035007733745118008,94-P.812.150.16.A.8.91115792,0,SCHEDULED,0.0,0.0,False,False,False,False,2026-09-16 12:12:47+00:00,2026-09-16 12:12:54.690496+00:00
20260916,3446910552962544978,-8770715072030729433,81-R.812.150.48.A.8.91116114,0,SCHEDULED,63.0,0.0,False,False,False,False,2026-09-16 12:12:47+00:00,2026-09-16 12:12:54.690496+00:00
20260916,-6417094206083242795,-4951170100544164659,90-U.812.150.48.A.8.91116907,0,REPLACEMENT,0.0,0.0,False,False,False,False,2026-09-16 12:12:47+00:00,2026-09-16 12:12:54.690496+00:00
20260916,-8590447049958111075,3397063832735101598,90XU.812.150.48.A.8.91116167,0,SCHEDULED,0.0,0.0,False,False,False,False,2026-09-16 12:12:47+00:00,2026-09-16 12:12:54.690496+00:00
20260916,-460769293585121233,4035007733745118008,89-S.812.150.16.A.8.91117743,0,SCHEDULED,0.0,0.0,False,False,False,False,2026-09-16 12:12:47+00:00,2026-09-16 12:12:54.690496+00:00
20260916,-3402953319642480407,8433499099999165160,9--W.812.150.16.B.8.91117445,0,SCHEDULED,0.0,0.0,False,False,False,False,2026-09-16 12:12:47+00:00,2026-09-16 12:12:54.690496+00:00
20260916,3446910552962544978,-8770715072030729433,95-K.812.150.16.A.8.91116745,0,SCHEDULED,0.0,0.0,False,False,False,False,2026-09-16 12:12:47+00:00,2026-09-16 12:12:54.690496+00:00
20260916,-3402953319642480407,-2599253331927150451,91-U.812.150.48.A.8.91117217,0,REPLACEMENT,0.0,0.0,False,False,False,False,2026-09-16 12:12:47+00:00,2026-09-16 12:12:54.690496+00:00
20260916,-3402953319642480407,4975443218545068791,96-P.812.150.48.A.8.91117095,0,SCHEDULED,0.0,0.0,False,False,False,False,2026-09-16 12:12:47+00:00,2026-09-16 12:12:54.690496+00:00
20260916,-460769293585121233,4035007733745118008,97-S.812.150.16.A.8.91115531,0,SCHEDULED,0.0,0.0,False,False,False,False,2026-09-16 12:12:47+00:00,2026-09-16 12:12:54.690496+00:00
20260916,-3402953319642480407,8433499099999165160,8--X.812.150.48.B.8.91117690,0,SCHEDULED,0.0,0.0,False,False,False,False,2026-09-16 12:12:47+00:00,2026-09-16 12:12:54.690496+00:00
20260916,-3402953319642480407,-4951170100544164659,10-R.812.150.16.B.8.91119279,0,REPLACEMENT,0.0,0.0,False,False,False,False,2026-09-16 12:12:47+00:00,2026-09-16 12:12:54.690496+00:00
20260916,-460769293585121233,-6392983821529205911,23-M.812.150.48.B.8.91119405,0,SCHEDULED,0.0,0.0,False,False,False,False,2026-09-16 12:12:47+00:00,2026-09-16 12:12:54.690496+00:00
20260916,3528247148565883103,6399282986097084414,31-K.812.150.48.B.8.91116247,0,REPLACEMENT,0.0,0.0,False,False,False,False,2026-09-16 12:12:47+00:00,2026-09-16 12:12:54.690496+00:00
20260916,-460769293585121233,-8124887518194804311,67-D.812.150.24.M.8.91115720,0,REPLACEMENT,0.0,0.0,False,False,False,False,2026-09-16 12:12:47+00:00,2026-09-16 12:12:54.690496+00:00
20260916,-8590447049958111075,3397063832735101598,68-M.812.150.48.M.8.91114953,0,SCHEDULED,0.0,0.0,False,False,False,False,2026-09-16 12:12:47+00:00,2026-09-16 12:12:54.690496+00:00
20260916,-460769293585121233,-6392983821529205911,10-T.812.150.16.B.8.91116248,0,REPLACEMENT,0.0,0.0,False,False,False,False,2026-09-16 12:12:47+00:00,2026-09-16 12:12:54.690496+00:00
20260916,-3402953319642480407,-3176105750812332413,48-W.812.150.16.A.8.91118594,0,SCHEDULED,0.0,0.0,False,False,False,False,2026-09-16 12:12:47+00:00,2026-09-16 12:12:54.690496+00:00
20260916,-460769293585121233,-6392983821529205911,14-N.812.150.48.B.8.91116378,0,SCHEDULED,0.0,0.0,False,False,False,False,2026-09-16 12:12:47+00:00,2026-09-16 12:12:54.690496+00:00
20260916,-460769293585121233,-6392983821529205911,28-S.812.150.48.B.8.91119507,0,REPLACEMENT,0.0,0.0,False,False,False,False,2026-09-16 12:12:47+00:00,2026-09-16 12:12:54.690496+00:00
20260916,3528247148565883103,5325732334203441388,63-K.812.150.16.M.8.91115711,0,REPLACEMENT,0.0,0.0,False,False,False,False,2026-09-16 12:12:47+00:00,2026-09-16 12:12:54.690496+00:00
20260916,-3402953319642480407,-3176105750812332413,711W.812.150.16.B.8.91116324,0,SCHEDULED,0.0,0.0,False,False,False,False,2026-09-16 12:12:47+00:00,2026-09-16 12:12:54.690496+00:00
20260916,-460769293585121233,-6392983821529205911,29-Y.812.150.48.B.8.91999318,0,SCHEDULED,0.0,0.0,False,False,False,False,2026-09-16 12:12:47+00:00,2026-09-16 12:12:54.690496+00:00
20260916,-460769293585121233,-6392983821529205911,94-P.812.150.16.A.8.91115792,0,SCHEDULED,0.0,0.0,False,False,False,False,2026-09-16 12:12:47+00:00,2026-09-16 12:12:54.690496+00:00
20260916,3446910552962544978,6454505287423670904,81-R.812.150.48.A.8.91116114,0,SCHEDULED,0.0,0.0,False,False,False,False,2026-09-16 12:12:47+00:00,2026-09-16 12:12:54.690496+00:00
20260916,-6417094206083242795,-2025587412330665421,90-U.812.150.48.A.8.91116907,0,REPLACEMENT,0.0,0.0,False,False,False,False,2026-09-16 12:12:47+00:00,2026-09-16 12:12:54.690496+00:00
20260916,-8590447049958111075,-5002540093226759354,90XU.812.150.48.A.8.91116167,0,SCHEDULED,0.0,0.0,False,False,False,False,2026-09-16 12:12:47+00:00,2026-09-16 12:12:54.690496+00:00
20260916,-460769293585121233,-6392983821529205911,89-S.812.150.16.A.8.91117743,0,SCHEDULED,0.0,0.0,False,False,False,False,2026-09-16 12:12:47+00:00,2026-09-16 12:12:54.690496+00:00
20260916,-3402953319642480407,-3176105750812332413,9--W.812.150.16.B.8.91117445,0,SCHEDULED,0.0,0.0,False,False,False,False,2026-09-16 12:12:47+00:00,2026-09-16 12:12:54.690496+00:00
20260916,3446910552962544978,6454505287423670904,95-K.812.150.16.A.8.91116745,0,SCHEDULED,0.0,0.0,False,False,False,False,2026-09-16 12:12:47+00:00,2026-09-16 12:12:54.690496+00:00
20260916,-3402953319642480407,-4951170100544164659,91-U.812.150.48.A.8.91117217,0,REPLACEMENT,0.0,0.0,False,False,False,False,2026-09-16 12:12:47+00:00,2026-09-16 12:12:54.690496+00:00
20260916,-3402953319642480407,-4951170100544164659,96-P.812.150.48.A.8.91117095,0,SCHEDULED,0.0,0.0,False,False,False,False,2026-09-16 12:12:47+00:00,2026-09-16 12:12:54.690496+00:00
20260916,-460769293585121233,-6392983821529205911,97-S.812.150.16.A.8.91115531,0,SCHEDULED,0.0,0.0,False,False,False,False,2026-09-16 12:12:47+00:00,2026-09-16 12:12:54.690496+00:00
20260916,-3402953319642480407,-3176105750812332413,8--X.812.150.48.B.8.91117690,0,SCHEDULED,0.0,0.0,False,False,False,False,2026-09-16 12:12:47+00:00,2026-09-16 12:12:54.690496+00:00
20260916,-3402953319642480407,-2025587412330665421,10-R.812.150.16.B.8.91119279,0,REPLACEMENT,0.0,0.0,False,False,False,False,2026-09-16 12:12:47+00:00,2026-09-16 12:12:54.690496+00:00
20260916,-460769293585121233,4112228711348460975,23-M.812.150.48.B.8.91119405,0,SCHEDULED,0.0,0.0,False,False,False,False,2026-09-16 12:12:47+00:00,2026-09-16 12:12:54.690496+00:00
20260916,3528247148565883103,5325732334203441388,31-K.812.150.48.B.8.91116247,0,REPLACEMENT,0.0,0.0,False,False,False,False,2026-09-16 12:12:47+00:00,2026-09-16 12:12:54.690496+00:00
20260916,-460769293585121233,-5177262675263154517,67-D.812.150.24.M.8.91115720,0,REPLACEMENT,0.0,0.0,False,False,False,False,2026-09-16 12:12:47+00:00,2026-09-16 12:12:54.690496+00:00
20260916,-8590447049958111075,-5002540093226759354,68-M.812.150.48.M.8.91114953,0,SCHEDULED,17.0,0.0,False,False,False,False,2026-09-16 12:12:47+00:00,2026-09-16 12:12:54.690496+00:00
20260916,-460769293585121233,4112228711348460975,10-T.812.150.16.B.8.91116248,0,REPLACEMENT,0.0,0.0,False,False,False,False,2026-09-16 12:12:47+00:00,2026-09-16 12:12:54.690496+00:00
20260916,-3402953319642480407,-5255448556643546020,48-W.812.150.16.A.8.91118594,0,SCHEDULED,0.0,0.0,False,False,False,False,2026-09-16 12:12:47+00:00,2026-09-16 12:12:54.690496+00:00
20260916,-460769293585121233,4112228711348460975,14-N.812.150.48.B.8.91116378,0,SCHEDULED,0.0,0.0,False,False,False,False,2026-09-16 12:12:47+00:00,2026-09-16 12:12:54.690496+00:00
20260916,-460769293585121233,4112228711348460975,28-S.812.150.48.B.8.91119507,0,REPLACEMENT,0.0,0.0,False,False,False,False,2026-09-16 12:12:47+00:00,2026-09-16 12:12:54.690496+00:00
20260916,3528247148565883103,3352645372387689306,63-K.812.150.16.M.8.91115711,0,REPLACEMENT,0.0,0.0,False,False,False,False,2026-09-16 12:12:47+00:00,2026-09-16 12:12:54.690496+00:00
20260916,-3402953319642480407,-5255448556643546020,711W.812.150.16.B.8.91116324,0,SCHEDULED,0.0,0.0,False,False,False,False,2026-09-16 12:12:47+00:00,2026-09-16 12:12:54.690496+00:00
20260916,-460769293585121233,4112228711348460975,29-Y.812.150.48.B.8.91999318,0,SCHEDULED,0.0,0.0,False,False,False,False,2026-09-16 12:12:47+00:00,2026-09-16 12:12:54.690496+00:00
20260916,-460769293585121233,4112228711348460975,94-P.812.150.16.A.8.91115792,0,SCHEDULED,0.0,0.0,False,False,False,False,2026-09-16 12:12:47+00:00,2026-09-16 12:12:54.690496+00:00
20260916,3446910552962544978,-7153867206641337415,81-R.812.150.48.A.8.91116114,0,SCHEDULED,153.0,123.0,False,False,False,False,2026-09-16 12:12:47+00:00,2026-09-16 12:12:54.690496+00:00
20260916,-6417094206083242795,1741549004991027864,90-U.812.150.48.A.8.91116907,0,REPLACEMENT,0.0,0.0,False,False,False,False,2026-09-16 12:12:47+00:00,2026-09-16 12:12:54.690496+00:00
20260916,-8590447049958111075,681618318175054217,90XU.812.150.48.A.8.91116167,0,SCHEDULED,0.0,0.0,False,False,False,False,2026-09-16 12:12:47+00:00,2026-09-16 12:12:54.690496+00:00
20260916,-460769293585121233,4112228711348460975,89-S.812.150.16.A.8.91117743,0,SCHEDULED,0.0,0.0,False,False,False,False,2026-09-16 12:12:47+00:00,2026-09-16 12:12:54.690496+00:00
20260916,-3402953319642480407,-5255448556643546020,9--W.812.150.16.B.8.91117445,0,SCHEDULED,0.0,0.0,False,False,False,False,2026-09-16 12:12:47+00:00,2026-09-16 12:12:54.690496+00:00
20260916,3446910552962544978,-7153867206641337415,95-K.812.150.16.A.8.91116745,0,SCHEDULED,0.0,0.0,False,False,False,False,2026-09-16 12:12:47+00:00,2026-09-16 12:12:54.690496+00:00
20260916,-3402953319642480407,-2025587412330665421,91-U.812.150.48.A.8.91117217,0,REPLACEMENT,0.0,0.0,False,False,False,False,2026-09-16 12:12:47+00:00,2026-09-16 12:12:54.690496+00:00
20260916,-3402953319642480407,-2025587412330665421,96-P.812.150.48.A.8.91117095,0,SCHEDULED,0.0,0.0,False,False,False,False,2026-09-16 12:12:47+00:00,2026-09-16 12:12:54.690496+00:00
20260916,-460769293585121233,4112228711348460975,97-S.812.150.16.A.8.91115531,0,SCHEDULED,0.0,0.0,False,False,False,False,2026-09-16 12:12:47+00:00,2026-09-16 12:12:54.690496+00:00
20260916,-3402953319642480407,-5255448556643546020,8--X.812.150.48.B.8.91117690,0,SCHEDULED,0.0,0.0,False,False,False,False,2026-09-16 12:12:47+00:00,2026-09-16 12:12:54.690496+00:00
20260916,-3402953319642480407,-8357315388285381566,10-R.812.150.16.B.8.91119279,0,REPLACEMENT,0.0,0.0,False,False,False,False,2026-09-16 12:12:47+00:00,2026-09-16 12:12:54.690496+00:00
20260916,-460769293585121233,-964187764130561313,23-M.812.150.48.B.8.91119405,0,SCHEDULED,0.0,0.0,False,False,False,False,2026-09-16 12:12:47+00:00,2026-09-16 12:12:54.690496+00:00
20260916,3528247148565883103,3352645372387689306,31-K.812.150.48.B.8.91116247,0,REPLACEMENT,0.0,0.0,False,False,False,False,2026-09-16 12:12:47+00:00,2026-09-16 12:12:54.690496+00:00
20260916,-460769293585121233,-149142017732854358,67-D.812.150.24.M.8.91115720,0,REPLACEMENT,0.0,0.0,False,False,False,False,2026-09-16 12:12:47+00:00,2026-09-16 12:12:54.690496+00:00
20260916,-8590447049958111075,681618318175054217,68-M.812.150.48.M.8.91114953,0,SCHEDULED,17.0,17.0,False,False,False,False,2026-09-16 12:12:47+00:00,2026-09-16 12:12:54.690496+00:00
20260916,-460769293585121233,-964187764130561313,10-T.812.150.16.B.8.91116248,0,REPLACEMENT,0.0,0.0,False,False,False,False,2026-09-16 12:12:47+00:00,2026-09-16 12:12:54.690496+00:00
20260916,-3402953319642480407,-8282519301084777906,48-W.812.150.16.A.8.91118594,0,SCHEDULED,0.0,0.0,False,False,False,False,2026-09-16 12:12:47+00:00,2026-09-16 12:12:54.690496+00:00
20260916,-460769293585121233,-964187764130561313,14-N.812.150.48.B.8.91116378,0,SCHEDULED,0.0,0.0,False,False,False,False,2026-09-16 12:12:47+00:00,2026-09-16 12:12:54.690496+00:00
20260916,-460769293585121233,-964187764130561313,28-S.812.150.48.B.8.91119507,0,REPLACEMENT,0.0,0.0,False,False,False,False,2026-09-16 12:12:47+00:00,2026-09-16 12:12:54.690496+00:00
20260916,3528247148565883103,-813670490778064419,63-K.812.150.16.M.8.91115711,0,REPLACEMENT,0.0,0.0,False,False,False,False,2026-09-16 12:12:47+00:00,2026-09-16 12:12:54.690496+00:00
20260916,-3402953319642480407,-8282519301084777906,711W.812.150.16.B.8.91116324,0,SCHEDULED,0.0,0.0,False,False,False,False,2026-09-16 12:12:47+00:00,2026-09-16 12:12:54.690496+00:00
20260916,-460769293585121233,-964187764130561313,29-Y.812.150.48.B.8.91999318,0,SCHEDULED,0.0,0.0,False,False,False,False,2026-09-16 12:12:47+00:00,2026-09-16 12:12:54.690496+00:00
20260916,-460769293585121233,-964187764130561313,94-P.812.150.16.A.8.91115792,0,SCHEDULED,0.0,0.0,False,False,False,False,2026-09-16 12:12:47+00:00,2026-09-16 12:12:54.690496+00:00
20260916,-6417094206083242795,4998266981204066956,90-U.812.150.48.A.8.91116907,0,REPLACEMENT,0.0,0.0,False,False,False,False,2026-09-16 12:12:47+00:00,2026-09-16 12:12:54.690496+00:00
20260916,-8590447049958111075,3190070174226799520,90XU.812.150.48.A.8.91116167,0,SCHEDULED,0.0,0.0,False,False,False,False,2026-09-16 12:12:47+00:00,2026-09-16 12:12:54.690496+00:00
20260916,-460769293585121233,-964187764130561313,89-S.812.150.16.A.8.91117743,0,SCHEDULED,0.0,0.0,False,False,False,False,2026-09-16 12:12:47+00:00,2026-09-16 12:12:54.690496+00:00
20260916,-3402953319642480407,-8282519301084777906,9--W.812.150.16.B.8.91117445,0,SCHEDULED,0.0,0.0,False,False,False,False,2026-09-16 12:12:47+00:00,2026-09-16 12:12:54.690496+00:00
20260916,-3402953319642480407,-8357315388285381566,91-U.812.150.48.A.8.91117217,0,REPLACEMENT,0.0,0.0,False,False,False,False,2026-09-16 12:12:47+00:00,2026-09-16 12:12:54.690496+00:00
20260916,-460769293585121233,-964187764130561313,97-S.812.150.16.A.8.91115531,0,SCHEDULED,0.0,0.0,False,False,False,False,2026-09-16 12:12:47+00:00,2026-09-16 12:12:54.690496+00:00
20260916,-3402953319642480407,-8282519301084777906,8--X.812.150.48.B.8.91117690,0,SCHEDULED,0.0,0.0,False,False,False,False,2026-09-16 12:12:47+00:00,2026-09-16 12:12:54.690496+00:00
20260916,-3402953319642480407,4639511265039178607,10-R.812.150.16.B.8.91119279,0,REPLACEMENT,0.0,0.0,False,False,False,False,2026-09-16 12:12:47+00:00,2026-09-16 12:12:54.690496+00:00
20260916,-460769293585121233,6433860402289855457,23-M.812.150.48.B.8.91119405,0,SCHEDULED,0.0,0.0,False,False,False,False,2026-09-16 12:12:47+00:00,2026-09-16 12:12:54.690496+00:00
20260916,3528247148565883103,-813670490778064419,31-K.812.150.48.B.8.91116247,0,REPLACEMENT,0.0,0.0,False,False,False,False,2026-09-16 12:12:47+00:00,2026-09-16 12:12:54.690496+00:00
20260916,-460769293585121233,2201632669708387783,67-D.812.150.24.M.8.91115720,0,REPLACEMENT,0.0,0.0,False,False,False,False,2026-09-16 12:12:47+00:00,2026-09-16 12:12:54.690496+00:00
20260916,-8590447049958111075,3190070174226799520,68-M.812.150.48.M.8.91114953,0,SCHEDULED,17.0,17.0,False,False,False,False,2026-09-16 12:12:47+00:00,2026-09-16 12:12:54.690496+00:00
20260916,-460769293585121233,6433860402289855457,10-T.812.150.16.B.8.91116248,0,REPLACEMENT,0.0,0.0,False,False,False,False,2026-09-16 12:12:47+00:00,2026-09-16 12:12:54.690496+00:00
20260916,-3402953319642480407,6397732518428268815,48-W.812.150.16.A.8.91118594,0,SCHEDULED,0.0,0.0,False,False,False,False,2026-09-16 12:12:47+00:00,2026-09-16 12:12:54.690496+00:00
20260916,-460769293585121233,6433860402289855457,14-N.812.150.48.B.8.91116378,0,SCHEDULED,0.0,0.0,False,False,False,False,2026-09-16 12:12:47+00:00,2026-09-16 12:12:54.690496+00:00
20260916,-460769293585121233,6433860402289855457,28-S.812.150.48.B.8.91119507,0,REPLACEMENT,0.0,0.0,False,False,False,False,2026-09-16 12:12:47+00:00,2026-09-16 12:12:54.690496+00:00
20260916,3528247148565883103,584626096268046487,63-K.812.150.16.M.8.91115711,0,REPLACEMENT,0.0,0.0,False,False,False,False,2026-09-16 12:12:47+00:00,2026-09-16 12:12:54.690496+00:00
20260916,-3402953319642480407,6397732518428268815,711W.812.150.16.B.8.91116324,0,SCHEDULED,0.0,0.0,False,False,False,False,2026-09-16 12:12:47+00:00,2026-09-16 12:12:54.690496+00:00
20260916,-460769293585121233,6433860402289855457,94-P.812.150.16.A.8.91115792,0,SCHEDULED,0.0,0.0,False,False,False,False,2026-09-16 12:12:47+00:00,2026-09-16 12:12:54.690496+00:00
20260916,-6417094206083242795,2914090783436591364,90-U.812.150.48.A.8.91116907,0,REPLACEMENT,0.0,0.0,False,False,False,False,2026-09-16 12:12:47+00:00,2026-09-16 12:12:54.690496+00:00
20260916,-8590447049958111075,-6392983821529205911,90XU.812.150.48.A.8.91116167,0,SCHEDULED,0.0,0.0,False,False,False,False,2026-09-16 12:12:47+00:00,2026-09-16 12:12:54.690496+00:00
20260916,-460769293585121233,6433860402289855457,89-S.812.150.16.A.8.91117743,0,SCHEDULED,43.0,13.0,False,False,False,False,2026-09-16 12:12:47+00:00,2026-09-16 12:12:54.690496+00:00
20260916,-3402953319642480407,6397732518428268815,9--W.812.150.16.B.8.91117445,0,SCHEDULED,0.0,0.0,False,False,False,False,2026-09-16 12:12:47+00:00,2026-09-16 12:12:54.690496+00:00
20260916,-3402953319642480407,4639511265039178607,91-U.812.150.48.A.8.91117217,0,REPLACEMENT,0.0,0.0,False,False,False,False,2026-09-16 12:12:47+00:00,2026-09-16 12:12:54.690496+00:00
20260916,-460769293585121233,6433860402289855457,97-S.812.150.16.A.8.91115531,0,SCHEDULED,0.0,0.0,False,False,False,False,2026-09-16 12:12:47+00:00,2026-09-16 12:12:54.690496+00:00
20260916,-3402953319642480407,6397732518428268815,8--X.812.150.48.B.8.91117690,0,SCHEDULED,0.0,0.0,False,False,False,False,2026-09-16 12:12:47+00:00,2026-09-16 12:12:54.690496+00:00
20260916,-3402953319642480407,1666037865923945304,10-R.812.150.16.B.8.91119279,0,REPLACEMENT,0.0,0.0,False,False,False,False,2026-09-16 12:12:47+00:00,2026-09-16 12:12:54.690496+00:00
20260916,-460769293585121233,8018300634964295518,23-M.812.150.48.B.8.91119405,0,SCHEDULED,0.0,0.0,False,False,False,False,2026-09-16 12:12:47+00:00,2026-09-16 12:12:54.690496+00:00
20260916,3528247148565883103,584626096268046487,31-K.812.150.48.B.8.91116247,0,REPLACEMENT,0.0,0.0,False,False,False,False,2026-09-16 12:12:47+00:00,2026-09-16 12:12:54.690496+00:00
20260916,-460769293585121233,8018300634964295518,10-T.812.150.16.B.8.91116248,0,REPLACEMENT,0.0,0.0,False,False,False,False,2026-09-16 12:12:47+00:00,2026-09-16 12:12:54.690496+00:00
20260916,-3402953319642480407,7358732912277179819,48-W.812.150.16.A.8.91118594,0,SCHEDULED,0.0,0.0,False,False,False,False,2026-09-16 12:12:47+00:00,2026-09-16 12:12:54.690496+00:00
20260916,-460769293585121233,8018300634964295518,14-N.812.150.48.B.8.91116378,0,SCHEDULED,0.0,0.0,False,False,False,False,2026-09-16 12:12:47+00:00,2026-09-16 12:12:54.690496+00:00
20260916,-460769293585121233,8018300634964295518,28-S.812.150.48.B.8.91119507,0,REPLACEMENT,0.0,0.0,False,False,False,False,2026-09-16 12:12:47+00:00,2026-09-16 12:12:54.690496+00:00
20260916,3528247148565883103,-8770715072030729433,63-K.812.150.16.M.8.91115711,0,REPLACEMENT,0.0,0.0,False,False,False,False,2026-09-16 12:12:47+00:00,2026-09-16 12:12:54.690496+00:00
20260916,-3402953319642480407,7358732912277179819,711W.812.150.16.B.8.91116324,0,SCHEDULED,0.0,0.0,False,False,False,False,2026-09-16 12:12:47+00:00,2026-09-16 12:12:54.690496+00:00
20260916,-460769293585121233,8018300634964295518,94-P.812.150.16.A.8.91115792,0,SCHEDULED,0.0,0.0,False,False,False,False,2026-09-16 12:12:47+00:00,2026-09-16 12:12:54.690496+00:00
20260916,-6417094206083242795,-7358212603544478442,90-U.812.150.48.A.8.91116907,0,REPLACEMENT,0.0,0.0,False,False,False,False,2026-09-16 12:12:47+00:00,2026-09-16 12:12:54.690496+00:00
20260916,-8590447049958111075,4112228711348460975,90XU.812.150.48.A.8.91116167,0,SCHEDULED,0.0,0.0,False,False,False,False,2026-09-16 12:12:47+00:00,2026-09-16 12:12:54.690496+00:00
20260916,-460769293585121233,8018300634964295518,89-S.812.150.16.A.8.91117743,0,SCHEDULED,13.0,0.0,False,False,False,False,2026-09-16 12:12:47+00:00,2026-09-16 12:12:54.690496+00:00
20260916,-3402953319642480407,7358732912277179819,9--W.812.150.16.B.8.91117445,0,SCHEDULED,0.0,0.0,False,False,False,False,2026-09-16 12:12:47+00:00,2026-09-16 12:12:54.690496+00:00
20260916,-3402953319642480407,1666037865923945304,91-U.812.150.48.A.8.91117217,0,REPLACEMENT,0.0,0.0,False,False,False,False,2026-09-16 12:12:47+00:00,2026-09-16 12:12:54.690496+00:00
20260916,-460769293585121233,8018300634964295518,97-S.812.150.16.A.8.91115531,0,SCHEDULED,0.0,0.0,False,False,False,False,2026-09-16 12:12:47+00:00,2026-09-16 12:12:54.690496+00:00
20260916,-3402953319642480407,7358732912277179819,8--X.812.150.48.B.8.91117690,0,SCHEDULED,0.0,0.0,False,False,False,False,2026-09-16 12:12:47+00:00,2026-09-16 12:12:54.690496+00:00
20260916,-3402953319642480407,6399282986097084414,10-R.812.150.16.B.8.91119279,0,REPLACEMENT,0.0,0.0,False,False,False,False,2026-09-16 12:12:47+00:00,2026-09-16 12:12:54.690496+00:00
20260916,-460769293585121233,-58550018904788370,23-M.812.150.48.B.8.91119405,0,SCHEDULED,0.0,0.0,False,False,False,False,2026-09-16 12:12:47+00:00,2026-09-16 12:12:54.690496+00:00
20260916,3528247148565883103,-8770715072030729433,31-K.812.150.48.B.8.91116247,0,REPLACEMENT,0.0,0.0,False,False,False,False,2026-09-16 12:12:47+00:00,2026-09-16 12:12:54.690496+00:00
20260916,-460769293585121233,-58550018904788370,10-T.812.150.16.B.8.91116248,0,REPLACEMENT,0.0,0.0,False,False,False,False,2026-09-16 12:12:47+00:00,2026-09-16 12:12:54.690496+00:00
20260916,-3402953319642480407,-8285915748481087547,48-W.812.150.16.A.8.91118594,0,SCHEDULED,0.0,0.0,False,False,False,False,2026-09-16 12:12:47+00:00,2026-09-16 12:12:54.690496+00:00
20260916,-460769293585121233,-58550018904788370,14-N.812.150.48.B.8.91116378,0,SCHEDULED,0.0,0.0,False,False,False,False,2026-09-16 12:12:47+00:00,2026-09-16 12:12:54.690496+00:00
20260916,-460769293585121233,-58550018904788370,28-S.812.150.48.B.8.91119507,0,REPLACEMENT,0.0,0.0,False,False,False,False,2026-09-16 12:12:47+00:00,2026-09-16 12:12:54.690496+00:00
20260916,3528247148565883103,4131841328658624689,63-K.812.150.16.M.8.91115711,0,REPLACEMENT,0.0,0.0,False,False,False,False,2026-09-16 12:12:47+00:00,2026-09-16 12:12:54.690496+00:00
20260916,-3402953319642480407,-8285915748481087547,711W.812.150.16.B.8.91116324,0,SCHEDULED,0.0,0.0,False,False,False,False,2026-09-16 12:12:47+00:00,2026-09-16 12:12:54.690496+00:00
20260916,-460769293585121233,-58550018904788370,94-P.812.150.16.A.8.91115792,0,SCHEDULED,0.0,0.0,False,False,False,False,2026-09-16 12:12:47+00:00,2026-09-16 12:12:54.690496+00:00
20260916,-6417094206083242795,5325732334203441388,90-U.812.150.48.A.8.91116907,0,REPLACEMENT,0.0,0.0,False,False,False,False,2026-09-16 12:12:47+00:00,2026-09-16 12:12:54.690496+00:00
20260916,-8590447049958111075,6433860402289855457,90XU.812.150.48.A.8.91116167,0,SCHEDULED,0.0,0.0,False,False,False,False,2026-09-16 12:12:47+00:00,2026-09-16 12:12:54.690496+00:00
20260916,-460769293585121233,-58550018904788370,89-S.812.150.16.A.8.91117743,0,SCHEDULED,103.0,103.0,False,False,False,False,2026-09-16 12:12:47+00:00,2026-09-16 12:12:54.690496+00:00
20260916,-3402953319642480407,-8285915748481087547,9--W.812.150.16.B.8.91117445,0,SCHEDULED,0.0,0.0,False,False,False,False,2026-09-16 12:12:47+00:00,2026-09-16 12:12:54.690496+00:00
20260916,-3402953319642480407,6399282986097084414,91-U.812.150.48.A.8.91117217,0,REPLACEMENT,0.0,0.0,False,False,False,False,2026-09-16 12:12:47+00:00,2026-09-16 12:12:54.690496+00:00
20260916,-460769293585121233,-58550018904788370,97-S.812.150.16.A.8.91115531,0,SCHEDULED,0.0,0.0,False,False,False,False,2026-09-16 12:12:47+00:00,2026-09-16 12:12:54.690496+00:00
20260916,-3402953319642480407,-8285915748481087547,8--X.812.150.48.B.8.91117690,0,SCHEDULED,0.0,0.0,False,False,False,False,2026-09-16 12:12:47+00:00,2026-09-16 12:12:54.690496+00:00
20260916,-3402953319642480407,5325732334203441388,10-R.812.150.16.B.8.91119279,0,REPLACEMENT,0.0,0.0,False,False,False,False,2026-09-16 12:12:47+00:00,2026-09-16 12:12:54.690496+00:00
20260916,-460769293585121233,-8124887518194804311,23-M.812.150.48.B.8.91119405,0,SCHEDULED,0.0,0.0,False,False,False,False,2026-09-16 12:12:47+00:00,2026-09-16 12:12:54.690496+00:00
20260916,3528247148565883103,4131841328658624689,31-K.812.150.48.B.8.91116247,0,REPLACEMENT,0.0,0.0,False,False,False,False,2026-09-16 12:12:47+00:00,2026-09-16 12:12:54.690496+00:00
20260916,-460769293585121233,-8124887518194804311,10-T.812.150.16.B.8.91116248,0,REPLACEMENT,0.0,0.0,False,False,False,False,2026-09-16 12:12:47+00:00,2026-09-16 12:12:54.690496+00:00
20260916,-3402953319642480407,3515798911010746374,48-W.812.150.16.A.8.91118594,0,SCHEDULED,0.0,0.0,False,False,False,False,2026-09-16 12:12:47+00:00,2026-09-16 12:12:54.690496+00:00
20260916,-460769293585121233,-8124887518194804311,14-N.812.150.48.B.8.91116378,0,SCHEDULED,0.0,0.0,False,False,False,False,2026-09-16 12:12:47+00:00,2026-09-16 12:12:54.690496+00:00
20260916,-460769293585121233,-8124887518194804311,28-S.812.150.48.B.8.91119507,0,REPLACEMENT,0.0,0.0,False,False,False,False,2026-09-16 12:12:47+00:00,2026-09-16 12:12:54.690496+00:00
20260916,3528247148565883103,-7153867206641337415,63-K.812.150.16.M.8.91115711,0,REPLACEMENT,0.0,0.0,False,False,False,False,2026-09-16 12:12:47+00:00,2026-09-16 12:12:54.690496+00:00
20260916,-3402953319642480407,3515798911010746374,711W.812.150.16.B.8.91116324,0,SCHEDULED,0.0,0.0,False,False,False,False,2026-09-16 12:12:47+00:00,2026-09-16 12:12:54.690496+00:00
20260916,-460769293585121233,-5177262675263154517,94-P.812.150.16.A.8.91115792,0,SCHEDULED,0.0,0.0,False,False,False,False,2026-09-16 12:12:47+00:00,2026-09-16 12:12:54.690496+00:00
20260916,-6417094206083242795,3352645372387689306,90-U.812.150.48.A.8.91116907,0,REPLACEMENT,0.0,0.0,False,False,False,False,2026-09-16 12:12:47+00:00,2026-09-16 12:12:54.690496+00:00
20260916,-8590447049958111075,8018300634964295518,90XU.812.150.48.A.8.91116167,0,SCHEDULED,0.0,0.0,False,False,False,False,2026-09-16 12:12:47+00:00,2026-09-16 12:12:54.690496+00:00
20260916,-460769293585121233,-8124887518194804311,89-S.812.150.16.A.8.91117743,0,SCHEDULED,103.0,103.0,False,False,False,False,2026-09-16 12:12:47+00:00,2026-09-16 12:12:54.690496+00:00
20260916,-3402953319642480407,3515798911010746374,9--W.812.150.16.B.8.91117445,0,SCHEDULED,0.0,0.0,False,False,False,False,2026-09-16 12:12:47+00:00,2026-09-16 12:12:54.690496+00:00
20260916,-3402953319642480407,5325732334203441388,91-U.812.150.48.A.8.91117217,0,REPLACEMENT,0.0,0.0,False,False,False,False,2026-09-16 12:12:47+00:00,2026-09-16 12:12:54.690496+00:00
20260916,-460769293585121233,-8124887518194804311,97-S.812.150.16.A.8.91115531,0,SCHEDULED,0.0,0.0,False,False,False,False,2026-09-16 12:12:47+00:00,2026-09-16 12:12:54.690496+00:00
20260916,-3402953319642480407,3515798911010746374,8--X.812.150.48.B.8.91117690,0,SCHEDULED,0.0,0.0,False,False,False,False,2026-09-16 12:12:47+00:00,2026-09-16 12:12:54.690496+00:00
20260916,-3402953319642480407,3352645372387689306,10-R.812.150.16.B.8.91119279,0,REPLACEMENT,0.0,0.0,False,False,False,False,2026-09-16 12:12:47+00:00,2026-09-16 12:12:54.690496+00:00
20260916,-460769293585121233,-5177262675263154517,23-M.812.150.48.B.8.91119405,0,SCHEDULED,0.0,0.0,False,False,False,False,2026-09-16 12:12:47+00:00,2026-09-16 12:12:54.690496+00:00
20260916,3528247148565883103,-7153867206641337415,31-K.812.150.48.B.8.91116247,0,REPLACEMENT,0.0,0.0,False,False,False,False,2026-09-16 12:12:47+00:00,2026-09-16 12:12:54.690496+00:00
20260916,-460769293585121233,-5177262675263154517,10-T.812.150.16.B.8.91116248,0,REPLACEMENT,0.0,0.0,False,False,False,False,2026-09-16 12:12:47+00:00,2026-09-16 12:12:54.690496+00:00
20260916,-3402953319642480407,-2599253331927150451,48-W.812.150.16.A.8.91118594,0,SCHEDULED,0.0,0.0,False,False,False,False,2026-09-16 12:12:47+00:00,2026-09-16 12:12:54.690496+00:00
20260916,-460769293585121233,-5177262675263154517,14-N.812.150.48.B.8.91116378,0,SCHEDULED,0.0,0.0,False,False,False,False,2026-09-16 12:12:47+00:00,2026-09-16 12:12:54.690496+00:00
20260916,-460769293585121233,-5177262675263154517,28-S.812.150.48.B.8.91119507,0,REPLACEMENT,0.0,0.0,False,False,False,False,2026-09-16 12:12:47+00:00,2026-09-16 12:12:54.690496+00:00
20260916,-3402953319642480407,-2599253331927150451,711W.812.150.16.B.8.91116324,0,SCHEDULED,0.0,0.0,False,False,False,False,2026-09-16 12:12:47+00:00,2026-09-16 12:12:54.690496+00:00
20260916,-460769293585121233,2201632669708387783,94-P.812.150.16.A.8.91115792,0,SCHEDULED,0.0,0.0,False,False,False,False,2026-09-16 12:12:47+00:00,2026-09-16 12:12:54.690496+00:00
20260916,-6417094206083242795,-813670490778064419,90-U.812.150.48.A.8.91116907,0,REPLACEMENT,0.0,0.0,False,False,False,False,2026-09-16 12:12:47+00:00,2026-09-16 12:12:54.690496+00:00
20260916,-8590447049958111075,-58550018904788370,90XU.812.150.48.A.8.91116167,0,SCHEDULED,0.0,0.0,False,False,False,False,2026-09-16 12:12:47+00:00,2026-09-16 12:12:54.690496+00:00
20260916,-460769293585121233,-5177262675263154517,89-S.812.150.16.A.8.91117743,0,SCHEDULED,103.0,43.0,False,False,False,False,2026-09-16 12:12:47+00:00,2026-09-16 12:12:54.690496+00:00
20260916,-3402953319642480407,-2599253331927150451,9--W.812.150.16.B.8.91117445,0,SCHEDULED,0.0,0.0,False,False,False,False,2026-09-16 12:12:47+00:00,2026-09-16 12:12:54.690496+00:00
20260916,-3402953319642480407,3352645372387689306,91-U.812.150.48.A.8.91117217,0,REPLACEMENT,0.0,0.0,False,False,False,False,2026-09-16 12:12:47+00:00,2026-09-16 12:12:54.690496+00:00
20260916,-460769293585121233,-5177262675263154517,97-S.812.150.16.A.8.91115531,0,SCHEDULED,0.0,0.0,False,False,False,False,2026-09-16 12:12:47+00:00,2026-09-16 12:12:54.690496+00:00
20260916,-3402953319642480407,-2599253331927150451,8--X.812.150.48.B.8.91117690,0,SCHEDULED,0.0,0.0,False,False,False,False,2026-09-16 12:12:47+00:00,2026-09-16 12:12:54.690496+00:00
20260916,-3402953319642480407,-813670490778064419,10-R.812.150.16.B.8.91119279,0,REPLACEMENT,0.0,0.0,False,False,False,False,2026-09-16 12:12:47+00:00,2026-09-16 12:12:54.690496+00:00
20260916,-460769293585121233,-6270797141784471995,23-M.812.150.48.B.8.91119405,0,SCHEDULED,0.0,0.0,False,False,False,False,2026-09-16 12:12:47+00:00,2026-09-16 12:12:54.690496+00:00
20260916,-460769293585121233,-6270797141784471995,10-T.812.150.16.B.8.91116248,0,REPLACEMENT,0.0,0.0,False,False,False,False,2026-09-16 12:12:47+00:00,2026-09-16 12:12:54.690496+00:00
20260916,-3402953319642480407,8924376272145436824,48-W.812.150.16.A.8.91118594,0,SCHEDULED,0.0,0.0,False,False,False,False,2026-09-16 12:12:47+00:00,2026-09-16 12:12:54.690496+00:00
20260916,-460769293585121233,-6270797141784471995,14-N.812.150.48.B.8.91116378,0,SCHEDULED,0.0,0.0,False,False,False,False,2026-09-16 12:12:47+00:00,2026-09-16 12:12:54.690496+00:00
20260916,-460769293585121233,-6270797141784471995,28-S.812.150.48.B.8.91119507,0,REPLACEMENT,0.0,0.0,False,False,False,False,2026-09-16 12:12:47+00:00,2026-09-16 12:12:54.690496+00:00
20260916,-3402953319642480407,8924376272145436824,711W.812.150.16.B.8.91116324,0,SCHEDULED,0.0,0.0,False,False,False,False,2026-09-16 12:12:47+00:00,2026-09-16 12:12:54.690496+00:00
20260916,-6417094206083242795,584626096268046487,90-U.812.150.48.A.8.91116907,0,REPLACEMENT,0.0,0.0,False,False,False,False,2026-09-16 12:12:47+00:00,2026-09-16 12:12:54.690496+00:00
20260916,-8590447049958111075,-8124887518194804311,90XU.812.150.48.A.8.91116167,0,SCHEDULED,0.0,0.0,False,False,False,False,2026-09-16 12:12:47+00:00,2026-09-16 12:12:54.690496+00:00
20260916,-460769293585121233,-6270797141784471995,89-S.812.150.16.A.8.91117743,0,SCHEDULED,133.0,103.0,False,False,False,False,2026-09-16 12:12:47+00:00,2026-09-16 12:12:54.690496+00:00
20260916,-3402953319642480407,8924376272145436824,9--W.812.150.16.B.8.91117445,0,SCHEDULED,0.0,0.0,False,False,False,False,2026-09-16 12:12:47+00:00,2026-09-16 12:12:54.690496+00:00
20260916,-3402953319642480407,-813670490778064419,91-U.812.150.48.A.8.91117217,0,REPLACEMENT,0.0,0.0,False,False,False,False,2026-09-16 12:12:47+00:00,2026-09-16 12:12:54.690496+00:00
20260916,-460769293585121233,-6270797141784471995,97-S.812.150.16.A.8.91115531,0,SCHEDULED,0.0,0.0,False,False,False,False,2026-09-16 12:12:47+00:00,2026-09-16 12:12:54.690496+00:00
20260916,-3402953319642480407,8924376272145436824,8--X.812.150.48.B.8.91117690,0,SCHEDULED,0.0,0.0,False,False,False,False,2026-09-16 12:12:47+00:00,2026-09-16 12:12:54.690496+00:00
20260916,-3402953319642480407,584626096268046487,10-R.812.150.16.B.8.91119279,0,REPLACEMENT,0.0,0.0,False,False,False,False,2026-09-16 12:12:47+00:00,2026-09-16 12:12:54.690496+00:00
20260916,-460769293585121233,2201632669708387783,23-M.812.150.48.B.8.91119405,0,SCHEDULED,0.0,0.0,False,False,False,False,2026-09-16 12:12:47+00:00,2026-09-16 12:12:54.690496+00:00
20260916,-460769293585121233,2201632669708387783,10-T.812.150.16.B.8.91116248,0,REPLACEMENT,0.0,0.0,False,False,False,False,2026-09-16 12:12:47+00:00,2026-09-16 12:12:54.690496+00:00
20260916,-3402953319642480407,-4951170100544164659,48-W.812.150.16.A.8.91118594,0,SCHEDULED,0.0,0.0,False,False,False,False,2026-09-16 12:12:47+00:00,2026-09-16 12:12:54.690496+00:00
20260916,-460769293585121233,2201632669708387783,14-N.812.150.48.B.8.91116378,0,SCHEDULED,0.0,0.0,False,False,False,False,2026-09-16 12:12:47+00:00,2026-09-16 12:12:54.690496+00:00
20260916,-460769293585121233,2201632669708387783,28-S.812.150.48.B.8.91119507,0,REPLACEMENT,0.0,0.0,False,False,False,False,2026-09-16 12:12:47+00:00,2026-09-16 12:12:54.690496+00:00
20260916,-3402953319642480407,-4951170100544164659,711W.812.150.16.B.8.91116324,0,SCHEDULED,0.0,0.0,False,False,False,False,2026-09-16 12:12:47+00:00,2026-09-16 12:12:54.690496+00:00
20260916,-6417094206083242795,-8770715072030729433,90-U.812.150.48.A.8.91116907,0,REPLACEMENT,0.0,0.0,False,False,False,False,2026-09-16 12:12:47+00:00,2026-09-16 12:12:54.690496+00:00
20260916,-8590447049958111075,-5177262675263154517,90XU.812.150.48.A.8.91116167,0,SCHEDULED,0.0,0.0,False,False,False,False,2026-09-16 12:12:47+00:00,2026-09-16 12:12:54.690496+00:00
20260916,-460769293585121233,2201632669708387783,89-S.812.150.16.A.8.91117743,0,SCHEDULED,0.0,0.0,False,False,False,False,2026-09-16 12:12:47+00:00,2026-09-16 12:12:54.690496+00:00
20260916,-3402953319642480407,-4951170100544164659,9--W.812.150.16.B.8.91117445,0,SCHEDULED,0.0,0.0,False,False,False,False,2026-09-16 12:12:47+00:00,2026-09-16 12:12:54.690496+00:00
20260916,-3402953319642480407,584626096268046487,91-U.812.150.48.A.8.91117217,0,REPLACEMENT,0.0,0.0,False,False,False,False,2026-09-16 12:12:47+00:00,2026-09-16 12:12:54.690496+00:00
20260916,-460769293585121233,2201632669708387783,97-S.812.150.16.A.8.91115531,0,SCHEDULED,0.0,0.0,False,False,False,False,2026-09-16 12:12:47+00:00,2026-09-16 12:12:54.690496+00:00
20260916,-3402953319642480407,-4951170100544164659,8--X.812.150.48.B.8.91117690,0,SCHEDULED,0.0,0.0,False,False,False,False,2026-09-16 12:12:47+00:00,2026-09-16 12:12:54.690496+00:00
20260916,-3402953319642480407,-8770715072030729433,10-R.812.150.16.B.8.91119279,0,REPLACEMENT,0.0,0.0,False,False,False,False,2026-09-16 12:12:47+00:00,2026-09-16 12:12:54.690496+00:00
20260916,-3402953319642480407,-2025587412330665421,48-W.812.150.16.A.8.91118594,0,SCHEDULED,0.0,0.0,False,False,False,False,2026-09-16 12:12:47+00:00,2026-09-16 12:12:54.690496+00:00
20260916,-3402953319642480407,-2025587412330665421,711W.812.150.16.B.8.91116324,0,SCHEDULED,0.0,0.0,False,False,False,False,2026-09-16 12:12:47+00:00,2026-09-16 12:12:54.690496+00:00
20260916,-6417094206083242795,6454505287423670904,90-U.812.150.48.A.8.91116907,0,REPLACEMENT,0.0,0.0,False,False,False,False,2026-09-16 12:12:47+00:00,2026-09-16 12:12:54.690496+00:00
20260916,-8590447049958111075,-149142017732854358,90XU.812.150.48.A.8.91116167,0,SCHEDULED,0.0,0.0,False,False,False,False,2026-09-16 12:12:47+00:00,2026-09-16 12:12:54.690496+00:00
20260916,-3402953319642480407,-2025587412330665421,9--W.812.150.16.B.8.91117445,0,SCHEDULED,0.0,0.0,False,False,False,False,2026-09-16 12:12:47+00:00,2026-09-16 12:12:54.690496+00:00
20260916,-3402953319642480407,-8770715072030729433,91-U.812.150.48.A.8.91117217,0,REPLACEMENT,0.0,0.0,False,False,False,False,2026-09-16 12:12:47+00:00,2026-09-16 12:12:54.690496+00:00
20260916,-3402953319642480407,-2025587412330665421,8--X.812.150.48.B.8.91117690,0,SCHEDULED,0.0,0.0,False,False,False,False,2026-09-16 12:12:47+00:00,2026-09-16 12:12:54.690496+00:00
20260916,-3402953319642480407,4131841328658624689,10-R.812.150.16.B.8.91119279,0,REPLACEMENT,0.0,0.0,False,False,False,False,2026-09-16 12:12:47+00:00,2026-09-16 12:12:54.690496+00:00
20260916,-3402953319642480407,-8357315388285381566,48-W.812.150.16.A.8.91118594,0,SCHEDULED,0.0,0.0,False,False,False,False,2026-09-16 12:12:47+00:00,2026-09-16 12:12:54.690496+00:00
20260916,-3402953319642480407,-8357315388285381566,711W.812.150.16.B.8.91116324,0,SCHEDULED,0.0,0.0,False,False,False,False,2026-09-16 12:12:47+00:00,2026-09-16 12:12:54.690496+00:00
20260916,-6417094206083242795,-7153867206641337415,90-U.812.150.48.A.8.91116907,0,REPLACEMENT,0.0,0.0,False,False,False,False,2026-09-16 12:12:47+00:00,2026-09-16 12:12:54.690496+00:00
20260916,-8590447049958111075,2201632669708387783,90XU.812.150.48.A.8.91116167,0,SCHEDULED,0.0,0.0,False,False,False,False,2026-09-16 12:12:47+00:00,2026-09-16 12:12:54.690496+00:00
20260916,-3402953319642480407,-8357315388285381566,9--W.812.150.16.B.8.91117445,0,SCHEDULED,0.0,0.0,False,False,False,False,2026-09-16 12:12:47+00:00,2026-09-16 12:12:54.690496+00:00
20260916,-3402953319642480407,4131841328658624689,91-U.812.150.48.A.8.91117217,0,REPLACEMENT,0.0,0.0,False,False,False,False,2026-09-16 12:12:47+00:00,2026-09-16 12:12:54.690496+00:00
20260916,-3402953319642480407,-8357315388285381566,8--X.812.150.48.B.8.91117690,0,SCHEDULED,0.0,0.0,False,False,False,False,2026-09-16 12:12:47+00:00,2026-09-16 12:12:54.690496+00:00
20260916,-3402953319642480407,-7153867206641337415,10-R.812.150.16.B.8.91119279,0,REPLACEMENT,0.0,0.0,False,False,False,False,2026-09-16 12:12:47+00:00,2026-09-16 12:12:54.690496+00:00
20260916,-3402953319642480407,4639511265039178607,48-W.812.150.16.A.8.91118594,0,SCHEDULED,0.0,0.0,False,False,False,False,2026-09-16 12:12:47+00:00,2026-09-16 12:12:54.690496+00:00
20260916,-3402953319642480407,4639511265039178607,711W.812.150.16.B.8.91116324,0,SCHEDULED,0.0,0.0,False,False,False,False,2026-09-16 12:12:47+00:00,2026-09-16 12:12:54.690496+00:00
20260916,-3402953319642480407,1666037865923945304,9--W.812.150.16.B.8.91117445,0,SCHEDULED,0.0,0.0,False,False,False,False,2026-09-16 12:12:47+00:00,2026-09-16 12:12:54.690496+00:00
20260916,-3402953319642480407,-7153867206641337415,91-U.812.150.48.A.8.91117217,0,REPLACEMENT,0.0,0.0,False,False,False,False,2026-09-16 12:12:47+00:00,2026-09-16 12:12:54.690496+00:00
20260916,-3402953319642480407,4639511265039178607,8--X.812.150.48.B.8.91117690,0,SCHEDULED,0.0,0.0,False,False,False,False,2026-09-16 12:12:47+00:00,2026-09-16 12:12:54.690496+00:00
20260916,-3402953319642480407,1666037865923945304,48-W.812.150.16.A.8.91118594,0,SCHEDULED,0.0,0.0,False,False,False,False,2026-09-16 12:12:47+00:00,2026-09-16 12:12:54.690496+00:00
20260916,-3402953319642480407,1666037865923945304,711W.812.150.16.B.8.91116324,0,SCHEDULED,0.0,0.0,False,False,False,False,2026-09-16 12:12:47+00:00,2026-09-16 12:12:54.690496+00:00
20260916,-3402953319642480407,1666037865923945304,8--X.812.150.48.B.8.91117690,0,SCHEDULED,0.0,0.0,False,False,False,False,2026-09-16 12:12:47+00:00,2026-09-16 12:12:54.690496+00:00
20260916,-3402953319642480407,6399282986097084414,48-W.812.150.16.A.8.91118594,0,SCHEDULED,0.0,0.0,False,False,False,False,2026-09-16 12:12:47+00:00,2026-09-16 12:12:54.690496+00:00
20260916,-3402953319642480407,6399282986097084414,711W.812.150.16.B.8.91116324,0,SCHEDULED,0.0,0.0,False,False,False,False,2026-09-16 12:12:47+00:00,2026-09-16 12:12:54.690496+00:00
20260916,-3402953319642480407,6399282986097084414,8--X.812.150.48.B.8.91117690,0,SCHEDULED,0.0,0.0,False,False,False,False,2026-09-16 12:12:47+00:00,2026-09-16 12:12:54.690496+00:00
20260916,-3402953319642480407,5325732334203441388,48-W.812.150.16.A.8.91118594,0,SCHEDULED,0.0,0.0,False,False,False,False,2026-09-16 12:12:47+00:00,2026-09-16 12:12:54.690496+00:00
20260916,-3402953319642480407,5325732334203441388,711W.812.150.16.B.8.91116324,0,SCHEDULED,0.0,0.0,False,False,False,False,2026-09-16 12:12:47+00:00,2026-09-16 12:12:54.690496+00:00
20260916,-3402953319642480407,584626096268046487,8--X.812.150.48.B.8.91117690,0,SCHEDULED,0.0,0.0,False,False,False,False,2026-09-16 12:12:47+00:00,2026-09-16 12:12:54.690496+00:00
20260916,-3402953319642480407,3352645372387689306,48-W.812.150.16.A.8.91118594,0,SCHEDULED,0.0,0.0,False,False,False,False,2026-09-16 12:12:47+00:00,2026-09-16 12:12:54.690496+00:00
20260916,-3402953319642480407,3352645372387689306,711W.812.150.16.B.8.91116324,0,SCHEDULED,0.0,0.0,False,False,False,False,2026-09-16 12:12:47+00:00,2026-09-16 12:12:54.690496+00:00
20260916,-3402953319642480407,4131841328658624689,8--X.812.150.48.B.8.91117690,0,SCHEDULED,0.0,0.0,False,False,False,False,2026-09-16 12:12:47+00:00,2026-09-16 12:12:54.690496+00:00
20260916,-3402953319642480407,-813670490778064419,48-W.812.150.16.A.8.91118594,0,SCHEDULED,0.0,0.0,False,False,False,False,2026-09-16 12:12:47+00:00,2026-09-16 12:12:54.690496+00:00
20260916,-3402953319642480407,-813670490778064419,711W.812.150.16.B.8.91116324,0,SCHEDULED,0.0,0.0,False,False,False,False,2026-09-16 12:12:47+00:00,2026-09-16 12:12:54.690496+00:00
20260916,-3402953319642480407,584626096268046487,48-W.812.150.16.A.8.91118594,0,SCHEDULED,0.0,0.0,False,False,False,False,2026-09-16 12:12:47+00:00,2026-09-16 12:12:54.690496+00:00
20260916,-3402953319642480407,584626096268046487,711W.812.150.16.B.8.91116324,0,SCHEDULED,0.0,0.0,False,False,False,False,2026-09-16 12:12:47+00:00,2026-09-16 12:12:54.690496+00:00
20260916,-3402953319642480407,-8770715072030729433,48-W.812.150.16.A.8.91118594,0,SCHEDULED,0.0,0.0,False,False,False,False,2026-09-16 12:12:47+00:00,2026-09-16 12:12:54.690496+00:00
20260916,-3402953319642480407,-8770715072030729433,711W.812.150.16.B.8.91116324,0,SCHEDULED,0.0,0.0,False,False,False,False,2026-09-16 12:12:47+00:00,2026-09-16 12:12:54.690496+00:00
20260916,-3402953319642480407,4131841328658624689,48-W.812.150.16.A.8.91118594,0,SCHEDULED,0.0,0.0,False,False,False,False,2026-09-16 12:12:47+00:00,2026-09-16 12:12:54.690496+00:00
20260916,-3402953319642480407,4131841328658624689,711W.812.150.16.B.8.91116324,0,SCHEDULED,0.0,0.0,False,False,False,False,2026-09-16 12:12:47+00:00,2026-09-16 12:12:54.690496+00:00
20260916,-3402953319642480407,-7153867206641337415,48-W.812.150.16.A.8.91118594,0,SCHEDULED,0.0,0.0,False,False,False,False,2026-09-16 12:12:47+00:00,2026-09-16 12:12:54.690496+00:00
20260916,-3402953319642480407,-7153867206641337415,711W.812.150.16.B.8.91116324,0,SCHEDULED,0.0,0.0,False,False,False,False,2026-09-16 12:12:47+00:00,2026-09-16 12:12:54.690496+00:00
20260916,8355324188916703396,3508940945860787276,192X.812.150.48.B.8.91115708,0,SCHEDULED,0.0,0.0,False,False,False,False,2026-09-16 12:12:47+00:00,2026-09-16 12:12:54.690496+00:00
20260916,8355324188916703396,4683999382729454313,192X.812.150.48.B.8.91115708,0,SCHEDULED,0.0,0.0,False,False,False,False,2026-09-16 12:12:47+00:00,2026-09-16 12:12:54.690496+00:00
20260916,8355324188916703396,-3821882046814432517,192X.812.150.48.B.8.91115708,0,SCHEDULED,0.0,0.0,False,False,False,False,2026-09-16 12:12:47+00:00,2026-09-16 12:12:54.690496+00:00
20260916,8355324188916703396,4472726259178862105,192X.812.150.48.B.8.91115708,0,SCHEDULED,0.0,0.0,False,False,False,False,2026-09-16 12:12:47+00:00,2026-09-16 12:12:54.690496+00:00
20260916,8355324188916703396,7187578140246689664,192X.812.150.48.B.8.91115708,0,SCHEDULED,0.0,0.0,False,False,False,False,2026-09-16 12:12:47+00:00,2026-09-16 12:12:54.690496+00:00
20260916,8355324188916703396,-7120808365413477974,192X.812.150.48.B.8.91115708,0,SCHEDULED,0.0,0.0,False,False,False,False,2026-09-16 12:12:47+00:00,2026-09-16 12:12:54.690496+00:00
20260916,8355324188916703396,-8571378753500433838,192X.812.150.48.B.8.91115708,0,SCHEDULED,0.0,0.0,False,False,False,False,2026-09-16 12:12:47+00:00,2026-09-16 12:12:54.690496+00:00
20260916,8355324188916703396,-1162238988480917943,192X.812.150.48.B.8.91115708,0,SCHEDULED,0.0,0.0,False,False,False,False,2026-09-16 12:12:47+00:00,2026-09-16 12:12:54.690496+00:00
20260916,8355324188916703396,4889555416201875715,192X.812.150.48.B.8.91115708,0,SCHEDULED,0.0,0.0,False,False,False,False,2026-09-16 12:12:47+00:00,2026-09-16 12:12:54.690496+00:00
20260916,8355324188916703396,-4257824939545587053,192X.812.150.48.B.8.91115708,0,SCHEDULED,0.0,0.0,False,False,False,False,2026-09-16 12:12:47+00:00,2026-09-16 12:12:54.690496+00:00
20260916,8355324188916703396,7164449179056806387,192X.812.150.48.B.8.91115708,0,SCHEDULED,0.0,0.0,False,False,False,False,2026-09-16 12:12:47+00:00,2026-09-16 12:12:54.690496+00:00
20260916,8355324188916703396,-9188848871294614877,192X.812.150.48.B.8.91115708,0,SCHEDULED,0.0,0.0,False,False,False,False,2026-09-16 12:12:47+00:00,2026-09-16 12:12:54.690496+00:00
20260916,8355324188916703396,2014667102838996453,192X.812.150.48.B.8.91115708,0,SCHEDULED,0.0,0.0,False,False,False,False,2026-09-16 12:12:47+00:00,2026-09-16 12:12:54.690496+00:00
20260916,8355324188916703396,-4373510304712658864,192X.812.150.48.B.8.91115708,0,SCHEDULED,0.0,0.0,False,False,False,False,2026-09-16 12:12:47+00:00,2026-09-16 12:12:54.690496+00:00
20260916,8355324188916703396,1167482730168436994,192X.812.150.48.B.8.91115708,0,SCHEDULED,0.0,0.0,False,False,False,False,2026-09-16 12:12:47+00:00,2026-09-16 12:12:54.690496+00:00
20260916,8355324188916703396,-2521707211368327806,192X.812.150.48.B.8.91115708,0,SCHEDULED,0.0,0.0,False,False,False,False,2026-09-16 12:12:47+00:00,2026-09-16 12:12:54.690496+00:00
20260916,8355324188916703396,-7610831748566492844,192X.812.150.48.B.8.91115708,0,SCHEDULED,0.0,0.0,False,False,False,False,2026-09-16 12:12:47+00:00,2026-09-16 12:12:54.690496+00:00
20260916,2213430644432283724,6234760950908674113,614R.812.150.16.T.8.91119147,0,SCHEDULED,50.0,50.0,False,False,False,False,2026-09-16 12:12:47+00:00,2026-09-16 12:12:54.690496+00:00
20260916,2213430644432283724,-7764139941610294159,614R.812.150.16.T.8.91119147,0,SCHEDULED,80.0,50.0,False,False,False,False,2026-09-16 12:12:47+00:00,2026-09-16 12:12:54.690496+00:00
20260916,2213430644432283724,5056884671245604652,614R.812.150.16.T.8.91119147,0,SCHEDULED,50.0,50.0,False,False,False,False,2026-09-16 12:12:47+00:00,2026-09-16 12:12:54.690496+00:00
20260916,2213430644432283724,5076508847195848498,614R.812.150.16.T.8.91119147,0,SCHEDULED,50.0,50.0,False,False,False,False,2026-09-16 12:12:47+00:00,2026-09-16 12:12:54.690496+00:00
20260916,2213430644432283724,103000179220261358,614R.812.150.16.T.8.91119147,0,SCHEDULED,50.0,0.0,False,False,False,False,2026-09-16 12:12:47+00:00,2026-09-16 12:12:54.690496+00:00
20260916,-8074707193682375787,-6270797141784471995,97-R.812.150.16.A.8.91115529,0,SCHEDULED,0.0,0.0,False,False,False,False,2026-09-16 12:12:47+00:00,2026-09-16 12:12:54.690496+00:00
20260916,-8074707193682375787,8116839606302592422,97-R.812.150.16.A.8.91115529,0,SCHEDULED,0.0,0.0,False,False,False,False,2026-09-16 12:12:47+00:00,2026-09-16 12:12:54.690496+00:00
20260916,-8074707193682375787,-8371165257693926976,97-R.812.150.16.A.8.91115529,0,SCHEDULED,0.0,0.0,False,False,False,False,2026-09-16 12:12:47+00:00,2026-09-16 12:12:54.690496+00:00
20260916,-8074707193682375787,-1499590784136314024,97-R.812.150.16.A.8.91115529,0,SCHEDULED,0.0,0.0,False,False,False,False,2026-09-16 12:12:47+00:00,2026-09-16 12:12:54.690496+00:00
20260916,-8074707193682375787,8534557404726925046,97-R.812.150.16.A.8.91115529,0,SCHEDULED,0.0,0.0,False,False,False,False,2026-09-16 12:12:47+00:00,2026-09-16 12:12:54.690496+00:00
20260916,-8074707193682375787,6792093193056792515,97-R.812.150.16.A.8.91115529,0,SCHEDULED,0.0,0.0,False,False,False,False,2026-09-16 12:12:47+00:00,2026-09-16 12:12:54.690496+00:00
20260916,-8074707193682375787,4993455570594642710,97-R.812.150.16.A.8.91115529,0,SCHEDULED,0.0,0.0,False,False,False,False,2026-09-16 12:12:47+00:00,2026-09-16 12:12:54.690496+00:00
20260916,-8074707193682375787,5644835936414964127,97-R.812.150.16.A.8.91115529,0,SCHEDULED,0.0,0.0,False,False,False,False,2026-09-16 12:12:47+00:00,2026-09-16 12:12:54.690496+00:00
20260916,-8074707193682375787,-5754989209665518283,97-R.812.150.16.A.8.91115529,0,SCHEDULED,0.0,0.0,False,False,False,False,2026-09-16 12:12:47+00:00,2026-09-16 12:12:54.690496+00:00
20260916,8355324188916703396,-8441636960785518707,102U.812.150.48.T.8.91117696,0,SCHEDULED,0.0,0.0,False,False,False,False,2026-09-16 12:12:47+00:00,2026-09-16 12:12:54.690496+00:00
20260916,-4689984939195006273,3508940945860787276,142T.812.150.16.A.8.91114925,0,SCHEDULED,0.0,0.0,False,False,False,False,2026-09-16 12:12:47+00:00,2026-09-16 12:12:54.690496+00:00
20260916,-4689984939195006273,4683999382729454313,142T.812.150.16.A.8.91114925,0,SCHEDULED,0.0,0.0,False,False,False,False,2026-09-16 12:12:47+00:00,2026-09-16 12:12:54.690496+00:00
20260916,-4689984939195006273,1546226603274301800,142T.812.150.16.A.8.91114925,0,SCHEDULED,0.0,0.0,False,False,False,False,2026-09-16 12:12:47+00:00,2026-09-16 12:12:54.690496+00:00
20260916,-4689984939195006273,-8381759690622684572,142T.812.150.16.A.8.91114925,0,SCHEDULED,0.0,0.0,False,False,False,False,2026-09-16 12:12:47+00:00,2026-09-16 12:12:54.690496+00:00
20260916,-4689984939195006273,-2157835490320818299,142T.812.150.16.A.8.91114925,0,SCHEDULED,0.0,0.0,False,False,False,False,2026-09-16 12:12:47+00:00,2026-09-16 12:12:54.690496+00:00
20260916,-4689984939195006273,492133320578950194,142T.812.150.16.A.8.91114925,0,SCHEDULED,0.0,0.0,False,False,False,False,2026-09-16 12:12:47+00:00,2026-09-16 12:12:54.690496+00:00
20260916,-4689984939195006273,6960865287121943885,142T.812.150.16.A.8.91114925,0,SCHEDULED,0.0,0.0,False,False,False,False,2026-09-16 12:12:47+00:00,2026-09-16 12:12:54.690496+00:00
20260916,-4689984939195006273,7320276821397553074,142T.812.150.16.A.8.91114925,0,SCHEDULED,0.0,0.0,False,False,False,False,2026-09-16 12:12:47+00:00,2026-09-16 12:12:54.690496+00:00
20260916,-4689984939195006273,-4576123028587082005,142T.812.150.16.A.8.91114925,0,SCHEDULED,0.0,0.0,False,False,False,False,2026-09-16 12:12:47+00:00,2026-09-16 12:12:54.690496+00:00
20260916,-4689984939195006273,1206440550424753901,142T.812.150.16.A.8.91114925,0,SCHEDULED,0.0,0.0,False,False,False,False,2026-09-16 12:12:47+00:00,2026-09-16 12:12:54.690496+00:00
20260916,-4689984939195006273,-5510222690186109640,142T.812.150.16.A.8.91114925,0,SCHEDULED,0.0,0.0,False,False,False,False,2026-09-16 12:12:47+00:00,2026-09-16 12:12:54.690496+00:00
20260916,-8080502455091207041,-8412866568763436982,198H.812.150.16.B.8.91119809,0,SCHEDULED,146.0,146.0,False,False,False,False,2026-09-16 12:12:47+00:00,2026-09-16 12:12:54.690496+00:00
20260916,-8080502455091207041,6281320006181619112,198H.812.150.16.B.8.91119809,0,SCHEDULED,146.0,146.0,False,False,False,False,2026-09-16 12:12:47+00:00,2026-09-16 12:12:54.690496+00:00
20260916,-8080502455091207041,2332380944889390961,198H.812.150.16.B.8.91119809,0,SCHEDULED,146.0,146.0,False,False,False,False,2026-09-16 12:12:47+00:00,2026-09-16 12:12:54.690496+00:00
20260916,-8080502455091207041,-6866979337130038485,198H.812.150.16.B.8.91119809,0,SCHEDULED,146.0,146.0,False,False,False,False,2026-09-16 12:12:47+00:00,2026-09-16 12:12:54.690496+00:00
20260916,-8080502455091207041,-8736486477011362501,198H.812.150.16.B.8.91119809,0,SCHEDULED,146.0,146.0,False,False,False,False,2026-09-16 12:12:47+00:00,2026-09-16 12:12:54.690496+00:00
20260916,-8080502455091207041,-5512830783196631856,198H.812.150.16.B.8.91119809,0,SCHEDULED,146.0,146.0,False,False,False,False,2026-09-16 12:12:47+00:00,2026-09-16 12:12:54.690496+00:00
20260916,-8080502455091207041,-8917331883398452363,198H.812.150.16.B.8.91119809,0,SCHEDULED,116.0,0.0,False,False,False,False,2026-09-16 12:12:47+00:00,2026-09-16 12:12:54.690496+00:00
20260916,-8080502455091207041,1714098398433544815,198H.812.150.16.B.8.91119809,0,SCHEDULED,146.0,116.0,False,False,False,False,2026-09-16 12:12:47+00:00,2026-09-16 12:12:54.690496+00:00
20260916,-8080502455091207041,-5255863135154699190,198H.812.150.16.B.8.91119809,0,SCHEDULED,146.0,146.0,False,False,False,False,2026-09-16 12:12:47+00:00,2026-09-16 12:12:54.690496+00:00
20260916,-8080502455091207041,-1282387075119142495,198H.812.150.16.B.8.91119809,0,SCHEDULED,146.0,146.0,False,False,False,False,2026-09-16 12:12:47+00:00,2026-09-16 12:12:54.690496+00:00
20260916,-8080502455091207041,-3485798361028198595,198H.812.150.16.B.8.91119809,0,SCHEDULED,146.0,146.0,False,False,False,False,2026-09-16 12:12:47+00:00,2026-09-16 12:12:54.690496+00:00
20260916,-8080502455091207041,-8733849968579603942,198H.812.150.16.B.8.91119809,0,SCHEDULED,146.0,146.0,False,False,False,False,2026-09-16 12:12:47+00:00,2026-09-16 12:12:54.690496+00:00
20260916,4366774083614345187,3330155286583946050,K398.812.150.24.H.4.91117812,0,REPLACEMENT,0.0,,False,False,False,False,2026-09-16 12:12:47+00:00,2026-09-16 12:12:54.690496+00:00
20260916,-2224808403655777439,-1470474589738084465,WN77.812.150.16.N.2.92149720,0,SCHEDULED,877.0,877.0,True,False,False,False,2026-09-16 12:12:47+00:00,2026-09-16 12:12:54.690496+00:00
20260916,-2224808403655777439,7492056347016962348,WN77.812.150.16.N.2.92149720,0,SCHEDULED,901.0,877.0,True,False,False,False,2026-09-16 12:12:47+00:00,2026-09-16 12:12:54.690496+00:00
20260916,-2224808403655777439,1863115150934855219,WN77.812.150.16.N.2.92149720,0,SCHEDULED,877.0,877.0,True,False,False,False,2026-09-16 12:12:47+00:00,2026-09-16 12:12:54.690496+00:00
20260916,-2224808403655777439,4046778672681968770,WN77.812.150.16.N.2.92149720,0,SCHEDULED,877.0,0.0,True,False,False,False,2026-09-16 12:12:47+00:00,2026-09-16 12:12:54.690496+00:00
20260916,6965782384900562698,-1906114871667065914,195T.812.150.16.B.8.91115265,0,SCHEDULED,0.0,0.0,False,False,False,False,2026-09-16 12:12:47+00:00,2026-09-16 12:12:54.690496+00:00
20260916,6965782384900562698,-8903371073604344195,195T.812.150.16.B.8.91115265,0,SCHEDULED,0.0,0.0,False,False,False,False,2026-09-16 12:12:47+00:00,2026-09-16 12:12:54.690496+00:00
20260916,6965782384900562698,-547101269315442553,195T.812.150.16.B.8.91115265,0,SCHEDULED,0.0,0.0,False,False,False,False,2026-09-16 12:12:47+00:00,2026-09-16 12:12:54.690496+00:00
20260916,6965782384900562698,4307401460270953512,195T.812.150.16.B.8.91115265,0,SCHEDULED,0.0,0.0,False,False,False,False,2026-09-16 12:12:47+00:00,2026-09-16 12:12:54.690496+00:00
20260916,6965782384900562698,-5420673490650911212,195T.812.150.16.B.8.91115265,0,SCHEDULED,0.0,0.0,False,False,False,False,2026-09-16 12:12:47+00:00,2026-09-16 12:12:54.690496+00:00
20260916,6965782384900562698,-6475982795972593312,195T.812.150.16.B.8.91115265,0,SCHEDULED,0.0,0.0,False,False,False,False,2026-09-16 12:12:47+00:00,2026-09-16 12:12:54.690496+00:00
20260916,6965782384900562698,-335714526552119841,195T.812.150.16.B.8.91115265,0,SCHEDULED,0.0,0.0,False,False,False,False,2026-09-16 12:12:47+00:00,2026-09-16 12:12:54.690496+00:00
20260916,6965782384900562698,-4248716776482060069,195T.812.150.16.B.8.91115265,0,SCHEDULED,0.0,0.0,False,False,False,False,2026-09-16 12:12:47+00:00,2026-09-16 12:12:54.690496+00:00
20260916,6965782384900562698,6575595418068994273,195T.812.150.16.B.8.91115265,0,SCHEDULED,0.0,0.0,False,False,False,False,2026-09-16 12:12:47+00:00,2026-09-16 12:12:54.690496+00:00
20260916,6965782384900562698,-2876658330315507475,195T.812.150.16.B.8.91115265,0,SCHEDULED,0.0,0.0,False,False,False,False,2026-09-16 12:12:47+00:00,2026-09-16 12:12:54.690496+00:00
20260916,6965782384900562698,-1584445096477889585,195T.812.150.16.B.8.91115265,0,SCHEDULED,0.0,0.0,False,False,False,False,2026-09-16 12:12:47+00:00,2026-09-16 12:12:54.690496+00:00
20260916,6965782384900562698,9127642123165832803,195T.812.150.16.B.8.91115265,0,SCHEDULED,0.0,0.0,False,False,False,False,2026-09-16 12:12:47+00:00,2026-09-16 12:12:54.690496+00:00
20260916,6965782384900562698,-1406341277626263536,195T.812.150.16.B.8.91115265,0,SCHEDULED,0.0,0.0,False,False,False,False,2026-09-16 12:12:47+00:00,2026-09-16 12:12:54.690496+00:00
20260916,6965782384900562698,2405703856655622994,195T.812.150.16.B.8.91115265,0,SCHEDULED,0.0,0.0,False,False,False,False,2026-09-16 12:12:47+00:00,2026-09-16 12:12:54.690496+00:00
20260916,6965782384900562698,-2661336592951695888,195T.812.150.16.B.8.91115265,0,SCHEDULED,0.0,0.0,False,False,False,False,2026-09-16 12:12:47+00:00,2026-09-16 12:12:54.690496+00:00
20260916,6965782384900562698,-8077340478999660585,195T.812.150.16.B.8.91115265,0,SCHEDULED,0.0,0.0,False,False,False,False,2026-09-16 12:12:47+00:00,2026-09-16 12:12:54.690496+00:00
20260916,6965782384900562698,-7067197113145369398,195T.812.150.16.B.8.91115265,0,SCHEDULED,0.0,0.0,False,False,False,False,2026-09-16 12:12:47+00:00,2026-09-16 12:12:54.690496+00:00
20260916,6965782384900562698,5187515741913650712,195T.812.150.16.B.8.91115265,0,SCHEDULED,0.0,0.0,False,False,False,False,2026-09-16 12:12:47+00:00,2026-09-16 12:12:54.690496+00:00
20260916,6965782384900562698,5934731588982600981,195T.812.150.16.B.8.91115265,0,SCHEDULED,0.0,0.0,False,False,False,False,2026-09-16 12:12:47+00:00,2026-09-16 12:12:54.690496+00:00
20260916,6965782384900562698,8750284778735267708,195T.812.150.16.B.8.91115265,0,SCHEDULED,0.0,0.0,False,False,False,False,2026-09-16 12:12:47+00:00,2026-09-16 12:12:54.690496+00:00
20260916,799312986268590053,-2771100076130190385,C888.812.150.16.D.8.91751951,0,SCHEDULED,0.0,0.0,False,False,False,False,2026-09-16 12:12:47+00:00,2026-09-16 12:12:54.690496+00:00
20260916,799312986268590053,3517710065677633281,C888.812.150.16.D.8.91751951,0,SCHEDULED,0.0,0.0,False,False,False,False,2026-09-16 12:12:47+00:00,2026-09-16 12:12:54.690496+00:00
20260916,799312986268590053,-844883588419371563,C888.812.150.16.D.8.91751951,0,SCHEDULED,0.0,0.0,False,False,False,False,2026-09-16 12:12:47+00:00,2026-09-16 12:12:54.690496+00:00
20260916,799312986268590053,1378952111334263434,C888.812.150.16.D.8.91751951,0,SCHEDULED,0.0,0.0,False,False,False,False,2026-09-16 12:12:47+00:00,2026-09-16 12:12:54.690496+00:00
20260916,799312986268590053,3612356486350744060,C888.812.150.16.D.8.91751951,0,SCHEDULED,0.0,0.0,False,False,False,False,2026-09-16 12:12:47+00:00,2026-09-16 12:12:54.690496+00:00
20260916,799312986268590053,6740137055522381816,C888.812.150.16.D.8.91751951,0,SCHEDULED,0.0,0.0,False,False,False,False,2026-09-16 12:12:47+00:00,2026-09-16 12:12:54.690496+00:00
20260916,799312986268590053,-5401375761184209237,C888.812.150.16.D.8.91751951,0,SCHEDULED,0.0,0.0,False,False,False,False,2026-09-16 12:12:47+00:00,2026-09-16 12:12:54.690496+00:00
20260916,799312986268590053,-8773636242941207005,C888.812.150.16.D.8.91751951,0,SCHEDULED,0.0,0.0,False,False,False,False,2026-09-16 12:12:47+00:00,2026-09-16 12:12:54.690496+00:00
20260916,799312986268590053,-3119105483601997636,C888.812.150.16.D.8.91751951,0,SCHEDULED,0.0,0.0,False,False,False,False,2026-09-16 12:12:47+00:00,2026-09-16 12:12:54.690496+00:00
20260916,799312986268590053,2458994337497028199,C888.812.150.16.D.8.91751951,0,SCHEDULED,0.0,0.0,False,False,False,False,2026-09-16 12:12:47+00:00,2026-09-16 12:12:54.690496+00:00
20260916,799312986268590053,4573029073762089629,C888.812.150.16.D.8.91751951,0,SCHEDULED,0.0,0.0,False,False,False,False,2026-09-16 12:12:47+00:00,2026-09-16 12:12:54.690496+00:00
20260916,799312986268590053,-4163568673314769691,C888.812.150.16.D.8.91751951,0,SCHEDULED,0.0,0.0,False,False,False,False,2026-09-16 12:12:47+00:00,2026-09-16 12:12:54.690496+00:00
20260916,799312986268590053,-7315400607259613426,C888.812.150.16.D.8.91751951,0,SCHEDULED,0.0,0.0,False,False,False,False,2026-09-16 12:12:47+00:00,2026-09-16 12:12:54.690496+00:00
20260916,799312986268590053,1065549735589304250,C888.812.150.16.D.8.91751951,0,SCHEDULED,0.0,0.0,False,False,False,False,2026-09-16 12:12:47+00:00,2026-09-16 12:12:54.690496+00:00
20260916,8355324188916703396,-8238392344119364974,162R.812.150.16.A.8.91116419,0,REPLACEMENT,0.0,,False,False,False,False,2026-09-16 12:12:47+00:00,2026-09-16 12:12:54.690496+00:00
20260916,8355324188916703396,-970864714992148263,162R.812.150.16.A.8.91116419,0,REPLACEMENT,0.0,,False,False,False,False,2026-09-16 12:12:47+00:00,2026-09-16 12:12:54.690496+00:00
20260916,-5236434750823934246,-6403964468061029576,N713.812.150.16.D.4.91118529,0,SCHEDULED,20.0,20.0,False,False,False,False,2026-09-16 12:12:47+00:00,2026-09-16 12:12:54.690496+00:00
20260916,-5236434750823934246,-6149382851983002653,N713.812.150.16.D.4.91118529,0,SCHEDULED,20.0,20.0,False,False,False,False,2026-09-16 12:12:47+00:00,2026-09-16 12:12:54.690496+00:00
20260916,-5236434750823934246,-5356526370273672056,N713.812.150.16.D.4.91118529,0,SCHEDULED,20.0,20.0,False,False,False,False,2026-09-16 12:12:47+00:00,2026-09-16 12:12:54.690496+00:00
20260916,-5236434750823934246,7043891849206051533,N713.812.150.16.D.4.91118529,0,SCHEDULED,20.0,20.0,False,False,False,False,2026-09-16 12:12:47+00:00,2026-09-16 12:12:54.690496+00:00
20260916,-5236434750823934246,-8196270170076136865,N713.812.150.16.D.4.91118529,0,SCHEDULED,20.0,20.0,False,False,False,False,2026-09-16 12:12:47+00:00,2026-09-16 12:12:54.690496+00:00
20260916,-5236434750823934246,-7824276421162881911,N713.812.150.16.D.4.91118529,0,SCHEDULED,20.0,20.0,False,False,False,False,2026-09-16 12:12:47+00:00,2026-09-16 12:12:54.690496+00:00
20260916,-5236434750823934246,5364992397233623303,N713.812.150.16.D.4.91118529,0,SCHEDULED,20.0,20.0,False,False,False,False,2026-09-16 12:12:47+00:00,2026-09-16 12:12:54.690496+00:00
20260916,-5236434750823934246,-1033042400137353946,N713.812.150.16.D.4.91118529,0,SCHEDULED,20.0,20.0,False,False,False,False,2026-09-16 12:12:47+00:00,2026-09-16 12:12:54.690496+00:00
20260916,-5236434750823934246,-9091648635300439767,N713.812.150.16.D.4.91118529,0,SCHEDULED,20.0,20.0,False,False,False,False,2026-09-16 12:12:47+00:00,2026-09-16 12:12:54.690496+00:00
20260916,-5236434750823934246,-7089916589314454996,N713.812.150.16.D.4.91118529,0,SCHEDULED,20.0,20.0,False,False,False,False,2026-09-16 12:12:47+00:00,2026-09-16 12:12:54.690496+00:00
20260916,-5236434750823934246,1252546623115669200,N713.812.150.16.D.4.91118529,0,SCHEDULED,20.0,20.0,False,False,False,False,2026-09-16 12:12:47+00:00,2026-09-16 12:12:54.690496+00:00
20260916,-5236434750823934246,6584838841058652888,N713.812.150.16.D.4.91118529,0,SCHEDULED,20.0,0.0,False,False,False,False,2026-09-16 12:12:47+00:00,2026-09-16 12:12:54.690496+00:00
20260916,-5236434750823934246,-6958619773406275623,N713.812.150.16.D.4.91118529,0,SCHEDULED,20.0,20.0,False,False,False,False,2026-09-16 12:12:47+00:00,2026-09-16 12:12:54.690496+00:00
20260916,8355324188916703396,7770777499069084181,191P.812.150.48.B.8.91114601,0,SCHEDULED,0.0,0.0,False,False,False,False,2026-09-16 12:12:47+00:00,2026-09-16 12:12:54.690496+00:00
20260916,8355324188916703396,-2180087523068539759,191P.812.150.48.B.8.91114601,0,SCHEDULED,0.0,0.0,False,False,False,False,2026-09-16 12:12:47+00:00,2026-09-16 12:12:54.690496+00:00
20260916,6965782384900562698,-1906114871667065914,196T.812.150.16.B.8.91117157,0,SCHEDULED,0.0,0.0,False,False,False,False,2026-09-16 12:12:47+00:00,2026-09-16 12:12:54.690496+00:00
20260916,6965782384900562698,-8903371073604344195,196T.812.150.16.B.8.91117157,0,SCHEDULED,0.0,0.0,False,False,False,False,2026-09-16 12:12:47+00:00,2026-09-16 12:12:54.690496+00:00
20260916,6965782384900562698,-547101269315442553,196T.812.150.16.B.8.91117157,0,SCHEDULED,0.0,0.0,False,False,False,False,2026-09-16 12:12:47+00:00,2026-09-16 12:12:54.690496+00:00
20260916,6965782384900562698,4307401460270953512,196T.812.150.16.B.8.91117157,0,SCHEDULED,0.0,0.0,False,False,False,False,2026-09-16 12:12:47+00:00,2026-09-16 12:12:54.690496+00:00
20260916,6965782384900562698,-5420673490650911212,196T.812.150.16.B.8.91117157,0,SCHEDULED,0.0,0.0,False,False,False,False,2026-09-16 12:12:47+00:00,2026-09-16 12:12:54.690496+00:00
20260916,6965782384900562698,-6475982795972593312,196T.812.150.16.B.8.91117157,0,SCHEDULED,0.0,0.0,False,False,False,False,2026-09-16 12:12:47+00:00,2026-09-16 12:12:54.690496+00:00
20260916,6965782384900562698,-335714526552119841,196T.812.150.16.B.8.91117157,0,SCHEDULED,0.0,0.0,False,False,False,False,2026-09-16 12:12:47+00:00,2026-09-16 12:12:54.690496+00:00
20260916,6965782384900562698,-4248716776482060069,196T.812.150.16.B.8.91117157,0,SCHEDULED,0.0,0.0,False,False,False,False,2026-09-16 12:12:47+00:00,2026-09-16 12:12:54.690496+00:00
20260916,6965782384900562698,6575595418068994273,196T.812.150.16.B.8.91117157,0,SCHEDULED,0.0,0.0,False,False,False,False,2026-09-16 12:12:47+00:00,2026-09-16 12:12:54.690496+00:00
20260916,6965782384900562698,-2876658330315507475,196T.812.150.16.B.8.91117157,0,SCHEDULED,0.0,0.0,False,False,False,False,2026-09-16 12:12:47+00:00,2026-09-16 12:12:54.690496+00:00
20260916,6965782384900562698,-1584445096477889585,196T.812.150.16.B.8.91117157,0,SCHEDULED,0.0,0.0,False,False,False,False,2026-09-16 12:12:47+00:00,2026-09-16 12:12:54.690496+00:00
20260916,6965782384900562698,9127642123165832803,196T.812.150.16.B.8.91117157,0,SCHEDULED,0.0,0.0,False,False,False,False,2026-09-16 12:12:47+00:00,2026-09-16 12:12:54.690496+00:00
20260916,6965782384900562698,-1406341277626263536,196T.812.150.16.B.8.91117157,0,SCHEDULED,0.0,0.0,False,False,False,False,2026-09-16 12:12:47+00:00,2026-09-16 12:12:54.690496+00:00
20260916,6965782384900562698,2405703856655622994,196T.812.150.16.B.8.91117157,0,SCHEDULED,0.0,0.0,False,False,False,False,2026-09-16 12:12:47+00:00,2026-09-16 12:12:54.690496+00:00
20260916,6965782384900562698,-2661336592951695888,196T.812.150.16.B.8.91117157,0,SCHEDULED,0.0,0.0,False,False,False,False,2026-09-16 12:12:47+00:00,2026-09-16 12:12:54.690496+00:00
20260916,6965782384900562698,-8077340478999660585,196T.812.150.16.B.8.91117157,0,SCHEDULED,0.0,0.0,False,False,False,False,2026-09-16 12:12:47+00:00,2026-09-16 12:12:54.690496+00:00
20260916,6965782384900562698,-7067197113145369398,196T.812.150.16.B.8.91117157,0,SCHEDULED,0.0,0.0,False,False,False,False,2026-09-16 12:12:47+00:00,2026-09-16 12:12:54.690496+00:00
20260916,6965782384900562698,5187515741913650712,196T.812.150.16.B.8.91117157,0,SCHEDULED,0.0,0.0,False,False,False,False,2026-09-16 12:12:47+00:00,2026-09-16 12:12:54.690496+00:00
20260916,6965782384900562698,5934731588982600981,196T.812.150.16.B.8.91117157,0,SCHEDULED,11.0,0.0,False,False,False,False,2026-09-16 12:12:47+00:00,2026-09-16 12:12:54.690496+00:00
20260916,6965782384900562698,8750284778735267708,196T.812.150.16.B.8.91117157,0,SCHEDULED,0.0,0.0,False,False,False,False,2026-09-16 12:12:47+00:00,2026-09-16 12:12:54.690496+00:00
20260916,7087056493799616534,-7309827273581882508,610R.812.149.8.T.8.91116753,0,SCHEDULED,0.0,0.0,False,False,True,False,2026-09-16 12:12:47+00:00,2026-09-16 12:12:54.690496+00:00
20260916,7107036069782603127,8041570361657107919,N817.812.150.112.D.8.91115416,0,SCHEDULED,0.0,0.0,False,False,False,False,2026-09-16 12:12:47+00:00,2026-09-16 12:12:54.690496+00:00
20260916,7107036069782603127,-6149382851983002653,N817.812.150.112.D.8.91115416,0,SCHEDULED,0.0,0.0,False,False,False,False,2026-09-16 12:12:47+00:00,2026-09-16 12:12:54.690496+00:00
20260916,7107036069782603127,7043891849206051533,N817.812.150.112.D.8.91115416,0,SCHEDULED,0.0,0.0,False,False,False,False,2026-09-16 12:12:47+00:00,2026-09-16 12:12:54.690496+00:00
20260916,7107036069782603127,-1033042400137353946,N817.812.150.112.D.8.91115416,0,SCHEDULED,0.0,0.0,False,False,False,False,2026-09-16 12:12:47+00:00,2026-09-16 12:12:54.690496+00:00
20260916,7107036069782603127,1252546623115669200,N817.812.150.112.D.8.91115416,0,SCHEDULED,0.0,0.0,False,False,False,False,2026-09-16 12:12:47+00:00,2026-09-16 12:12:54.690496+00:00
20260916,7107036069782603127,-1808477083268811256,N817.812.150.112.D.8.91115416,0,SCHEDULED,0.0,0.0,False,False,False,False,2026-09-16 12:12:47+00:00,2026-09-16 12:12:54.690496+00:00
20260916,7107036069782603127,-6958619773406275623,N817.812.150.112.D.8.91115416,0,SCHEDULED,0.0,0.0,False,False,False,False,2026-09-16 12:12:47+00:00,2026-09-16 12:12:54.690496+00:00
20260916,-7316505829012677515,869925268614413277,SN50.812.150.56.N.2.91115990,0,REPLACEMENT,762.0,,True,False,False,False,2026-09-16 12:12:47+00:00,2026-09-16 12:12:54.690496+00:00
20260916,-7316505829012677515,-3226494801219101891,SN50.812.150.56.N.2.91115990,0,REPLACEMENT,0.0,0.0,False,False,False,False,2026-09-16 12:12:47+00:00,2026-09-16 12:12:54.690496+00:00
20260916,-7316505829012677515,1456625920974291030,SN50.812.150.56.N.2.91115990,0,REPLACEMENT,0.0,0.0,False,False,False,False,2026-09-16 12:12:47+00:00,2026-09-16 12:12:54.690496+00:00
20260916,-7316505829012677515,5788819631626559008,SN50.812.150.56.N.2.91115990,0,REPLACEMENT,0.0,0.0,False,False,False,False,2026-09-16 12:12:47+00:00,2026-09-16 12:12:54.690496+00:00
20260916,-7316505829012677515,4184961611084910219,SN50.812.150.56.N.2.91115990,0,REPLACEMENT,0.0,0.0,False,False,False,False,2026-09-16 12:12:47+00:00,2026-09-16 12:12:54.690496+00:00
20260916,-7316505829012677515,5055640741400472618,SN50.812.150.56.N.2.91115990,0,REPLACEMENT,0.0,0.0,False,False,False,False,2026-09-16 12:12:47+00:00,2026-09-16 12:12:54.690496+00:00
20260916,-7316505829012677515,7827115796113910322,SN50.812.150.56.N.2.91115990,0,REPLACEMENT,0.0,0.0,False,False,False,False,2026-09-16 12:12:47+00:00,2026-09-16 12:12:54.690496+00:00
20260916,-7316505829012677515,-3388014010532034570,SN50.812.150.56.N.2.91115990,0,REPLACEMENT,0.0,0.0,False,False,False,False,2026-09-16 12:12:47+00:00,2026-09-16 12:12:54.690496+00:00
20260916,-7316505829012677515,-7320923453953822610,SN50.812.150.56.N.2.91115990,0,REPLACEMENT,0.0,0.0,False,False,False,False,2026-09-16 12:12:47+00:00,2026-09-16 12:12:54.690496+00:00
20260916,-7316505829012677515,6516161078084562271,SN50.812.150.56.N.2.91115990,0,REPLACEMENT,0.0,0.0,False,False,False,False,2026-09-16 12:12:47+00:00,2026-09-16 12:12:54.690496+00:00
20260916,-7316505829012677515,7455602255433093159,SN50.812.150.56.N.2.91115990,0,REPLACEMENT,0.0,0.0,False,False,False,False,2026-09-16 12:12:47+00:00,2026-09-16 12:12:54.690496+00:00
20260916,-7316505829012677515,274369082431929129,SN50.812.150.56.N.2.91115990,0,REPLACEMENT,0.0,0.0,False,False,False,False,2026-09-16 12:12:47+00:00,2026-09-16 12:12:54.690496+00:00
20260916,-7316505829012677515,1596093462769749328,SN50.812.150.56.N.2.91115990,0,REPLACEMENT,0.0,0.0,False,False,False,False,2026-09-16 12:12:47+00:00,2026-09-16 12:12:54.690496+00:00
20260916,5630525952252418354,4599181785305926972,615S.812.150.16.T.8.91115798,0,SCHEDULED,0.0,0.0,False,False,False,False,2026-09-16 12:12:47+00:00,2026-09-16 12:12:54.690496+00:00
20260916,5630525952252418354,-2840977376138885669,615S.812.150.16.T.8.91115798,0,SCHEDULED,0.0,0.0,False,False,False,False,2026-09-16 12:12:47+00:00,2026-09-16 12:12:54.690496+00:00
20260916,5630525952252418354,-5250691378248803399,615S.812.150.16.T.8.91115798,0,SCHEDULED,0.0,0.0,False,False,False,False,2026-09-16 12:12:47+00:00,2026-09-16 12:12:54.690496+00:00
20260916,5630525952252418354,5283802069566271788,615S.812.150.16.T.8.91115798,0,SCHEDULED,0.0,0.0,False,False,False,False,2026-09-16 12:12:47+00:00,2026-09-16 12:12:54.690496+00:00
20260916,5630525952252418354,3049108295002465205,615S.812.150.16.T.8.91115798,0,SCHEDULED,0.0,0.0,False,False,False,False,2026-09-16 12:12:47+00:00,2026-09-16 12:12:54.690496+00:00
20260916,5630525952252418354,7298766431076032142,615S.812.150.16.T.8.91115798,0,SCHEDULED,0.0,0.0,False,False,False,False,2026-09-16 12:12:47+00:00,2026-09-16 12:12:54.690496+00:00
20260916,5630525952252418354,4034867515855622552,615S.812.150.16.T.8.91115798,0,SCHEDULED,0.0,0.0,False,False,False,False,2026-09-16 12:12:47+00:00,2026-09-16 12:12:54.690496+00:00
20260916,5630525952252418354,8732215138225519887,615S.812.150.16.T.8.91115798,0,SCHEDULED,0.0,0.0,False,False,False,False,2026-09-16 12:12:47+00:00,2026-09-16 12:12:54.690496+00:00
20260916,5630525952252418354,-6279120888825074472,615S.812.150.16.T.8.91115798,0,SCHEDULED,0.0,0.0,False,False,False,False,2026-09-16 12:12:47+00:00,2026-09-16 12:12:54.690496+00:00
20260916,5630525952252418354,-844883588419371563,615S.812.150.16.T.8.91115798,0,SCHEDULED,0.0,0.0,False,False,False,False,2026-09-16 12:12:47+00:00,2026-09-16 12:12:54.690496+00:00
20260916,5630525952252418354,9208013799183619241,615S.812.150.16.T.8.91115798,0,SCHEDULED,0.0,0.0,False,False,False,False,2026-09-16 12:12:47+00:00,2026-09-16 12:12:54.690496+00:00
20260916,5630525952252418354,6314839419406480639,615S.812.150.16.T.8.91115798,0,SCHEDULED,0.0,0.0,False,False,False,False,2026-09-16 12:12:47+00:00,2026-09-16 12:12:54.690496+00:00
20260916,5630525952252418354,2110738146112551362,615S.812.150.16.T.8.91115798,0,SCHEDULED,0.0,0.0,False,False,False,False,2026-09-16 12:12:47+00:00,2026-09-16 12:12:54.690496+00:00
20260916,5630525952252418354,1882759412779683366,615S.812.150.16.T.8.91115798,0,SCHEDULED,0.0,0.0,False,False,False,False,2026-09-16 12:12:47+00:00,2026-09-16 12:12:54.690496+00:00
20260916,5630525952252418354,-1855194984233855758,615S.812.150.16.T.8.91115798,0,SCHEDULED,0.0,0.0,False,False,False,False,2026-09-16 12:12:47+00:00,2026-09-16 12:12:54.690496+00:00
20260916,5630525952252418354,2575190295852924711,615S.812.150.16.T.8.91115798,0,SCHEDULED,0.0,0.0,False,False,False,False,2026-09-16 12:12:47+00:00,2026-09-16 12:12:54.690496+00:00
20260916,5630525952252418354,1378952111334263434,615S.812.150.16.T.8.91115798,0,SCHEDULED,0.0,0.0,False,False,False,False,2026-09-16 12:12:47+00:00,2026-09-16 12:12:54.690496+00:00
20260916,5630525952252418354,-6365579239099342340,615S.812.150.16.T.8.91115798,0,SCHEDULED,0.0,0.0,False,False,False,False,2026-09-16 12:12:47+00:00,2026-09-16 12:12:54.690496+00:00
20260916,5630525952252418354,-7309827273581882508,615S.812.150.16.T.8.91115798,0,SCHEDULED,0.0,0.0,False,False,False,False,2026-09-16 12:12:47+00:00,2026-09-16 12:12:54.690496+00:00
20260916,4366774083614345187,-970864714992148263,174Z.812.150.16.A.8.91115853,0,REPLACEMENT,0.0,,False,False,False,False,2026-09-16 12:12:47+00:00,2026-09-16 12:12:54.690496+00:00
20260916,4366774083614345187,3330155286583946050,S870.812.150.16.D.8.91117425,0,REPLACEMENT,0.0,,False,False,False,False,2026-09-16 12:12:47+00:00,2026-09-16 12:12:54.690496+00:00
20260916,7835924838457624329,8480872264950089100,SN29.812.150.16.N.2.91404979,0,SCHEDULED,81.0,81.0,False,False,False,False,2026-09-16 12:12:47+00:00,2026-09-16 12:12:54.690496+00:00
20260916,7835924838457624329,4267512304945807725,SN29.812.150.16.N.2.91404979,0,SCHEDULED,81.0,81.0,False,False,False,False,2026-09-16 12:12:47+00:00,2026-09-16 12:12:54.690496+00:00
20260916,7835924838457624329,-3449903928000400842,SN29.812.150.16.N.2.91404979,0,SCHEDULED,81.0,81.0,False,False,False,False,2026-09-16 12:12:47+00:00,2026-09-16 12:12:54.690496+00:00
20260916,7835924838457624329,6282046429495235662,SN29.812.150.16.N.2.91404979,0,SCHEDULED,81.0,81.0,False,False,False,False,2026-09-16 12:12:47+00:00,2026-09-16 12:12:54.690496+00:00
20260916,7835924838457624329,7344101488936075901,SN29.812.150.16.N.2.91404979,0,SCHEDULED,81.0,81.0,False,False,False,False,2026-09-16 12:12:47+00:00,2026-09-16 12:12:54.690496+00:00
20260916,7835924838457624329,3902356506063082889,SN29.812.150.16.N.2.91404979,0,SCHEDULED,81.0,81.0,False,False,False,False,2026-09-16 12:12:47+00:00,2026-09-16 12:12:54.690496+00:00
20260916,7835924838457624329,-6253830889052471909,SN29.812.150.16.N.2.91404979,0,SCHEDULED,81.0,81.0,False,False,False,False,2026-09-16 12:12:47+00:00,2026-09-16 12:12:54.690496+00:00
20260916,7835924838457624329,-6425801247087022956,SN29.812.150.16.N.2.91404979,0,SCHEDULED,81.0,81.0,False,False,False,False,2026-09-16 12:12:47+00:00,2026-09-16 12:12:54.690496+00:00
20260916,7835924838457624329,-2869275988912975447,SN29.812.150.16.N.2.91404979,0,SCHEDULED,81.0,81.0,False,False,False,False,2026-09-16 12:12:47+00:00,2026-09-16 12:12:54.690496+00:00
20260916,7835924838457624329,8312711558947007430,SN29.812.150.16.N.2.91404979,0,SCHEDULED,81.0,81.0,False,False,False,False,2026-09-16 12:12:47+00:00,2026-09-16 12:12:54.690496+00:00
20260916,7835924838457624329,5594090472067316080,SN29.812.150.16.N.2.91404979,0,SCHEDULED,81.0,0.0,False,False,False,False,2026-09-16 12:12:47+00:00,2026-09-16 12:12:54.690496+00:00
20260916,8283204442033751644,-1906114871667065914,111S.812.150.48.T.8.91114671,0,REPLACEMENT,0.0,0.0,False,False,False,False,2026-09-16 12:12:47+00:00,2026-09-16 12:12:54.690496+00:00
20260916,8283204442033751644,-8042109189266427146,111S.812.150.48.T.8.91114671,0,REPLACEMENT,0.0,0.0,False,False,False,False,2026-09-16 12:12:47+00:00,2026-09-16 12:12:54.690496+00:00
20260916,8283204442033751644,-6817342502955226366,111S.812.150.48.T.8.91114671,0,REPLACEMENT,0.0,0.0,False,False,False,False,2026-09-16 12:12:47+00:00,2026-09-16 12:12:54.690496+00:00
20260916,8283204442033751644,-8109062943416768923,111S.812.150.48.T.8.91114671,0,REPLACEMENT,0.0,,False,False,False,False,2026-09-16 12:12:47+00:00,2026-09-16 12:12:54.690496+00:00
20260916,8283204442033751644,5910429933619948288,111S.812.150.48.T.8.91114671,0,REPLACEMENT,0.0,0.0,False,False,False,False,2026-09-16 12:12:47+00:00,2026-09-16 12:12:54.690496+00:00
20260916,8283204442033751644,6293317781789769049,111S.812.150.48.T.8.91114671,0,REPLACEMENT,0.0,0.0,False,False,False,False,2026-09-16 12:12:47+00:00,2026-09-16 12:12:54.690496+00:00
20260916,8283204442033751644,-504663660726119441,111S.812.150.48.T.8.91114671,0,REPLACEMENT,0.0,0.0,False,False,False,False,2026-09-16 12:12:47+00:00,2026-09-16 12:12:54.690496+00:00
20260916,8283204442033751644,-5490767611701501781,111S.812.150.48.T.8.91114671,0,REPLACEMENT,0.0,0.0,False,False,False,False,2026-09-16 12:12:47+00:00,2026-09-16 12:12:54.690496+00:00
20260916,8283204442033751644,-7067462509829325937,111S.812.150.48.T.8.91114671,0,REPLACEMENT,0.0,0.0,False,False,False,False,2026-09-16 12:12:47+00:00,2026-09-16 12:12:54.690496+00:00
20260916,8283204442033751644,-1159576259008233442,111S.812.150.48.T.8.91114671,0,REPLACEMENT,0.0,0.0,False,False,False,False,2026-09-16 12:12:47+00:00,2026-09-16 12:12:54.690496+00:00
20260916,8283204442033751644,1249086895157883493,111S.812.150.48.T.8.91114671,0,REPLACEMENT,0.0,0.0,False,False,False,False,2026-09-16 12:12:47+00:00,2026-09-16 12:12:54.690496+00:00
20260916,8283204442033751644,-7066026016142092038,111S.812.150.48.T.8.91114671,0,REPLACEMENT,0.0,0.0,False,False,False,False,2026-09-16 12:12:47+00:00,2026-09-16 12:12:54.690496+00:00
20260916,8283204442033751644,-2244068803689482245,111S.812.150.48.T.8.91114671,0,REPLACEMENT,0.0,0.0,False,False,False,False,2026-09-16 12:12:47+00:00,2026-09-16 12:12:54.690496+00:00
20260916,8283204442033751644,1171768796122015062,111S.812.150.48.T.8.91114671,0,REPLACEMENT,0.0,0.0,False,False,False,False,2026-09-16 12:12:47+00:00,2026-09-16 12:12:54.690496+00:00
20260916,8283204442033751644,6712238427155524772,111S.812.150.48.T.8.91114671,0,REPLACEMENT,0.0,0.0,False,False,False,False,2026-09-16 12:12:47+00:00,2026-09-16 12:12:54.690496+00:00
20260916,8283204442033751644,-3661915164080710936,111S.812.150.48.T.8.91114671,0,REPLACEMENT,0.0,0.0,False,False,False,False,2026-09-16 12:12:47+00:00,2026-09-16 12:12:54.690496+00:00
20260916,8283204442033751644,4232244489046419403,111S.812.150.48.T.8.91114671,0,REPLACEMENT,0.0,0.0,False,False,False,False,2026-09-16 12:12:47+00:00,2026-09-16 12:12:54.690496+00:00
20260916,4366774083614345187,8446654175270410506,157U.812.150.16.A.8.91404529,0,REPLACEMENT,0.0,,False,False,False,False,2026-09-16 12:12:47+00:00,2026-09-16 12:12:54.690496+00:00
20260916,7400251048012378211,7492905660078349455,710U.812.150.16.B.8.91116250,0,REPLACEMENT,0.0,,False,False,False,False,2026-09-16 12:12:47+00:00,2026-09-16 12:12:54.690496+00:00
20260916,7400251048012378211,5559968963547238181,710U.812.150.16.B.8.91116250,0,REPLACEMENT,0.0,,False,False,False,False,2026-09-16 12:12:47+00:00,2026-09-16 12:12:54.690496+00:00
20260916,-8074707193682375787,-6270797141784471995,89-R.812.150.16.A.8.91117330,0,SCHEDULED,133.0,103.0,False,False,False,False,2026-09-16 12:12:47+00:00,2026-09-16 12:12:54.690496+00:00
20260916,-8074707193682375787,8116839606302592422,89-R.812.150.16.A.8.91117330,0,SCHEDULED,133.0,133.0,False,False,False,False,2026-09-16 12:12:47+00:00,2026-09-16 12:12:54.690496+00:00
20260916,-8074707193682375787,-8371165257693926976,89-R.812.150.16.A.8.91117330,0,SCHEDULED,133.0,133.0,False,False,False,False,2026-09-16 12:12:47+00:00,2026-09-16 12:12:54.690496+00:00
20260916,-8074707193682375787,-1499590784136314024,89-R.812.150.16.A.8.91117330,0,SCHEDULED,133.0,133.0,False,False,False,False,2026-09-16 12:12:47+00:00,2026-09-16 12:12:54.690496+00:00
20260916,-8074707193682375787,8534557404726925046,89-R.812.150.16.A.8.91117330,0,SCHEDULED,133.0,133.0,False,False,False,False,2026-09-16 12:12:47+00:00,2026-09-16 12:12:54.690496+00:00
20260916,-8074707193682375787,-7347023239969974439,89-R.812.150.16.A.8.91117330,0,SCHEDULED,223.0,133.0,False,False,False,False,2026-09-16 12:12:47+00:00,2026-09-16 12:12:54.690496+00:00
20260916,-8074707193682375787,3685960514656409399,89-R.812.150.16.A.8.91117330,0,SCHEDULED,133.0,133.0,False,False,False,False,2026-09-16 12:12:47+00:00,2026-09-16 12:12:54.690496+00:00
20260916,-8074707193682375787,6792093193056792515,89-R.812.150.16.A.8.91117330,0,SCHEDULED,133.0,133.0,False,False,False,False,2026-09-16 12:12:47+00:00,2026-09-16 12:12:54.690496+00:00
20260916,-8074707193682375787,4993455570594642710,89-R.812.150.16.A.8.91117330,0,SCHEDULED,133.0,133.0,False,False,False,False,2026-09-16 12:12:47+00:00,2026-09-16 12:12:54.690496+00:00
20260916,-8074707193682375787,5644835936414964127,89-R.812.150.16.A.8.91117330,0,SCHEDULED,133.0,133.0,False,False,False,False,2026-09-16 12:12:47+00:00,2026-09-16 12:12:54.690496+00:00
20260916,-8074707193682375787,-5754989209665518283,89-R.812.150.16.A.8.91117330,0,SCHEDULED,133.0,133.0,False,False,False,False,2026-09-16 12:12:47+00:00,2026-09-16 12:12:54.690496+00:00
20260916,-8074707193682375787,-6198597879138005252,89-R.812.150.16.A.8.91117330,0,SCHEDULED,133.0,133.0,False,False,False,False,2026-09-16 12:12:47+00:00,2026-09-16 12:12:54.690496+00:00
20260916,-8074707193682375787,4641946326572440052,89-R.812.150.16.A.8.91117330,0,SCHEDULED,133.0,133.0,False,False,False,False,2026-09-16 12:12:47+00:00,2026-09-16 12:12:54.690496+00:00
20260916,-8074707193682375787,-8119129655364501779,89-R.812.150.16.A.8.91117330,0,SCHEDULED,133.0,133.0,False,False,False,False,2026-09-16 12:12:47+00:00,2026-09-16 12:12:54.690496+00:00
20260916,-8074707193682375787,-5925274722480050083,89-R.812.150.16.A.8.91117330,0,SCHEDULED,133.0,133.0,False,False,False,False,2026-09-16 12:12:47+00:00,2026-09-16 12:12:54.690496+00:00
20260916,-8074707193682375787,-1472947109262562106,89-R.812.150.16.A.8.91117330,0,SCHEDULED,133.0,133.0,False,False,False,False,2026-09-16 12:12:47+00:00,2026-09-16 12:12:54.690496+00:00
20260916,-8074707193682375787,-4870470968172307795,89-R.812.150.16.A.8.91117330,0,SCHEDULED,133.0,133.0,False,False,False,False,2026-09-16 12:12:47+00:00,2026-09-16 12:12:54.690496+00:00
20260916,-8074707193682375787,3194506089115629230,89-R.812.150.16.A.8.91117330,0,SCHEDULED,133.0,133.0,False,False,False,False,2026-09-16 12:12:47+00:00,2026-09-16 12:12:54.690496+00:00
20260916,-8074707193682375787,5352561739320346629,89-R.812.150.16.A.8.91117330,0,SCHEDULED,133.0,133.0,False,False,False,False,2026-09-16 12:12:47+00:00,2026-09-16 12:12:54.690496+00:00
20260916,-8074707193682375787,869925268614413277,89-R.812.150.16.A.8.91117330,0,SCHEDULED,253.0,223.0,False,False,False,False,2026-09-16 12:12:47+00:00,2026-09-16 12:12:54.690496+00:00
20260916,-8074707193682375787,-8978612123944289664,89-R.812.150.16.A.8.91117330,0,SCHEDULED,223.0,223.0,False,False,False,False,2026-09-16 12:12:47+00:00,2026-09-16 12:12:54.690496+00:00
20260916,-8074707193682375787,-8676524930632608389,89-R.812.150.16.A.8.91117330,0,SCHEDULED,0.0,253.0,False,False,False,False,2026-09-16 12:12:47+00:00,2026-09-16 12:12:54.690496+00:00
20260916,-8074707193682375787,7775925523574179584,89-R.812.150.16.A.8.91117330,0,SCHEDULED,223.0,223.0,False,False,False,False,2026-09-16 12:12:47+00:00,2026-09-16 12:12:54.690496+00:00
20260916,-8074707193682375787,-6785468926781081616,89-R.812.150.16.A.8.91117330,0,SCHEDULED,223.0,223.0,False,False,False,False,2026-09-16 12:12:47+00:00,2026-09-16 12:12:54.690496+00:00
20260916,-8074707193682375787,-1067011201369590144,89-R.812.150.16.A.8.91117330,0,SCHEDULED,223.0,223.0,False,False,False,False,2026-09-16 12:12:47+00:00,2026-09-16 12:12:54.690496+00:00
20260916,7835924838457624329,911857777755124858,SN43.812.150.56.N.2.91118359,0,REPLACEMENT,0.0,0.0,False,False,False,False,2026-09-16 12:12:47+00:00,2026-09-16 12:12:54.690496+00:00
20260916,7835924838457624329,-7889193868046082307,SN43.812.150.56.N.2.91118359,0,REPLACEMENT,0.0,0.0,False,False,False,False,2026-09-16 12:12:47+00:00,2026-09-16 12:12:54.690496+00:00
20260916,7835924838457624329,8480872264950089100,SN43.812.150.56.N.2.91118359,0,REPLACEMENT,47.0,47.0,False,False,False,False,2026-09-16 12:12:47+00:00,2026-09-16 12:12:54.690496+00:00
20260916,7835924838457624329,4267512304945807725,SN43.812.150.56.N.2.91118359,0,REPLACEMENT,47.0,47.0,False,False,False,False,2026-09-16 12:12:47+00:00,2026-09-16 12:12:54.690496+00:00
20260916,7835924838457624329,-3449903928000400842,SN43.812.150.56.N.2.91118359,0,REPLACEMENT,47.0,47.0,False,False,False,False,2026-09-16 12:12:47+00:00,2026-09-16 12:12:54.690496+00:00
20260916,7835924838457624329,6282046429495235662,SN43.812.150.56.N.2.91118359,0,REPLACEMENT,47.0,47.0,False,False,False,False,2026-09-16 12:12:47+00:00,2026-09-16 12:12:54.690496+00:00
20260916,7835924838457624329,7344101488936075901,SN43.812.150.56.N.2.91118359,0,REPLACEMENT,47.0,47.0,False,False,False,False,2026-09-16 12:12:47+00:00,2026-09-16 12:12:54.690496+00:00
20260916,7835924838457624329,3902356506063082889,SN43.812.150.56.N.2.91118359,0,REPLACEMENT,47.0,47.0,False,False,False,False,2026-09-16 12:12:47+00:00,2026-09-16 12:12:54.690496+00:00
20260916,7835924838457624329,-6253830889052471909,SN43.812.150.56.N.2.91118359,0,REPLACEMENT,47.0,47.0,False,False,False,False,2026-09-16 12:12:47+00:00,2026-09-16 12:12:54.690496+00:00
20260916,7835924838457624329,-6425801247087022956,SN43.812.150.56.N.2.91118359,0,REPLACEMENT,47.0,47.0,False,False,False,False,2026-09-16 12:12:47+00:00,2026-09-16 12:12:54.690496+00:00
20260916,7835924838457624329,-2869275988912975447,SN43.812.150.56.N.2.91118359,0,REPLACEMENT,47.0,47.0,False,False,False,False,2026-09-16 12:12:47+00:00,2026-09-16 12:12:54.690496+00:00
20260916,7835924838457624329,8312711558947007430,SN43.812.150.56.N.2.91118359,0,REPLACEMENT,47.0,47.0,False,False,False,False,2026-09-16 12:12:47+00:00,2026-09-16 12:12:54.690496+00:00
20260916,7835924838457624329,5594090472067316080,SN43.812.150.56.N.2.91118359,0,REPLACEMENT,47.0,,False,False,False,False,2026-09-16 12:12:47+00:00,2026-09-16 12:12:54.690496+00:00
20260916,6965782384900562698,-1906114871667065914,154S.812.150.48.A.8.91116963,0,SCHEDULED,0.0,0.0,False,False,False,False,2026-09-16 12:12:47+00:00,2026-09-16 12:12:54.690496+00:00
20260916,6965782384900562698,-8903371073604344195,154S.812.150.48.A.8.91116963,0,SCHEDULED,0.0,0.0,False,False,False,False,2026-09-16 12:12:47+00:00,2026-09-16 12:12:54.690496+00:00
20260916,6965782384900562698,-547101269315442553,154S.812.150.48.A.8.91116963,0,SCHEDULED,0.0,0.0,False,False,False,False,2026-09-16 12:12:47+00:00,2026-09-16 12:12:54.690496+00:00
20260916,6965782384900562698,4307401460270953512,154S.812.150.48.A.8.91116963,0,SCHEDULED,0.0,0.0,False,False,False,False,2026-09-16 12:12:47+00:00,2026-09-16 12:12:54.690496+00:00
20260916,6965782384900562698,-5420673490650911212,154S.812.150.48.A.8.91116963,0,SCHEDULED,0.0,0.0,False,False,False,False,2026-09-16 12:12:47+00:00,2026-09-16 12:12:54.690496+00:00
20260916,6965782384900562698,-6475982795972593312,154S.812.150.48.A.8.91116963,0,SCHEDULED,0.0,0.0,False,False,False,False,2026-09-16 12:12:47+00:00,2026-09-16 12:12:54.690496+00:00
20260916,6965782384900562698,6575595418068994273,154S.812.150.48.A.8.91116963,0,SCHEDULED,0.0,0.0,False,False,False,False,2026-09-16 12:12:47+00:00,2026-09-16 12:12:54.690496+00:00
20260916,7087056493799616534,6795477399301955320,602N.812.150.16.T.8.91115403,0,SCHEDULED,0.0,0.0,False,False,False,False,2026-09-16 12:12:47+00:00,2026-09-16 12:12:54.690496+00:00
20260916,4202176109787108346,-7507059286225273372,KN43.812.150.16.N.2.91116209,0,SCHEDULED,104.0,104.0,False,False,False,False,2026-09-16 12:12:47+00:00,2026-09-16 12:12:54.690496+00:00
20260916,4202176109787108346,406806713641398873,KN43.812.150.16.N.2.91116209,0,SCHEDULED,0.0,0.0,False,False,False,False,2026-09-16 12:12:47+00:00,2026-09-16 12:12:54.690496+00:00
20260916,4202176109787108346,3765225681449563605,KN43.812.150.16.N.2.91116209,0,SCHEDULED,0.0,0.0,False,False,False,False,2026-09-16 12:12:47+00:00,2026-09-16 12:12:54.690496+00:00
20260916,7107036069782603127,3125385761023321334,N649.812.150.16.D.10.91116853,0,REPLACEMENT,0.0,0.0,False,False,False,False,2026-09-16 12:12:47+00:00,2026-09-16 12:12:54.690496+00:00
20260916,7107036069782603127,1821911624841613760,N649.812.150.16.D.10.91116853,0,REPLACEMENT,,0.0,,False,False,,2026-09-16 12:12:47+00:00,2026-09-16 12:12:54.690496+00:00
20260916,7107036069782603127,-1524378004626864800,N649.812.150.16.D.10.91116853,0,REPLACEMENT,,0.0,,False,False,,2026-09-16 12:12:47+00:00,2026-09-16 12:12:54.690496+00:00
20260916,7107036069782603127,-5621762837069403900,N649.812.150.16.D.10.91116853,0,REPLACEMENT,0.0,0.0,False,False,False,False,2026-09-16 12:12:47+00:00,2026-09-16 12:12:54.690496+00:00
20260916,7107036069782603127,7702210253278732611,N649.812.150.16.D.10.91116853,0,REPLACEMENT,0.0,0.0,False,False,False,False,2026-09-16 12:12:47+00:00,2026-09-16 12:12:54.690496+00:00
20260916,7107036069782603127,-8083684398210327495,N649.812.150.16.D.10.91116853,0,REPLACEMENT,0.0,0.0,False,False,False,False,2026-09-16 12:12:47+00:00,2026-09-16 12:12:54.690496+00:00
20260916,7107036069782603127,3341714465681365718,N649.812.150.16.D.10.91116853,0,REPLACEMENT,0.0,0.0,False,False,False,False,2026-09-16 12:12:47+00:00,2026-09-16 12:12:54.690496+00:00
20260916,7107036069782603127,-7340014484472577951,N649.812.150.16.D.10.91116853,0,REPLACEMENT,0.0,0.0,False,False,False,False,2026-09-16 12:12:47+00:00,2026-09-16 12:12:54.690496+00:00
20260916,7107036069782603127,-6149382851983002653,N649.812.150.16.D.10.91116853,0,REPLACEMENT,118.0,118.0,False,False,False,False,2026-09-16 12:12:47+00:00,2026-09-16 12:12:54.690496+00:00
20260916,7107036069782603127,7043891849206051533,N649.812.150.16.D.10.91116853,0,REPLACEMENT,118.0,118.0,False,False,False,False,2026-09-16 12:12:47+00:00,2026-09-16 12:12:54.690496+00:00
20260916,7107036069782603127,-1033042400137353946,N649.812.150.16.D.10.91116853,0,REPLACEMENT,118.0,118.0,False,False,False,False,2026-09-16 12:12:47+00:00,2026-09-16 12:12:54.690496+00:00
20260916,7107036069782603127,1252546623115669200,N649.812.150.16.D.10.91116853,0,REPLACEMENT,118.0,118.0,False,False,False,False,2026-09-16 12:12:47+00:00,2026-09-16 12:12:54.690496+00:00
20260916,7107036069782603127,5391668411992063355,N649.812.150.16.D.10.91116853,0,REPLACEMENT,118.0,,False,False,False,False,2026-09-16 12:12:47+00:00,2026-09-16 12:12:54.690496+00:00
20260916,7107036069782603127,-6958619773406275623,N649.812.150.16.D.10.91116853,0,REPLACEMENT,118.0,118.0,False,False,False,False,2026-09-16 12:12:47+00:00,2026-09-16 12:12:54.690496+00:00
20260916,4366774083614345187,-1808477083268811256,Y782.812.150.16.D.4.91529938,0,SCHEDULED,86.0,0.0,False,False,False,False,2026-09-16 12:12:47+00:00,2026-09-16 12:12:54.690496+00:00
20260916,4202176109787108346,-7507059286225273372,KN81.812.150.16.N.2.91115411,0,SCHEDULED,462.0,462.0,True,False,False,False,2026-09-16 12:12:47+00:00,2026-09-16 12:12:54.690496+00:00
20260916,4202176109787108346,406806713641398873,KN81.812.150.16.N.2.91115411,0,SCHEDULED,0.0,421.0,False,False,False,False,2026-09-16 12:12:47+00:00,2026-09-16 12:12:54.690496+00:00
20260916,4202176109787108346,3765225681449563605,KN81.812.150.16.N.2.91115411,0,SCHEDULED,421.0,301.0,True,False,False,False,2026-09-16 12:12:47+00:00,2026-09-16 12:12:54.690496+00:00
20260916,7835924838457624329,8480872264950089100,SN63.812.150.56.N.2.91116953,0,SCHEDULED,39.0,39.0,False,False,False,False,2026-09-16 12:12:47+00:00,2026-09-16 12:12:54.690496+00:00
20260916,7835924838457624329,4267512304945807725,SN63.812.150.56.N.2.91116953,0,SCHEDULED,39.0,39.0,False,False,False,False,2026-09-16 12:12:47+00:00,2026-09-16 12:12:54.690496+00:00
20260916,7835924838457624329,-3449903928000400842,SN63.812.150.56.N.2.91116953,0,SCHEDULED,39.0,39.0,False,False,False,False,2026-09-16 12:12:47+00:00,2026-09-16 12:12:54.690496+00:00
20260916,7835924838457624329,6282046429495235662,SN63.812.150.56.N.2.91116953,0,SCHEDULED,39.0,39.0,False,False,False,False,2026-09-16 12:12:47+00:00,2026-09-16 12:12:54.690496+00:00
20260916,7835924838457624329,7344101488936075901,SN63.812.150.56.N.2.91116953,0,SCHEDULED,39.0,39.0,False,False,False,False,2026-09-16 12:12:47+00:00,2026-09-16 12:12:54.690496+00:00
20260916,7835924838457624329,3902356506063082889,SN63.812.150.56.N.2.91116953,0,SCHEDULED,39.0,39.0,False,False,False,False,2026-09-16 12:12:47+00:00,2026-09-16 12:12:54.690496+00:00
20260916,7835924838457624329,-6253830889052471909,SN63.812.150.56.N.2.91116953,0,SCHEDULED,39.0,39.0,False,False,False,False,2026-09-16 12:12:47+00:00,2026-09-16 12:12:54.690496+00:00
20260916,7835924838457624329,-6425801247087022956,SN63.812.150.56.N.2.91116953,0,SCHEDULED,39.0,39.0,False,False,False,False,2026-09-16 12:12:47+00:00,2026-09-16 12:12:54.690496+00:00
20260916,7835924838457624329,-2869275988912975447,SN63.812.150.56.N.2.91116953,0,SCHEDULED,39.0,39.0,False,False,False,False,2026-09-16 12:12:47+00:00,2026-09-16 12:12:54.690496+00:00
20260916,7835924838457624329,8312711558947007430,SN63.812.150.56.N.2.91116953,0,SCHEDULED,39.0,39.0,False,False,False,False,2026-09-16 12:12:47+00:00,2026-09-16 12:12:54.690496+00:00
20260916,7835924838457624329,5594090472067316080,SN63.812.150.56.N.2.91116953,0,SCHEDULED,39.0,0.0,False,False,False,False,2026-09-16 12:12:47+00:00,2026-09-16 12:12:54.690496+00:00
20260916,4366774083614345187,5391668411992063355,Y722.812.150.16.D.6.91529983,0,REPLACEMENT,0.0,,False,False,False,False,2026-09-16 12:12:47+00:00,2026-09-16 12:12:54.690496+00:00
20260916,-8080502455091207041,8048208835776358690,138T.812.150.16.A.8.91116948,0,SCHEDULED,20.0,20.0,False,False,False,False,2026-09-16 12:12:47+00:00,2026-09-16 12:12:54.690496+00:00
20260916,-8080502455091207041,-8412866568763436982,138T.812.150.16.A.8.91116948,0,SCHEDULED,0.0,0.0,False,False,False,False,2026-09-16 12:12:47+00:00,2026-09-16 12:12:54.690496+00:00
20260916,-8080502455091207041,-3811020202878694750,138T.812.150.16.A.8.91116948,0,SCHEDULED,0.0,0.0,False,False,False,False,2026-09-16 12:12:47+00:00,2026-09-16 12:12:54.690496+00:00
20260916,-8080502455091207041,4095639415924901295,138T.812.150.16.A.8.91116948,0,SCHEDULED,0.0,0.0,False,False,False,False,2026-09-16 12:12:47+00:00,2026-09-16 12:12:54.690496+00:00
20260916,-8080502455091207041,6281320006181619112,138T.812.150.16.A.8.91116948,0,SCHEDULED,0.0,0.0,False,False,False,False,2026-09-16 12:12:47+00:00,2026-09-16 12:12:54.690496+00:00
20260916,-8080502455091207041,2332380944889390961,138T.812.150.16.A.8.91116948,0,SCHEDULED,0.0,0.0,False,False,False,False,2026-09-16 12:12:47+00:00,2026-09-16 12:12:54.690496+00:00
20260916,-8080502455091207041,-6866979337130038485,138T.812.150.16.A.8.91116948,0,SCHEDULED,0.0,0.0,False,False,False,False,2026-09-16 12:12:47+00:00,2026-09-16 12:12:54.690496+00:00
20260916,-8080502455091207041,7867227525348948206,138T.812.150.16.A.8.91116948,0,SCHEDULED,20.0,20.0,False,False,False,False,2026-09-16 12:12:47+00:00,2026-09-16 12:12:54.690496+00:00
20260916,-8080502455091207041,1446632565895093766,138T.812.150.16.A.8.91116948,0,SCHEDULED,20.0,0.0,False,False,False,False,2026-09-16 12:12:47+00:00,2026-09-16 12:12:54.690496+00:00
20260916,-8080502455091207041,-8736486477011362501,138T.812.150.16.A.8.91116948,0,SCHEDULED,0.0,0.0,False,False,False,False,2026-09-16 12:12:47+00:00,2026-09-16 12:12:54.690496+00:00
20260916,-8080502455091207041,-5512830783196631856,138T.812.150.16.A.8.91116948,0,SCHEDULED,0.0,0.0,False,False,False,False,2026-09-16 12:12:47+00:00,2026-09-16 12:12:54.690496+00:00
20260916,-8080502455091207041,-4662342852169107525,138T.812.150.16.A.8.91116948,0,SCHEDULED,0.0,0.0,False,False,False,False,2026-09-16 12:12:47+00:00,2026-09-16 12:12:54.690496+00:00
20260916,-8080502455091207041,-5255863135154699190,138T.812.150.16.A.8.91116948,0,SCHEDULED,0.0,0.0,False,False,False,False,2026-09-16 12:12:47+00:00,2026-09-16 12:12:54.690496+00:00
20260916,-8080502455091207041,-1282387075119142495,138T.812.150.16.A.8.91116948,0,SCHEDULED,0.0,0.0,False,False,False,False,2026-09-16 12:12:47+00:00,2026-09-16 12:12:54.690496+00:00
20260916,-8080502455091207041,-3485798361028198595,138T.812.150.16.A.8.91116948,0,SCHEDULED,0.0,0.0,False,False,False,False,2026-09-16 12:12:47+00:00,2026-09-16 12:12:54.690496+00:00
20260916,-8080502455091207041,-8733849968579603942,138T.812.150.16.A.8.91116948,0,SCHEDULED,0.0,0.0,False,False,False,False,2026-09-16 12:12:47+00:00,2026-09-16 12:12:54.690496+00:00
20260916,5630525952252418354,4599181785305926972,611S.812.150.16.T.8.91116180,0,SCHEDULED,0.0,0.0,False,False,False,False,2026-09-16 12:12:47+00:00,2026-09-16 12:12:54.690496+00:00
20260916,5630525952252418354,-2840977376138885669,611S.812.150.16.T.8.91116180,0,SCHEDULED,0.0,0.0,False,False,False,False,2026-09-16 12:12:47+00:00,2026-09-16 12:12:54.690496+00:00
20260916,5630525952252418354,-5250691378248803399,611S.812.150.16.T.8.91116180,0,SCHEDULED,0.0,0.0,False,False,False,False,2026-09-16 12:12:47+00:00,2026-09-16 12:12:54.690496+00:00
20260916,5630525952252418354,5283802069566271788,611S.812.150.16.T.8.91116180,0,SCHEDULED,0.0,0.0,False,False,False,False,2026-09-16 12:12:47+00:00,2026-09-16 12:12:54.690496+00:00
20260916,5630525952252418354,3049108295002465205,611S.812.150.16.T.8.91116180,0,SCHEDULED,0.0,0.0,False,False,False,False,2026-09-16 12:12:47+00:00,2026-09-16 12:12:54.690496+00:00
20260916,5630525952252418354,6795477399301955320,611S.812.150.16.T.8.91116180,0,SCHEDULED,0.0,0.0,False,False,False,False,2026-09-16 12:12:47+00:00,2026-09-16 12:12:54.690496+00:00
20260916,5630525952252418354,4034867515855622552,611S.812.150.16.T.8.91116180,0,SCHEDULED,0.0,0.0,False,False,False,False,2026-09-16 12:12:47+00:00,2026-09-16 12:12:54.690496+00:00
20260916,5630525952252418354,8732215138225519887,611S.812.150.16.T.8.91116180,0,SCHEDULED,0.0,0.0,False,False,False,False,2026-09-16 12:12:47+00:00,2026-09-16 12:12:54.690496+00:00
20260916,5630525952252418354,-6279120888825074472,611S.812.150.16.T.8.91116180,0,SCHEDULED,0.0,0.0,False,False,False,False,2026-09-16 12:12:47+00:00,2026-09-16 12:12:54.690496+00:00
20260916,5630525952252418354,-844883588419371563,611S.812.150.16.T.8.91116180,0,SCHEDULED,0.0,0.0,False,False,False,False,2026-09-16 12:12:47+00:00,2026-09-16 12:12:54.690496+00:00
20260916,5630525952252418354,9208013799183619241,611S.812.150.16.T.8.91116180,0,SCHEDULED,0.0,0.0,False,False,False,False,2026-09-16 12:12:47+00:00,2026-09-16 12:12:54.690496+00:00
20260916,5630525952252418354,6314839419406480639,611S.812.150.16.T.8.91116180,0,SCHEDULED,0.0,0.0,False,False,False,False,2026-09-16 12:12:47+00:00,2026-09-16 12:12:54.690496+00:00
20260916,5630525952252418354,2110738146112551362,611S.812.150.16.T.8.91116180,0,SCHEDULED,0.0,0.0,False,False,False,False,2026-09-16 12:12:47+00:00,2026-09-16 12:12:54.690496+00:00
20260916,5630525952252418354,1882759412779683366,611S.812.150.16.T.8.91116180,0,SCHEDULED,0.0,0.0,False,False,False,False,2026-09-16 12:12:47+00:00,2026-09-16 12:12:54.690496+00:00
20260916,5630525952252418354,-1855194984233855758,611S.812.150.16.T.8.91116180,0,SCHEDULED,0.0,0.0,False,False,False,False,2026-09-16 12:12:47+00:00,2026-09-16 12:12:54.690496+00:00
20260916,5630525952252418354,2575190295852924711,611S.812.150.16.T.8.91116180,0,SCHEDULED,0.0,0.0,False,False,False,False,2026-09-16 12:12:47+00:00,2026-09-16 12:12:54.690496+00:00
20260916,5630525952252418354,1378952111334263434,611S.812.150.16.T.8.91116180,0,SCHEDULED,0.0,0.0,False,False,False,False,2026-09-16 12:12:47+00:00,2026-09-16 12:12:54.690496+00:00
20260916,5630525952252418354,-6365579239099342340,611S.812.150.16.T.8.91116180,0,SCHEDULED,0.0,0.0,False,False,False,False,2026-09-16 12:12:47+00:00,2026-09-16 12:12:54.690496+00:00
20260916,5630525952252418354,-7309827273581882508,611S.812.150.16.T.8.91116180,0,SCHEDULED,0.0,0.0,False,False,False,False,2026-09-16 12:12:47+00:00,2026-09-16 12:12:54.690496+00:00
20260916,5630525952252418354,3731880902321079604,611S.812.150.16.T.8.91116180,0,SCHEDULED,0.0,0.0,False,False,False,False,2026-09-16 12:12:47+00:00,2026-09-16 12:12:54.690496+00:00
20260916,5630525952252418354,3612356486350744060,611S.812.150.16.T.8.91116180,0,SCHEDULED,0.0,0.0,False,False,False,False,2026-09-16 12:12:47+00:00,2026-09-16 12:12:54.690496+00:00
20260916,5630525952252418354,-282374903151028086,611S.812.150.16.T.8.91116180,0,SCHEDULED,0.0,0.0,False,False,False,False,2026-09-16 12:12:47+00:00,2026-09-16 12:12:54.690496+00:00
20260916,5630525952252418354,3780271777343336871,611S.812.150.16.T.8.91116180,0,SCHEDULED,0.0,0.0,False,False,False,False,2026-09-16 12:12:47+00:00,2026-09-16 12:12:54.690496+00:00
20260916,5630525952252418354,103000179220261358,611S.812.150.16.T.8.91116180,0,SCHEDULED,76.0,0.0,False,False,False,False,2026-09-16 12:12:47+00:00,2026-09-16 12:12:54.690496+00:00
20260916,-5911806343721876623,-6628296758623141852,70CD.812.149.8.M.4.91114864,0,SCHEDULED,61.0,0.0,False,False,True,False,2026-09-16 12:12:47+00:00,2026-09-16 12:12:54.690496+00:00
20260916,4366774083614345187,869925268614413277,96-S.812.150.48.A.8.91116497,0,REPLACEMENT,0.0,,False,False,False,False,2026-09-16 12:12:47+00:00,2026-09-16 12:12:54.690496+00:00
20260916,-6221745689490968550,1048280793838685142,ST21.812.150.16.X.7.91529731,0,SCHEDULED,0.0,0.0,False,False,False,False,2026-09-16 12:12:47+00:00,2026-09-16 12:12:54.690496+00:00
20260916,-6221745689490968550,8999946313069962505,ST21.812.150.16.X.7.91529731,0,SCHEDULED,0.0,0.0,False,False,False,False,2026-09-16 12:12:47+00:00,2026-09-16 12:12:54.690496+00:00
20260916,-6221745689490968550,5507929326770945937,ST21.812.150.16.X.7.91529731,0,SCHEDULED,0.0,0.0,False,False,False,False,2026-09-16 12:12:47+00:00,2026-09-16 12:12:54.690496+00:00
20260916,-6221745689490968550,-9046360717315089638,ST21.812.150.16.X.7.91529731,0,SCHEDULED,0.0,0.0,False,False,False,False,2026-09-16 12:12:47+00:00,2026-09-16 12:12:54.690496+00:00
20260916,-6221745689490968550,-7544388259149659356,ST21.812.150.16.X.7.91529731,0,SCHEDULED,0.0,0.0,False,False,False,False,2026-09-16 12:12:47+00:00,2026-09-16 12:12:54.690496+00:00
20260916,-6221745689490968550,5594090472067316080,ST21.812.150.16.X.7.91529731,0,SCHEDULED,579.0,489.0,True,False,False,False,2026-09-16 12:12:47+00:00,2026-09-16 12:12:54.690496+00:00
20260916,-6221745689490968550,-4215070570825713297,ST21.812.150.16.X.7.91529731,0,SCHEDULED,489.0,399.0,True,False,False,False,2026-09-16 12:12:47+00:00,2026-09-16 12:12:54.690496+00:00
20260916,-6221745689490968550,-4245897116525681373,ST21.812.150.16.X.7.91529731,0,SCHEDULED,399.0,399.0,True,False,False,False,2026-09-16 12:12:47+00:00,2026-09-16 12:12:54.690496+00:00
20260916,-6221745689490968550,-9014864440119915937,ST21.812.150.16.X.7.91529731,0,SCHEDULED,399.0,369.0,True,False,False,False,2026-09-16 12:12:47+00:00,2026-09-16 12:12:54.690496+00:00
20260916,-6221745689490968550,-4464085945803201387,ST21.812.150.16.X.7.91529731,0,SCHEDULED,369.0,339.0,True,False,False,False,2026-09-16 12:12:47+00:00,2026-09-16 12:12:54.690496+00:00
20260916,-6221745689490968550,2861133072835355442,ST21.812.150.16.X.7.91529731,0,SCHEDULED,339.0,249.0,True,False,False,False,2026-09-16 12:12:47+00:00,2026-09-16 12:12:54.690496+00:00
20260916,-6221745689490968550,-7576476589388505962,ST21.812.150.16.X.7.91529731,0,SCHEDULED,0.0,0.0,False,False,False,False,2026-09-16 12:12:47+00:00,2026-09-16 12:12:54.690496+00:00
20260916,-6221745689490968550,6829906344003623794,ST21.812.150.16.X.7.91529731,0,SCHEDULED,99.0,9.0,False,False,False,False,2026-09-16 12:12:47+00:00,2026-09-16 12:12:54.690496+00:00
20260916,-6221745689490968550,1660767294129399999,ST21.812.150.16.X.7.91529731,0,SCHEDULED,9.0,0.0,False,False,False,False,2026-09-16 12:12:47+00:00,2026-09-16 12:12:54.690496+00:00
20260916,-6221745689490968550,1816715991090178110,ST21.812.150.16.X.7.91529731,0,SCHEDULED,0.0,0.0,False,False,False,False,2026-09-16 12:12:47+00:00,2026-09-16 12:12:54.690496+00:00
20260916,-6221745689490968550,7120448861424223905,ST21.812.150.16.X.7.91529731,0,SCHEDULED,0.0,0.0,False,False,False,False,2026-09-16 12:12:47+00:00,2026-09-16 12:12:54.690496+00:00
20260916,-6221745689490968550,5841106658092049649,ST21.812.150.16.X.7.91529731,0,SCHEDULED,249.0,99.0,False,False,False,False,2026-09-16 12:12:47+00:00,2026-09-16 12:12:54.690496+00:00
20260916,4366774083614345187,-2771100076130190385,Y757.812.149.8.D.4.91728205,0,SCHEDULED,0.0,,False,False,True,False,2026-09-16 12:12:47+00:00,2026-09-16 12:12:54.690496+00:00
20260916,-4689984939195006273,3508940945860787276,193P.812.150.48.B.8.91115881,0,SCHEDULED,0.0,0.0,False,False,False,False,2026-09-16 12:12:47+00:00,2026-09-16 12:12:54.690496+00:00
20260916,-4689984939195006273,4683999382729454313,193P.812.150.48.B.8.91115881,0,SCHEDULED,0.0,0.0,False,False,False,False,2026-09-16 12:12:47+00:00,2026-09-16 12:12:54.690496+00:00
20260916,-4689984939195006273,1546226603274301800,193P.812.150.48.B.8.91115881,0,SCHEDULED,0.0,0.0,False,False,False,False,2026-09-16 12:12:47+00:00,2026-09-16 12:12:54.690496+00:00
20260916,-4689984939195006273,-8381759690622684572,193P.812.150.48.B.8.91115881,0,SCHEDULED,0.0,0.0,False,False,False,False,2026-09-16 12:12:47+00:00,2026-09-16 12:12:54.690496+00:00
20260916,-4689984939195006273,-2157835490320818299,193P.812.150.48.B.8.91115881,0,SCHEDULED,0.0,0.0,False,False,False,False,2026-09-16 12:12:47+00:00,2026-09-16 12:12:54.690496+00:00
20260916,-4689984939195006273,492133320578950194,193P.812.150.48.B.8.91115881,0,SCHEDULED,0.0,0.0,False,False,False,False,2026-09-16 12:12:47+00:00,2026-09-16 12:12:54.690496+00:00
20260916,-4689984939195006273,6960865287121943885,193P.812.150.48.B.8.91115881,0,SCHEDULED,0.0,0.0,False,False,False,False,2026-09-16 12:12:47+00:00,2026-09-16 12:12:54.690496+00:00
20260916,-4689984939195006273,7320276821397553074,193P.812.150.48.B.8.91115881,0,SCHEDULED,0.0,0.0,False,False,False,False,2026-09-16 12:12:47+00:00,2026-09-16 12:12:54.690496+00:00
20260916,-4689984939195006273,-4576123028587082005,193P.812.150.48.B.8.91115881,0,SCHEDULED,0.0,0.0,False,False,False,False,2026-09-16 12:12:47+00:00,2026-09-16 12:12:54.690496+00:00
20260916,-4689984939195006273,-6627378620640566393,193P.812.150.48.B.8.91115881,0,SCHEDULED,0.0,0.0,False,False,False,False,2026-09-16 12:12:47+00:00,2026-09-16 12:12:54.690496+00:00
20260916,-4689984939195006273,1206440550424753901,193P.812.150.48.B.8.91115881,0,SCHEDULED,0.0,0.0,False,False,False,False,2026-09-16 12:12:47+00:00,2026-09-16 12:12:54.690496+00:00
20260916,-4689984939195006273,-5510222690186109640,193P.812.150.48.B.8.91115881,0,SCHEDULED,0.0,0.0,False,False,False,False,2026-09-16 12:12:47+00:00,2026-09-16 12:12:54.690496+00:00
20260916,-4689984939195006273,-2125918043849023823,193P.812.150.48.B.8.91115881,0,SCHEDULED,0.0,0.0,False,False,False,False,2026-09-16 12:12:47+00:00,2026-09-16 12:12:54.690496+00:00
20260916,-4689984939195006273,-6607814288058595011,193P.812.150.48.B.8.91115881,0,SCHEDULED,0.0,0.0,False,False,False,False,2026-09-16 12:12:47+00:00,2026-09-16 12:12:54.690496+00:00
20260916,-4689984939195006273,-4662342852169107525,193P.812.150.48.B.8.91115881,0,SCHEDULED,170.0,0.0,False,False,False,False,2026-09-16 12:12:47+00:00,2026-09-16 12:12:54.690496+00:00
20260916,-4689984939195006273,-904133297077372003,193P.812.150.48.B.8.91115881,0,SCHEDULED,0.0,0.0,False,False,False,False,2026-09-16 12:12:47+00:00,2026-09-16 12:12:54.690496+00:00
20260916,-4689984939195006273,8926528296280516372,193P.812.150.48.B.8.91115881,0,SCHEDULED,0.0,0.0,False,False,False,False,2026-09-16 12:12:47+00:00,2026-09-16 12:12:54.690496+00:00
20260916,-4689984939195006273,-5570979485462827657,193P.812.150.48.B.8.91115881,0,SCHEDULED,0.0,0.0,False,False,False,False,2026-09-16 12:12:47+00:00,2026-09-16 12:12:54.690496+00:00
20260916,-4689984939195006273,6952433621366055465,193P.812.150.48.B.8.91115881,0,SCHEDULED,0.0,0.0,False,False,False,False,2026-09-16 12:12:47+00:00,2026-09-16 12:12:54.690496+00:00
20260916,2213430644432283724,195996996370985595,602P.812.150.16.T.8.91116183,0,SCHEDULED,0.0,0.0,False,False,False,False,2026-09-16 12:12:47+00:00,2026-09-16 12:12:54.690496+00:00
20260916,2213430644432283724,-6319264484958793723,602P.812.150.16.T.8.91116183,0,SCHEDULED,0.0,0.0,False,False,False,False,2026-09-16 12:12:47+00:00,2026-09-16 12:12:54.690496+00:00
20260916,2213430644432283724,7441593026655814830,602P.812.150.16.T.8.91116183,0,SCHEDULED,0.0,0.0,False,False,False,False,2026-09-16 12:12:47+00:00,2026-09-16 12:12:54.690496+00:00
20260916,2213430644432283724,-2222922355244971541,602P.812.150.16.T.8.91116183,0,SCHEDULED,0.0,0.0,False,False,False,False,2026-09-16 12:12:47+00:00,2026-09-16 12:12:54.690496+00:00
20260916,2213430644432283724,4549896384088506662,602P.812.150.16.T.8.91116183,0,SCHEDULED,0.0,0.0,False,False,False,False,2026-09-16 12:12:47+00:00,2026-09-16 12:12:54.690496+00:00
20260916,2213430644432283724,6795477399301955320,602P.812.150.16.T.8.91116183,0,SCHEDULED,0.0,0.0,False,False,False,False,2026-09-16 12:12:47+00:00,2026-09-16 12:12:54.690496+00:00
20260916,2213430644432283724,-9175316127581631929,602P.812.150.16.T.8.91116183,0,SCHEDULED,0.0,0.0,False,False,False,False,2026-09-16 12:12:47+00:00,2026-09-16 12:12:54.690496+00:00
20260916,2213430644432283724,-8878885375073503370,602P.812.150.16.T.8.91116183,0,SCHEDULED,0.0,0.0,False,False,False,False,2026-09-16 12:12:47+00:00,2026-09-16 12:12:54.690496+00:00
20260916,2213430644432283724,-5408461935977997803,602P.812.150.16.T.8.91116183,0,SCHEDULED,0.0,0.0,False,False,False,False,2026-09-16 12:12:47+00:00,2026-09-16 12:12:54.690496+00:00
20260916,2213430644432283724,5175978725872556493,602P.812.150.16.T.8.91116183,0,SCHEDULED,0.0,0.0,False,False,False,False,2026-09-16 12:12:47+00:00,2026-09-16 12:12:54.690496+00:00
20260916,2213430644432283724,2400575194895508650,602P.812.150.16.T.8.91116183,0,SCHEDULED,0.0,0.0,False,False,False,False,2026-09-16 12:12:47+00:00,2026-09-16 12:12:54.690496+00:00
20260916,2213430644432283724,-5027013652357604356,602P.812.150.16.T.8.91116183,0,SCHEDULED,0.0,0.0,False,False,False,False,2026-09-16 12:12:47+00:00,2026-09-16 12:12:54.690496+00:00
20260916,2213430644432283724,-3921659768394918962,602P.812.150.16.T.8.91116183,0,SCHEDULED,0.0,0.0,False,False,False,False,2026-09-16 12:12:47+00:00,2026-09-16 12:12:54.690496+00:00
20260916,2213430644432283724,6260316331497457735,602P.812.150.16.T.8.91116183,0,SCHEDULED,0.0,0.0,False,False,False,False,2026-09-16 12:12:47+00:00,2026-09-16 12:12:54.690496+00:00
20260916,2213430644432283724,4677734749154617412,602P.812.150.16.T.8.91116183,0,SCHEDULED,0.0,0.0,False,False,False,False,2026-09-16 12:12:47+00:00,2026-09-16 12:12:54.690496+00:00
20260916,2213430644432283724,-7110789718912403642,602P.812.150.16.T.8.91116183,0,SCHEDULED,0.0,0.0,False,False,False,False,2026-09-16 12:12:47+00:00,2026-09-16 12:12:54.690496+00:00
20260916,2213430644432283724,-5207432050937040547,602P.812.150.16.T.8.91116183,0,SCHEDULED,0.0,0.0,False,False,False,False,2026-09-16 12:12:47+00:00,2026-09-16 12:12:54.690496+00:00
20260916,2213430644432283724,-9006256556337552063,602P.812.150.16.T.8.91116183,0,SCHEDULED,0.0,0.0,False,False,False,False,2026-09-16 12:12:47+00:00,2026-09-16 12:12:54.690496+00:00
20260916,2213430644432283724,-527062628457462638,602P.812.150.16.T.8.91116183,0,SCHEDULED,0.0,0.0,False,False,False,False,2026-09-16 12:12:47+00:00,2026-09-16 12:12:54.690496+00:00
20260916,2213430644432283724,6234760950908674113,602P.812.150.16.T.8.91116183,0,SCHEDULED,0.0,0.0,False,False,False,False,2026-09-16 12:12:47+00:00,2026-09-16 12:12:54.690496+00:00
20260916,2213430644432283724,-7764139941610294159,602P.812.150.16.T.8.91116183,0,SCHEDULED,0.0,0.0,False,False,False,False,2026-09-16 12:12:47+00:00,2026-09-16 12:12:54.690496+00:00
20260916,2213430644432283724,5056884671245604652,602P.812.150.16.T.8.91116183,0,SCHEDULED,0.0,0.0,False,False,False,False,2026-09-16 12:12:47+00:00,2026-09-16 12:12:54.690496+00:00
20260916,2213430644432283724,5076508847195848498,602P.812.150.16.T.8.91116183,0,SCHEDULED,0.0,0.0,False,False,False,False,2026-09-16 12:12:47+00:00,2026-09-16 12:12:54.690496+00:00
20260916,2213430644432283724,103000179220261358,602P.812.150.16.T.8.91116183,0,SCHEDULED,0.0,0.0,False,False,False,False,2026-09-16 12:12:47+00:00,2026-09-16 12:12:54.690496+00:00
20260916,4366774083614345187,-4667185445057793362,25-D.812.150.56.B.8.91116412,0,SCHEDULED,0.0,0.0,False,False,False,False,2026-09-16 12:12:47+00:00,2026-09-16 12:12:54.690496+00:00
20260916,1644696160033301445,3330540505824425781,507R.812.150.48.T.8.91118623,0,SCHEDULED,62.0,32.0,False,False,False,False,2026-09-16 12:12:47+00:00,2026-09-16 12:12:54.690496+00:00
20260916,1644696160033301445,-4415371273764806397,507R.812.150.48.T.8.91118623,0,SCHEDULED,32.0,32.0,False,False,False,False,2026-09-16 12:12:47+00:00,2026-09-16 12:12:54.690496+00:00
20260916,1644696160033301445,7316163471860210383,507R.812.150.48.T.8.91118623,0,SCHEDULED,32.0,0.0,False,False,False,False,2026-09-16 12:12:47+00:00,2026-09-16 12:12:54.690496+00:00
20260916,1644696160033301445,-7727426948540168293,507R.812.150.48.T.8.91118623,0,SCHEDULED,32.0,32.0,False,False,False,False,2026-09-16 12:12:47+00:00,2026-09-16 12:12:54.690496+00:00
20260916,7087056493799616534,-1179123144834419479,619R.812.150.120.T.8.91118867,0,SCHEDULED,57.0,0.0,False,False,False,False,2026-09-16 12:12:47+00:00,2026-09-16 12:12:54.690496+00:00
20260916,6945390360945871574,7702210253278732611,A661.812.150.16.D.10.92075559,0,SCHEDULED,0.0,0.0,False,False,False,False,2026-09-16 12:12:47+00:00,2026-09-16 12:12:54.690496+00:00
20260916,4202176109787108346,7492905660078349455,C193.812.150.24.H.4.91118671,0,SCHEDULED,1298.0,98.0,True,False,False,False,2026-09-16 12:12:47+00:00,2026-09-16 12:12:54.690496+00:00
20260916,4202176109787108346,4759039001359939455,C193.812.150.24.H.4.91118671,0,SCHEDULED,98.0,98.0,False,False,False,False,2026-09-16 12:12:47+00:00,2026-09-16 12:12:54.690496+00:00
20260916,4202176109787108346,5175978725872556493,C193.812.150.24.H.4.91118671,0,SCHEDULED,98.0,98.0,False,False,False,False,2026-09-16 12:12:47+00:00,2026-09-16 12:12:54.690496+00:00
20260916,4202176109787108346,-5207432050937040547,C193.812.150.24.H.4.91118671,0,SCHEDULED,98.0,68.0,False,False,False,False,2026-09-16 12:12:47+00:00,2026-09-16 12:12:54.690496+00:00
20260916,4202176109787108346,-7252741680206314177,C193.812.150.24.H.4.91118671,0,SCHEDULED,68.0,38.0,False,False,False,False,2026-09-16 12:12:47+00:00,2026-09-16 12:12:54.690496+00:00
20260916,4202176109787108346,-2237549891709921557,C193.812.150.24.H.4.91118671,0,SCHEDULED,0.0,0.0,False,False,False,False,2026-09-16 12:12:47+00:00,2026-09-16 12:12:54.690496+00:00
20260916,4202176109787108346,5235941531362629401,C193.812.150.24.H.4.91118671,0,SCHEDULED,38.0,38.0,False,False,False,False,2026-09-16 12:12:47+00:00,2026-09-16 12:12:54.690496+00:00
20260916,4202176109787108346,-6489654447956971570,C193.812.150.24.H.4.91118671,0,SCHEDULED,38.0,0.0,False,False,False,False,2026-09-16 12:12:47+00:00,2026-09-16 12:12:54.690496+00:00
20260916,4202176109787108346,2512705171789316978,C193.812.150.24.H.4.91118671,0,SCHEDULED,38.0,38.0,False,False,False,False,2026-09-16 12:12:47+00:00,2026-09-16 12:12:54.690496+00:00
20260916,4202176109787108346,7883039023634258668,C193.812.150.24.H.4.91118671,0,SCHEDULED,38.0,38.0,False,False,False,False,2026-09-16 12:12:47+00:00,2026-09-16 12:12:54.690496+00:00
20260916,4202176109787108346,7803828394838746513,C193.812.150.24.H.4.91118671,0,SCHEDULED,0.0,0.0,False,False,False,False,2026-09-16 12:12:47+00:00,2026-09-16 12:12:54.690496+00:00
20260916,4202176109787108346,-7364633119503500562,C193.812.150.24.H.4.91118671,0,SCHEDULED,0.0,0.0,False,False,False,False,2026-09-16 12:12:47+00:00,2026-09-16 12:12:54.690496+00:00
20260916,4202176109787108346,-7315400607259613426,C193.812.150.24.H.4.91118671,0,SCHEDULED,0.0,0.0,False,False,False,False,2026-09-16 12:12:47+00:00,2026-09-16 12:12:54.690496+00:00
20260916,4202176109787108346,1277584948389827009,C193.812.150.24.H.4.91118671,0,SCHEDULED,0.0,0.0,False,False,False,False,2026-09-16 12:12:47+00:00,2026-09-16 12:12:54.690496+00:00
20260916,4202176109787108346,1065549735589304250,C193.812.150.24.H.4.91118671,0,SCHEDULED,0.0,0.0,False,False,False,False,2026-09-16 12:12:47+00:00,2026-09-16 12:12:54.690496+00:00
20260916,4202176109787108346,8206255193434804528,C193.812.150.24.H.4.91118671,0,SCHEDULED,0.0,0.0,False,False,False,False,2026-09-16 12:12:47+00:00,2026-09-16 12:12:54.690496+00:00
20260916,4202176109787108346,8892766573855646026,C193.812.150.24.H.4.91118671,0,SCHEDULED,0.0,0.0,False,False,False,False,2026-09-16 12:12:47+00:00,2026-09-16 12:12:54.690496+00:00
20260916,4202176109787108346,-3709647459970693127,C193.812.150.24.H.4.91118671,0,SCHEDULED,0.0,0.0,False,False,False,False,2026-09-16 12:12:47+00:00,2026-09-16 12:12:54.690496+00:00
20260916,8283204442033751644,-6817342502955226366,141U.812.150.48.A.8.91728700,0,SCHEDULED,50.0,50.0,False,False,False,False,2026-09-16 12:12:47+00:00,2026-09-16 12:12:54.690496+00:00
20260916,8283204442033751644,-8109062943416768923,141U.812.150.48.A.8.91728700,0,SCHEDULED,50.0,0.0,False,False,False,False,2026-09-16 12:12:47+00:00,2026-09-16 12:12:54.690496+00:00
20260916,8283204442033751644,-5490767611701501781,141U.812.150.48.A.8.91728700,0,SCHEDULED,50.0,50.0,False,False,False,False,2026-09-16 12:12:47+00:00,2026-09-16 12:12:54.690496+00:00
20260916,8283204442033751644,-7067462509829325937,141U.812.150.48.A.8.91728700,0,SCHEDULED,50.0,50.0,False,False,False,False,2026-09-16 12:12:47+00:00,2026-09-16 12:12:54.690496+00:00
20260916,8283204442033751644,-1159576259008233442,141U.812.150.48.A.8.91728700,0,SCHEDULED,50.0,50.0,False,False,False,False,2026-09-16 12:12:47+00:00,2026-09-16 12:12:54.690496+00:00
20260916,8283204442033751644,1249086895157883493,141U.812.150.48.A.8.91728700,0,SCHEDULED,50.0,50.0,False,False,False,False,2026-09-16 12:12:47+00:00,2026-09-16 12:12:54.690496+00:00
20260916,8283204442033751644,-7066026016142092038,141U.812.150.48.A.8.91728700,0,SCHEDULED,80.0,50.0,False,False,False,False,2026-09-16 12:12:47+00:00,2026-09-16 12:12:54.690496+00:00
20260916,7087056493799616534,4599181785305926972,605R.812.150.56.T.8.91119663,0,SCHEDULED,0.0,0.0,False,False,False,False,2026-09-16 12:12:47+00:00,2026-09-16 12:12:54.690496+00:00
20260916,7087056493799616534,-2840977376138885669,605R.812.150.56.T.8.91119663,0,SCHEDULED,0.0,0.0,False,False,False,False,2026-09-16 12:12:47+00:00,2026-09-16 12:12:54.690496+00:00
20260916,7087056493799616534,-5250691378248803399,605R.812.150.56.T.8.91119663,0,SCHEDULED,0.0,0.0,False,False,False,False,2026-09-16 12:12:47+00:00,2026-09-16 12:12:54.690496+00:00
20260916,7087056493799616534,5283802069566271788,605R.812.150.56.T.8.91119663,0,SCHEDULED,0.0,0.0,False,False,False,False,2026-09-16 12:12:47+00:00,2026-09-16 12:12:54.690496+00:00
20260916,7087056493799616534,3049108295002465205,605R.812.150.56.T.8.91119663,0,SCHEDULED,0.0,0.0,False,False,False,False,2026-09-16 12:12:47+00:00,2026-09-16 12:12:54.690496+00:00
20260916,7087056493799616534,7298766431076032142,605R.812.150.56.T.8.91119663,0,SCHEDULED,0.0,0.0,False,False,False,False,2026-09-16 12:12:47+00:00,2026-09-16 12:12:54.690496+00:00
20260916,7087056493799616534,4034867515855622552,605R.812.150.56.T.8.91119663,0,SCHEDULED,0.0,0.0,False,False,False,False,2026-09-16 12:12:47+00:00,2026-09-16 12:12:54.690496+00:00
20260916,7087056493799616534,8732215138225519887,605R.812.150.56.T.8.91119663,0,SCHEDULED,0.0,0.0,False,False,False,False,2026-09-16 12:12:47+00:00,2026-09-16 12:12:54.690496+00:00
20260916,7087056493799616534,-844883588419371563,605R.812.150.56.T.8.91119663,0,SCHEDULED,0.0,0.0,False,False,False,False,2026-09-16 12:12:47+00:00,2026-09-16 12:12:54.690496+00:00
20260916,7087056493799616534,2110738146112551362,605R.812.150.56.T.8.91119663,0,SCHEDULED,0.0,0.0,False,False,False,False,2026-09-16 12:12:47+00:00,2026-09-16 12:12:54.690496+00:00
20260916,7087056493799616534,1882759412779683366,605R.812.150.56.T.8.91119663,0,SCHEDULED,0.0,0.0,False,False,False,False,2026-09-16 12:12:47+00:00,2026-09-16 12:12:54.690496+00:00
20260916,7087056493799616534,-1855194984233855758,605R.812.150.56.T.8.91119663,0,SCHEDULED,0.0,0.0,False,False,False,False,2026-09-16 12:12:47+00:00,2026-09-16 12:12:54.690496+00:00
20260916,7087056493799616534,2575190295852924711,605R.812.150.56.T.8.91119663,0,SCHEDULED,0.0,0.0,False,False,False,False,2026-09-16 12:12:47+00:00,2026-09-16 12:12:54.690496+00:00
20260916,7087056493799616534,1378952111334263434,605R.812.150.56.T.8.91119663,0,SCHEDULED,0.0,0.0,False,False,False,False,2026-09-16 12:12:47+00:00,2026-09-16 12:12:54.690496+00:00
20260916,7087056493799616534,-6365579239099342340,605R.812.150.56.T.8.91119663,0,SCHEDULED,0.0,0.0,False,False,False,False,2026-09-16 12:12:47+00:00,2026-09-16 12:12:54.690496+00:00
20260916,7087056493799616534,-7309827273581882508,605R.812.150.56.T.8.91119663,0,SCHEDULED,0.0,0.0,False,False,False,False,2026-09-16 12:12:47+00:00,2026-09-16 12:12:54.690496+00:00
20260916,7087056493799616534,-2897867139078942438,605R.812.150.56.T.8.91119663,0,SCHEDULED,0.0,0.0,False,False,False,False,2026-09-16 12:12:47+00:00,2026-09-16 12:12:54.690496+00:00
20260916,7087056493799616534,-6348273073257900739,605R.812.150.56.T.8.91119663,0,SCHEDULED,0.0,0.0,False,False,False,False,2026-09-16 12:12:47+00:00,2026-09-16 12:12:54.690496+00:00
20260916,7087056493799616534,8242984005306792984,605R.812.150.56.T.8.91119663,0,SCHEDULED,0.0,0.0,False,False,False,False,2026-09-16 12:12:47+00:00,2026-09-16 12:12:54.690496+00:00
20260916,7087056493799616534,-3565030001349401117,605R.812.150.56.T.8.91119663,0,SCHEDULED,0.0,0.0,False,False,False,False,2026-09-16 12:12:47+00:00,2026-09-16 12:12:54.690496+00:00
20260916,7087056493799616534,-561815580414401108,605R.812.150.56.T.8.91119663,0,SCHEDULED,0.0,0.0,False,False,False,False,2026-09-16 12:12:47+00:00,2026-09-16 12:12:54.690496+00:00
20260916,7087056493799616534,-6924188240946103411,605R.812.150.56.T.8.91119663,0,SCHEDULED,0.0,0.0,False,False,False,False,2026-09-16 12:12:47+00:00,2026-09-16 12:12:54.690496+00:00
20260916,7087056493799616534,-6009883719623835607,605R.812.150.56.T.8.91119663,0,SCHEDULED,200.0,0.0,False,False,False,False,2026-09-16 12:12:47+00:00,2026-09-16 12:12:54.690496+00:00
20260916,7087056493799616534,6196203816460485940,605R.812.150.56.T.8.91119663,0,SCHEDULED,0.0,0.0,False,False,False,False,2026-09-16 12:12:47+00:00,2026-09-16 12:12:54.690496+00:00
20260916,7087056493799616534,-7507058161649240372,605R.812.150.56.T.8.91119663,0,SCHEDULED,0.0,0.0,False,False,False,False,2026-09-16 12:12:47+00:00,2026-09-16 12:12:54.690496+00:00
20260916,7087056493799616534,-7252741680206314177,605R.812.150.56.T.8.91119663,0,SCHEDULED,0.0,0.0,False,False,False,False,2026-09-16 12:12:47+00:00,2026-09-16 12:12:54.690496+00:00
20260916,5630525952252418354,4599181785305926972,614S.812.150.16.T.8.91116015,0,SCHEDULED,0.0,0.0,False,False,False,False,2026-09-16 12:12:47+00:00,2026-09-16 12:12:54.690496+00:00
20260916,5630525952252418354,-2840977376138885669,614S.812.150.16.T.8.91116015,0,SCHEDULED,0.0,0.0,False,False,False,False,2026-09-16 12:12:47+00:00,2026-09-16 12:12:54.690496+00:00
20260916,5630525952252418354,-5250691378248803399,614S.812.150.16.T.8.91116015,0,SCHEDULED,0.0,0.0,False,False,False,False,2026-09-16 12:12:47+00:00,2026-09-16 12:12:54.690496+00:00
20260916,5630525952252418354,5283802069566271788,614S.812.150.16.T.8.91116015,0,SCHEDULED,0.0,0.0,False,False,False,False,2026-09-16 12:12:47+00:00,2026-09-16 12:12:54.690496+00:00
20260916,5630525952252418354,3049108295002465205,614S.812.150.16.T.8.91116015,0,SCHEDULED,0.0,0.0,False,False,False,False,2026-09-16 12:12:47+00:00,2026-09-16 12:12:54.690496+00:00
20260916,5630525952252418354,7298766431076032142,614S.812.150.16.T.8.91116015,0,SCHEDULED,0.0,0.0,False,False,False,False,2026-09-16 12:12:47+00:00,2026-09-16 12:12:54.690496+00:00
20260916,5630525952252418354,4034867515855622552,614S.812.150.16.T.8.91116015,0,SCHEDULED,0.0,0.0,False,False,False,False,2026-09-16 12:12:47+00:00,2026-09-16 12:12:54.690496+00:00
20260916,5630525952252418354,8732215138225519887,614S.812.150.16.T.8.91116015,0,SCHEDULED,0.0,0.0,False,False,False,False,2026-09-16 12:12:47+00:00,2026-09-16 12:12:54.690496+00:00
20260916,5630525952252418354,-6279120888825074472,614S.812.150.16.T.8.91116015,0,SCHEDULED,0.0,0.0,False,False,False,False,2026-09-16 12:12:47+00:00,2026-09-16 12:12:54.690496+00:00
20260916,5630525952252418354,-844883588419371563,614S.812.150.16.T.8.91116015,0,SCHEDULED,0.0,0.0,False,False,False,False,2026-09-16 12:12:47+00:00,2026-09-16 12:12:54.690496+00:00
20260916,5630525952252418354,9208013799183619241,614S.812.150.16.T.8.91116015,0,SCHEDULED,0.0,0.0,False,False,False,False,2026-09-16 12:12:47+00:00,2026-09-16 12:12:54.690496+00:00
20260916,5630525952252418354,6314839419406480639,614S.812.150.16.T.8.91116015,0,SCHEDULED,0.0,0.0,False,False,False,False,2026-09-16 12:12:47+00:00,2026-09-16 12:12:54.690496+00:00
20260916,5630525952252418354,2110738146112551362,614S.812.150.16.T.8.91116015,0,SCHEDULED,0.0,0.0,False,False,False,False,2026-09-16 12:12:47+00:00,2026-09-16 12:12:54.690496+00:00
20260916,5630525952252418354,1882759412779683366,614S.812.150.16.T.8.91116015,0,SCHEDULED,0.0,0.0,False,False,False,False,2026-09-16 12:12:47+00:00,2026-09-16 12:12:54.690496+00:00
20260916,5630525952252418354,-1855194984233855758,614S.812.150.16.T.8.91116015,0,SCHEDULED,0.0,0.0,False,False,False,False,2026-09-16 12:12:47+00:00,2026-09-16 12:12:54.690496+00:00
20260916,5630525952252418354,2575190295852924711,614S.812.150.16.T.8.91116015,0,SCHEDULED,0.0,0.0,False,False,False,False,2026-09-16 12:12:47+00:00,2026-09-16 12:12:54.690496+00:00
20260916,5630525952252418354,1378952111334263434,614S.812.150.16.T.8.91116015,0,SCHEDULED,0.0,0.0,False,False,False,False,2026-09-16 12:12:47+00:00,2026-09-16 12:12:54.690496+00:00
20260916,5630525952252418354,-6365579239099342340,614S.812.150.16.T.8.91116015,0,SCHEDULED,0.0,0.0,False,False,False,False,2026-09-16 12:12:47+00:00,2026-09-16 12:12:54.690496+00:00
20260916,5630525952252418354,-7309827273581882508,614S.812.150.16.T.8.91116015,0,SCHEDULED,0.0,0.0,False,False,False,False,2026-09-16 12:12:47+00:00,2026-09-16 12:12:54.690496+00:00
20260916,5630525952252418354,3731880902321079604,614S.812.150.16.T.8.91116015,0,SCHEDULED,0.0,0.0,False,False,False,False,2026-09-16 12:12:47+00:00,2026-09-16 12:12:54.690496+00:00
20260916,5630525952252418354,3612356486350744060,614S.812.150.16.T.8.91116015,0,SCHEDULED,0.0,0.0,False,False,False,False,2026-09-16 12:12:47+00:00,2026-09-16 12:12:54.690496+00:00
20260916,5630525952252418354,-282374903151028086,614S.812.150.16.T.8.91116015,0,SCHEDULED,0.0,0.0,False,False,False,False,2026-09-16 12:12:47+00:00,2026-09-16 12:12:54.690496+00:00
20260916,5630525952252418354,3780271777343336871,614S.812.150.16.T.8.91116015,0,SCHEDULED,0.0,0.0,False,False,False,False,2026-09-16 12:12:47+00:00,2026-09-16 12:12:54.690496+00:00
20260916,5630525952252418354,103000179220261358,614S.812.150.16.T.8.91116015,0,SCHEDULED,50.0,0.0,False,False,False,False,2026-09-16 12:12:47+00:00,2026-09-16 12:12:54.690496+00:00
20260916,4366774083614345187,-4662342852169107525,133V.812.150.16.A.8.91118016,0,REPLACEMENT,0.0,,False,False,False,False,2026-09-16 12:12:47+00:00,2026-09-16 12:12:54.690496+00:00
20260916,-8080502455091207041,-8736486477011362501,204P.812.150.16.H.8.91119102,0,SCHEDULED,0.0,0.0,False,False,False,False,2026-09-16 12:12:47+00:00,2026-09-16 12:12:54.690496+00:00
20260916,-8080502455091207041,-5512830783196631856,204P.812.150.16.H.8.91119102,0,SCHEDULED,0.0,0.0,False,False,False,False,2026-09-16 12:12:47+00:00,2026-09-16 12:12:54.690496+00:00
20260916,-8080502455091207041,-4662342852169107525,204P.812.150.16.H.8.91119102,0,SCHEDULED,0.0,0.0,False,False,False,False,2026-09-16 12:12:47+00:00,2026-09-16 12:12:54.690496+00:00
20260916,-8080502455091207041,-5255863135154699190,204P.812.150.16.H.8.91119102,0,SCHEDULED,0.0,0.0,False,False,False,False,2026-09-16 12:12:47+00:00,2026-09-16 12:12:54.690496+00:00
20260916,1644696160033301445,-8412866568763436982,536M.812.150.16.A.8.91117857,0,SCHEDULED,0.0,0.0,False,False,False,False,2026-09-16 12:12:47+00:00,2026-09-16 12:12:54.690496+00:00
20260916,1644696160033301445,-3811020202878694750,536M.812.150.16.A.8.91117857,0,SCHEDULED,0.0,0.0,False,False,False,False,2026-09-16 12:12:47+00:00,2026-09-16 12:12:54.690496+00:00
20260916,1644696160033301445,4095639415924901295,536M.812.150.16.A.8.91117857,0,SCHEDULED,0.0,0.0,False,False,False,False,2026-09-16 12:12:47+00:00,2026-09-16 12:12:54.690496+00:00
20260916,1644696160033301445,6281320006181619112,536M.812.150.16.A.8.91117857,0,SCHEDULED,0.0,0.0,False,False,False,False,2026-09-16 12:12:47+00:00,2026-09-16 12:12:54.690496+00:00
20260916,1644696160033301445,2332380944889390961,536M.812.150.16.A.8.91117857,0,SCHEDULED,0.0,0.0,False,False,False,False,2026-09-16 12:12:47+00:00,2026-09-16 12:12:54.690496+00:00
20260916,1644696160033301445,3330540505824425781,536M.812.150.16.A.8.91117857,0,SCHEDULED,0.0,0.0,False,False,False,False,2026-09-16 12:12:47+00:00,2026-09-16 12:12:54.690496+00:00
20260916,1644696160033301445,-4415371273764806397,536M.812.150.16.A.8.91117857,0,SCHEDULED,0.0,0.0,False,False,False,False,2026-09-16 12:12:47+00:00,2026-09-16 12:12:54.690496+00:00
20260916,1644696160033301445,-7728407959600338740,536M.812.150.16.A.8.91117857,0,SCHEDULED,0.0,0.0,False,False,False,False,2026-09-16 12:12:47+00:00,2026-09-16 12:12:54.690496+00:00
20260916,1644696160033301445,7614089416933542476,536M.812.150.16.A.8.91117857,0,SCHEDULED,0.0,0.0,False,False,False,False,2026-09-16 12:12:47+00:00,2026-09-16 12:12:54.690496+00:00
20260916,1644696160033301445,-4960490454718708789,536M.812.150.16.A.8.91117857,0,SCHEDULED,0.0,0.0,False,False,False,False,2026-09-16 12:12:47+00:00,2026-09-16 12:12:54.690496+00:00
20260916,1644696160033301445,-1517232823452845431,536M.812.150.16.A.8.91117857,0,SCHEDULED,0.0,0.0,False,False,False,False,2026-09-16 12:12:47+00:00,2026-09-16 12:12:54.690496+00:00
20260916,1644696160033301445,-212241251039792385,536M.812.150.16.A.8.91117857,0,SCHEDULED,0.0,0.0,False,False,False,False,2026-09-16 12:12:47+00:00,2026-09-16 12:12:54.690496+00:00
20260916,1644696160033301445,-1697801584359906855,536M.812.150.16.A.8.91117857,0,SCHEDULED,0.0,0.0,False,False,False,False,2026-09-16 12:12:47+00:00,2026-09-16 12:12:54.690496+00:00
20260916,1644696160033301445,-7999753688402702230,536M.812.150.16.A.8.91117857,0,SCHEDULED,0.0,0.0,False,False,False,False,2026-09-16 12:12:47+00:00,2026-09-16 12:12:54.690496+00:00
20260916,1644696160033301445,-6462552768801244686,536M.812.150.16.A.8.91117857,0,SCHEDULED,0.0,0.0,False,False,False,False,2026-09-16 12:12:47+00:00,2026-09-16 12:12:54.690496+00:00
20260916,1644696160033301445,-2518414565497035845,536M.812.150.16.A.8.91117857,0,SCHEDULED,0.0,0.0,False,False,False,False,2026-09-16 12:12:47+00:00,2026-09-16 12:12:54.690496+00:00
20260916,1644696160033301445,-4522369044190200017,536M.812.150.16.A.8.91117857,0,SCHEDULED,0.0,0.0,False,False,False,False,2026-09-16 12:12:47+00:00,2026-09-16 12:12:54.690496+00:00
20260916,1644696160033301445,8399129992602133778,536M.812.150.16.A.8.91117857,0,SCHEDULED,0.0,0.0,False,False,False,False,2026-09-16 12:12:47+00:00,2026-09-16 12:12:54.690496+00:00
20260916,1644696160033301445,-5016389798023391157,536M.812.150.16.A.8.91117857,0,SCHEDULED,0.0,0.0,False,False,False,False,2026-09-16 12:12:47+00:00,2026-09-16 12:12:54.690496+00:00
20260916,1644696160033301445,-7727426948540168293,536M.812.150.16.A.8.91117857,0,SCHEDULED,0.0,0.0,False,False,False,False,2026-09-16 12:12:47+00:00,2026-09-16 12:12:54.690496+00:00
20260916,1644696160033301445,-6187634482440254843,536M.812.150.16.A.8.91117857,0,SCHEDULED,0.0,0.0,False,False,False,False,2026-09-16 12:12:47+00:00,2026-09-16 12:12:54.690496+00:00
20260916,1644696160033301445,-2578308089324484477,536M.812.150.16.A.8.91117857,0,SCHEDULED,0.0,0.0,False,False,False,False,2026-09-16 12:12:47+00:00,2026-09-16 12:12:54.690496+00:00
20260916,7107036069782603127,8041570361657107919,N633.812.150.16.D.10.91119705,0,SCHEDULED,0.0,0.0,False,False,False,False,2026-09-16 12:12:47+00:00,2026-09-16 12:12:54.690496+00:00
20260916,7107036069782603127,-6403964468061029576,N633.812.150.16.D.10.91119705,0,SCHEDULED,0.0,0.0,False,False,False,False,2026-09-16 12:12:47+00:00,2026-09-16 12:12:54.690496+00:00
20260916,7107036069782603127,-6149382851983002653,N633.812.150.16.D.10.91119705,0,SCHEDULED,0.0,0.0,False,False,False,False,2026-09-16 12:12:47+00:00,2026-09-16 12:12:54.690496+00:00
20260916,7107036069782603127,-5356526370273672056,N633.812.150.16.D.10.91119705,0,SCHEDULED,0.0,0.0,False,False,False,False,2026-09-16 12:12:47+00:00,2026-09-16 12:12:54.690496+00:00
20260916,7107036069782603127,7043891849206051533,N633.812.150.16.D.10.91119705,0,SCHEDULED,0.0,0.0,False,False,False,False,2026-09-16 12:12:47+00:00,2026-09-16 12:12:54.690496+00:00
20260916,7107036069782603127,-8196270170076136865,N633.812.150.16.D.10.91119705,0,SCHEDULED,0.0,0.0,False,False,False,False,2026-09-16 12:12:47+00:00,2026-09-16 12:12:54.690496+00:00
20260916,7107036069782603127,-7824276421162881911,N633.812.150.16.D.10.91119705,0,SCHEDULED,0.0,0.0,False,False,False,False,2026-09-16 12:12:47+00:00,2026-09-16 12:12:54.690496+00:00
20260916,7107036069782603127,5364992397233623303,N633.812.150.16.D.10.91119705,0,SCHEDULED,0.0,0.0,False,False,False,False,2026-09-16 12:12:47+00:00,2026-09-16 12:12:54.690496+00:00
20260916,7107036069782603127,-1033042400137353946,N633.812.150.16.D.10.91119705,0,SCHEDULED,0.0,0.0,False,False,False,False,2026-09-16 12:12:47+00:00,2026-09-16 12:12:54.690496+00:00
20260916,7107036069782603127,-9091648635300439767,N633.812.150.16.D.10.91119705,0,SCHEDULED,0.0,0.0,False,False,False,False,2026-09-16 12:12:47+00:00,2026-09-16 12:12:54.690496+00:00
20260916,7107036069782603127,-7089916589314454996,N633.812.150.16.D.10.91119705,0,SCHEDULED,0.0,0.0,False,False,False,False,2026-09-16 12:12:47+00:00,2026-09-16 12:12:54.690496+00:00
20260916,7107036069782603127,1252546623115669200,N633.812.150.16.D.10.91119705,0,SCHEDULED,0.0,0.0,False,False,False,False,2026-09-16 12:12:47+00:00,2026-09-16 12:12:54.690496+00:00
20260916,7107036069782603127,5391668411992063355,N633.812.150.16.D.10.91119705,0,SCHEDULED,0.0,0.0,False,False,False,False,2026-09-16 12:12:47+00:00,2026-09-16 12:12:54.690496+00:00
20260916,7107036069782603127,-6958619773406275623,N633.812.150.16.D.10.91119705,0,SCHEDULED,0.0,0.0,False,False,False,False,2026-09-16 12:12:47+00:00,2026-09-16 12:12:54.690496+00:00
20260916,4622583836084576750,3508940945860787276,158R.812.150.48.A.8.92172583,0,REPLACEMENT,0.0,0.0,False,False,False,False,2026-09-16 12:12:47+00:00,2026-09-16 12:12:54.690496+00:00
20260916,4622583836084576750,7536020881108338221,158R.812.150.48.A.8.92172583,0,REPLACEMENT,0.0,0.0,False,False,False,False,2026-09-16 12:12:47+00:00,2026-09-16 12:12:54.690496+00:00
20260916,4622583836084576750,6202105477384046620,158R.812.150.48.A.8.92172583,0,REPLACEMENT,0.0,0.0,False,False,False,False,2026-09-16 12:12:47+00:00,2026-09-16 12:12:54.690496+00:00
20260916,4622583836084576750,5011251645022536307,158R.812.150.48.A.8.92172583,0,REPLACEMENT,0.0,0.0,False,False,False,False,2026-09-16 12:12:47+00:00,2026-09-16 12:12:54.690496+00:00
20260916,4622583836084576750,-6788983780378711223,158R.812.150.48.A.8.92172583,0,REPLACEMENT,0.0,0.0,False,False,False,False,2026-09-16 12:12:47+00:00,2026-09-16 12:12:54.690496+00:00
20260916,4622583836084576750,-2180087523068539759,158R.812.150.48.A.8.92172583,0,REPLACEMENT,0.0,0.0,False,False,False,False,2026-09-16 12:12:47+00:00,2026-09-16 12:12:54.690496+00:00
20260916,4622583836084576750,3978548535571031105,158R.812.150.48.A.8.92172583,0,REPLACEMENT,0.0,0.0,False,False,False,False,2026-09-16 12:12:47+00:00,2026-09-16 12:12:54.690496+00:00
20260916,4622583836084576750,-1484803317195334805,158R.812.150.48.A.8.92172583,0,REPLACEMENT,0.0,0.0,False,False,False,False,2026-09-16 12:12:47+00:00,2026-09-16 12:12:54.690496+00:00
20260916,4622583836084576750,-8795747107871235027,158R.812.150.48.A.8.92172583,0,REPLACEMENT,0.0,0.0,False,False,False,False,2026-09-16 12:12:47+00:00,2026-09-16 12:12:54.690496+00:00
20260916,4622583836084576750,-6507277496142926151,158R.812.150.48.A.8.92172583,0,REPLACEMENT,0.0,0.0,False,False,False,False,2026-09-16 12:12:47+00:00,2026-09-16 12:12:54.690496+00:00
20260916,4622583836084576750,-4719705806519373114,158R.812.150.48.A.8.92172583,0,REPLACEMENT,0.0,0.0,False,False,False,False,2026-09-16 12:12:47+00:00,2026-09-16 12:12:54.690496+00:00
20260916,4622583836084576750,2300098939432968099,158R.812.150.48.A.8.92172583,0,REPLACEMENT,0.0,0.0,False,False,False,False,2026-09-16 12:12:47+00:00,2026-09-16 12:12:54.690496+00:00
20260916,4622583836084576750,-8021387233322566415,158R.812.150.48.A.8.92172583,0,REPLACEMENT,0.0,0.0,False,False,False,False,2026-09-16 12:12:47+00:00,2026-09-16 12:12:54.690496+00:00
20260916,4622583836084576750,-8189528268114724594,158R.812.150.48.A.8.92172583,0,REPLACEMENT,0.0,0.0,False,False,False,False,2026-09-16 12:12:47+00:00,2026-09-16 12:12:54.690496+00:00
20260916,4622583836084576750,8463204548138423096,158R.812.150.48.A.8.92172583,0,REPLACEMENT,0.0,0.0,False,False,False,False,2026-09-16 12:12:47+00:00,2026-09-16 12:12:54.690496+00:00
20260916,4622583836084576750,976421500923668027,158R.812.150.48.A.8.92172583,0,REPLACEMENT,0.0,0.0,False,False,False,False,2026-09-16 12:12:47+00:00,2026-09-16 12:12:54.690496+00:00
20260916,4622583836084576750,6868354577700387348,158R.812.150.48.A.8.92172583,0,REPLACEMENT,0.0,0.0,False,False,False,False,2026-09-16 12:12:47+00:00,2026-09-16 12:12:54.690496+00:00
20260916,4622583836084576750,-2175101314296702230,158R.812.150.48.A.8.92172583,0,REPLACEMENT,0.0,0.0,False,False,False,False,2026-09-16 12:12:47+00:00,2026-09-16 12:12:54.690496+00:00
20260916,4622583836084576750,-3113364509630902133,158R.812.150.48.A.8.92172583,0,REPLACEMENT,0.0,0.0,False,False,False,False,2026-09-16 12:12:47+00:00,2026-09-16 12:12:54.690496+00:00
20260916,4622583836084576750,-8238392344119364974,158R.812.150.48.A.8.92172583,0,REPLACEMENT,0.0,0.0,False,False,False,False,2026-09-16 12:12:47+00:00,2026-09-16 12:12:54.690496+00:00
20260916,4622583836084576750,4735193369246221649,158R.812.150.48.A.8.92172583,0,REPLACEMENT,0.0,0.0,False,False,False,False,2026-09-16 12:12:47+00:00,2026-09-16 12:12:54.690496+00:00
20260916,4622583836084576750,1736600095109418446,158R.812.150.48.A.8.92172583,0,REPLACEMENT,0.0,0.0,False,False,False,False,2026-09-16 12:12:47+00:00,2026-09-16 12:12:54.690496+00:00
20260916,4622583836084576750,2739414512256273415,158R.812.150.48.A.8.92172583,0,REPLACEMENT,0.0,0.0,False,False,False,False,2026-09-16 12:12:47+00:00,2026-09-16 12:12:54.690496+00:00
20260916,4622583836084576750,-320451119006328845,158R.812.150.48.A.8.92172583,0,REPLACEMENT,0.0,,False,False,False,False,2026-09-16 12:12:47+00:00,2026-09-16 12:12:54.690496+00:00
20260916,7087056493799616534,4599181785305926972,607J.812.150.16.T.8.91115380,0,SCHEDULED,86.0,56.0,False,False,False,False,2026-09-16 12:12:47+00:00,2026-09-16 12:12:54.690496+00:00
20260916,7087056493799616534,-2840977376138885669,607J.812.150.16.T.8.91115380,0,SCHEDULED,26.0,26.0,False,False,False,False,2026-09-16 12:12:47+00:00,2026-09-16 12:12:54.690496+00:00
20260916,7087056493799616534,-5250691378248803399,607J.812.150.16.T.8.91115380,0,SCHEDULED,56.0,26.0,False,False,False,False,2026-09-16 12:12:47+00:00,2026-09-16 12:12:54.690496+00:00
20260916,7087056493799616534,5283802069566271788,607J.812.150.16.T.8.91115380,0,SCHEDULED,26.0,26.0,False,False,False,False,2026-09-16 12:12:47+00:00,2026-09-16 12:12:54.690496+00:00
20260916,7087056493799616534,3049108295002465205,607J.812.150.16.T.8.91115380,0,SCHEDULED,86.0,86.0,False,False,False,False,2026-09-16 12:12:47+00:00,2026-09-16 12:12:54.690496+00:00
20260916,7087056493799616534,7298766431076032142,607J.812.150.16.T.8.91115380,0,SCHEDULED,26.0,0.0,False,False,False,False,2026-09-16 12:12:47+00:00,2026-09-16 12:12:54.690496+00:00
20260916,7087056493799616534,4034867515855622552,607J.812.150.16.T.8.91115380,0,SCHEDULED,26.0,26.0,False,False,False,False,2026-09-16 12:12:47+00:00,2026-09-16 12:12:54.690496+00:00
20260916,7087056493799616534,8732215138225519887,607J.812.150.16.T.8.91115380,0,SCHEDULED,86.0,86.0,False,False,False,False,2026-09-16 12:12:47+00:00,2026-09-16 12:12:54.690496+00:00
20260916,7087056493799616534,-844883588419371563,607J.812.150.16.T.8.91115380,0,SCHEDULED,86.0,86.0,False,False,False,False,2026-09-16 12:12:47+00:00,2026-09-16 12:12:54.690496+00:00
20260916,7087056493799616534,2110738146112551362,607J.812.150.16.T.8.91115380,0,SCHEDULED,86.0,86.0,False,False,False,False,2026-09-16 12:12:47+00:00,2026-09-16 12:12:54.690496+00:00
20260916,4366774083614345187,-5016389798023391157,103R.812.150.16.T.8.91116782,0,REPLACEMENT,0.0,,False,False,False,False,2026-09-16 12:12:47+00:00,2026-09-16 12:12:54.690496+00:00
20260916,7087056493799616534,-1842839152224837919,616V.812.150.16.T.8.91118899,0,REPLACEMENT,0.0,,False,False,False,False,2026-09-16 12:12:47+00:00,2026-09-16 12:12:54.690496+00:00
20260916,7087056493799616534,-6009883719623835607,616V.812.150.16.T.8.91118899,0,REPLACEMENT,74.0,,False,False,False,False,2026-09-16 12:12:47+00:00,2026-09-16 12:12:54.690496+00:00
20260916,2347072026132267080,610129093749931789,W782.812.150.48.D.6.91726712,0,SCHEDULED,0.0,0.0,False,False,False,False,2026-09-16 12:12:47+00:00,2026-09-16 12:12:54.690496+00:00
20260916,2347072026132267080,-970864714992148263,W782.812.150.48.D.6.91726712,0,SCHEDULED,0.0,0.0,False,False,False,False,2026-09-16 12:12:47+00:00,2026-09-16 12:12:54.690496+00:00
20260916,2347072026132267080,4280909641391039359,W782.812.150.48.D.6.91726712,0,SCHEDULED,0.0,0.0,False,False,False,False,2026-09-16 12:12:47+00:00,2026-09-16 12:12:54.690496+00:00
20260916,2347072026132267080,-5510222690186109640,W782.812.150.48.D.6.91726712,0,SCHEDULED,0.0,0.0,False,False,False,False,2026-09-16 12:12:47+00:00,2026-09-16 12:12:54.690496+00:00
20260916,2347072026132267080,-8159485632633011908,W782.812.150.48.D.6.91726712,0,SCHEDULED,0.0,0.0,False,False,False,False,2026-09-16 12:12:47+00:00,2026-09-16 12:12:54.690496+00:00
20260916,2347072026132267080,-9024629707393703762,W782.812.150.48.D.6.91726712,0,SCHEDULED,0.0,0.0,False,False,False,False,2026-09-16 12:12:47+00:00,2026-09-16 12:12:54.690496+00:00
20260916,2347072026132267080,2303707891186182749,W782.812.150.48.D.6.91726712,0,SCHEDULED,0.0,0.0,False,False,False,False,2026-09-16 12:12:47+00:00,2026-09-16 12:12:54.690496+00:00
20260916,2347072026132267080,9082468520499401412,W782.812.150.48.D.6.91726712,0,SCHEDULED,0.0,0.0,False,False,False,False,2026-09-16 12:12:47+00:00,2026-09-16 12:12:54.690496+00:00
20260916,4622583836084576750,-8189528268114724594,196S.812.150.16.B.8.92172581,0,SCHEDULED,11.0,11.0,False,False,False,False,2026-09-16 12:12:47+00:00,2026-09-16 12:12:54.690496+00:00
20260916,4622583836084576750,8463204548138423096,196S.812.150.16.B.8.92172581,0,SCHEDULED,11.0,11.0,False,False,False,False,2026-09-16 12:12:47+00:00,2026-09-16 12:12:54.690496+00:00
20260916,4622583836084576750,976421500923668027,196S.812.150.16.B.8.92172581,0,SCHEDULED,11.0,11.0,False,False,False,False,2026-09-16 12:12:47+00:00,2026-09-16 12:12:54.690496+00:00
20260916,4622583836084576750,6868354577700387348,196S.812.150.16.B.8.92172581,0,SCHEDULED,11.0,11.0,False,False,False,False,2026-09-16 12:12:47+00:00,2026-09-16 12:12:54.690496+00:00
20260916,4622583836084576750,-2175101314296702230,196S.812.150.16.B.8.92172581,0,SCHEDULED,11.0,11.0,False,False,False,False,2026-09-16 12:12:47+00:00,2026-09-16 12:12:54.690496+00:00
20260916,4622583836084576750,5934731588982600981,196S.812.150.16.B.8.92172581,0,SCHEDULED,11.0,0.0,False,False,False,False,2026-09-16 12:12:47+00:00,2026-09-16 12:12:54.690496+00:00
20260916,4622583836084576750,4735193369246221649,196S.812.150.16.B.8.92172581,0,SCHEDULED,11.0,11.0,False,False,False,False,2026-09-16 12:12:47+00:00,2026-09-16 12:12:54.690496+00:00
20260916,7835924838457624329,8480872264950089100,SN69.812.150.56.N.2.91117938,0,SCHEDULED,348.0,348.0,True,False,False,False,2026-09-16 12:12:47+00:00,2026-09-16 12:12:54.690496+00:00
20260916,7835924838457624329,4267512304945807725,SN69.812.150.56.N.2.91117938,0,SCHEDULED,348.0,348.0,True,False,False,False,2026-09-16 12:12:47+00:00,2026-09-16 12:12:54.690496+00:00
20260916,7835924838457624329,-3449903928000400842,SN69.812.150.56.N.2.91117938,0,SCHEDULED,348.0,348.0,True,False,False,False,2026-09-16 12:12:47+00:00,2026-09-16 12:12:54.690496+00:00
20260916,7835924838457624329,6282046429495235662,SN69.812.150.56.N.2.91117938,0,SCHEDULED,348.0,348.0,True,False,False,False,2026-09-16 12:12:47+00:00,2026-09-16 12:12:54.690496+00:00
20260916,7835924838457624329,7344101488936075901,SN69.812.150.56.N.2.91117938,0,SCHEDULED,348.0,348.0,True,False,False,False,2026-09-16 12:12:47+00:00,2026-09-16 12:12:54.690496+00:00
20260916,7835924838457624329,3902356506063082889,SN69.812.150.56.N.2.91117938,0,SCHEDULED,348.0,348.0,True,False,False,False,2026-09-16 12:12:47+00:00,2026-09-16 12:12:54.690496+00:00
20260916,7835924838457624329,-6253830889052471909,SN69.812.150.56.N.2.91117938,0,SCHEDULED,348.0,348.0,True,False,False,False,2026-09-16 12:12:47+00:00,2026-09-16 12:12:54.690496+00:00
20260916,7835924838457624329,-6425801247087022956,SN69.812.150.56.N.2.91117938,0,SCHEDULED,348.0,348.0,True,False,False,False,2026-09-16 12:12:47+00:00,2026-09-16 12:12:54.690496+00:00
20260916,7835924838457624329,-2869275988912975447,SN69.812.150.56.N.2.91117938,0,SCHEDULED,348.0,348.0,True,False,False,False,2026-09-16 12:12:47+00:00,2026-09-16 12:12:54.690496+00:00
20260916,7835924838457624329,8312711558947007430,SN69.812.150.56.N.2.91117938,0,SCHEDULED,348.0,348.0,True,False,False,False,2026-09-16 12:12:47+00:00,2026-09-16 12:12:54.690496+00:00
20260916,7835924838457624329,5594090472067316080,SN69.812.150.56.N.2.91117938,0,SCHEDULED,348.0,288.0,True,False,False,False,2026-09-16 12:12:47+00:00,2026-09-16 12:12:54.690496+00:00
20260916,3536717535841731573,7043891849206051533,NT31.812.150.28.X.7.91684614,0,SCHEDULED,,0.0,,False,False,,2026-09-16 12:12:47+00:00,2026-09-16 12:12:54.690496+00:00
20260916,3536717535841731573,1252546623115669200,NT31.812.150.28.X.7.91684614,0,SCHEDULED,0.0,0.0,False,False,False,False,2026-09-16 12:12:47+00:00,2026-09-16 12:12:54.690496+00:00
20260916,3536717535841731573,3909981882789740269,NT31.812.150.28.X.7.91684614,0,SCHEDULED,0.0,0.0,False,False,False,False,2026-09-16 12:12:47+00:00,2026-09-16 12:12:54.690496+00:00
20260916,3536717535841731573,1698585907573654397,NT31.812.150.28.X.7.91684614,0,SCHEDULED,0.0,0.0,False,False,False,False,2026-09-16 12:12:47+00:00,2026-09-16 12:12:54.690496+00:00
20260916,3536717535841731573,-8062837161647338335,NT31.812.150.28.X.7.91684614,0,SCHEDULED,0.0,0.0,False,False,False,False,2026-09-16 12:12:47+00:00,2026-09-16 12:12:54.690496+00:00
20260916,3536717535841731573,3059937689321059292,NT31.812.150.28.X.7.91684614,0,SCHEDULED,0.0,0.0,False,False,False,False,2026-09-16 12:12:47+00:00,2026-09-16 12:12:54.690496+00:00
20260916,3536717535841731573,7080714280975614380,NT31.812.150.28.X.7.91684614,0,SCHEDULED,0.0,0.0,False,False,False,False,2026-09-16 12:12:47+00:00,2026-09-16 12:12:54.690496+00:00
20260916,3536717535841731573,-1885701883808349068,NT31.812.150.28.X.7.91684614,0,SCHEDULED,0.0,0.0,False,False,False,False,2026-09-16 12:12:47+00:00,2026-09-16 12:12:54.690496+00:00
20260916,3536717535841731573,-8689467695340882911,NT31.812.150.28.X.7.91684614,0,SCHEDULED,0.0,0.0,False,False,False,False,2026-09-16 12:12:47+00:00,2026-09-16 12:12:54.690496+00:00
20260916,3536717535841731573,5524745222017179941,NT31.812.150.28.X.7.91684614,0,SCHEDULED,0.0,0.0,False,False,False,False,2026-09-16 12:12:47+00:00,2026-09-16 12:12:54.690496+00:00
20260916,3536717535841731573,8054730317046764538,NT31.812.150.28.X.7.91684614,0,SCHEDULED,0.0,0.0,False,False,False,False,2026-09-16 12:12:47+00:00,2026-09-16 12:12:54.690496+00:00
20260916,3536717535841731573,7204494286705356942,NT31.812.150.28.X.7.91684614,0,SCHEDULED,0.0,0.0,False,False,False,False,2026-09-16 12:12:47+00:00,2026-09-16 12:12:54.690496+00:00
20260916,3536717535841731573,-1360443701500691573,NT31.812.150.28.X.7.91684614,0,SCHEDULED,0.0,0.0,False,False,False,False,2026-09-16 12:12:47+00:00,2026-09-16 12:12:54.690496+00:00
20260916,3536717535841731573,1008245328140172903,NT31.812.150.28.X.7.91684614,0,SCHEDULED,0.0,0.0,False,False,False,False,2026-09-16 12:12:47+00:00,2026-09-16 12:12:54.690496+00:00
20260916,3536717535841731573,-9155555090668096282,NT31.812.150.28.X.7.91684614,0,SCHEDULED,0.0,0.0,False,False,False,False,2026-09-16 12:12:47+00:00,2026-09-16 12:12:54.690496+00:00
20260916,3536717535841731573,385214815048495830,NT31.812.150.28.X.7.91684614,0,SCHEDULED,0.0,0.0,False,False,False,False,2026-09-16 12:12:47+00:00,2026-09-16 12:12:54.690496+00:00
20260916,3536717535841731573,-8566541606154623937,NT31.812.150.28.X.7.91684614,0,SCHEDULED,0.0,0.0,False,False,False,False,2026-09-16 12:12:47+00:00,2026-09-16 12:12:54.690496+00:00
20260916,3536717535841731573,-8021503345894232936,NT31.812.150.28.X.7.91684614,0,SCHEDULED,0.0,0.0,False,False,False,False,2026-09-16 12:12:47+00:00,2026-09-16 12:12:54.690496+00:00
20260916,8353099500564872452,8480872264950089100,SN59.812.150.16.N.4.91115681,0,SCHEDULED,18.0,18.0,False,False,False,False,2026-09-16 12:12:47+00:00,2026-09-16 12:12:54.690496+00:00
20260916,8353099500564872452,4267512304945807725,SN59.812.150.16.N.4.91115681,0,SCHEDULED,18.0,18.0,False,False,False,False,2026-09-16 12:12:47+00:00,2026-09-16 12:12:54.690496+00:00
20260916,8353099500564872452,-3449903928000400842,SN59.812.150.16.N.4.91115681,0,SCHEDULED,18.0,18.0,False,False,False,False,2026-09-16 12:12:47+00:00,2026-09-16 12:12:54.690496+00:00
20260916,8353099500564872452,6282046429495235662,SN59.812.150.16.N.4.91115681,0,SCHEDULED,18.0,18.0,False,False,False,False,2026-09-16 12:12:47+00:00,2026-09-16 12:12:54.690496+00:00
20260916,8353099500564872452,7344101488936075901,SN59.812.150.16.N.4.91115681,0,SCHEDULED,18.0,0.0,False,False,False,False,2026-09-16 12:12:47+00:00,2026-09-16 12:12:54.690496+00:00
20260916,8353099500564872452,3902356506063082889,SN59.812.150.16.N.4.91115681,0,SCHEDULED,0.0,0.0,False,False,False,False,2026-09-16 12:12:47+00:00,2026-09-16 12:12:54.690496+00:00
20260916,8353099500564872452,-6253830889052471909,SN59.812.150.16.N.4.91115681,0,SCHEDULED,0.0,0.0,False,False,False,False,2026-09-16 12:12:47+00:00,2026-09-16 12:12:54.690496+00:00
20260916,8353099500564872452,-6425801247087022956,SN59.812.150.16.N.4.91115681,0,SCHEDULED,0.0,0.0,False,False,False,False,2026-09-16 12:12:47+00:00,2026-09-16 12:12:54.690496+00:00
20260916,8353099500564872452,-2869275988912975447,SN59.812.150.16.N.4.91115681,0,SCHEDULED,0.0,0.0,False,False,False,False,2026-09-16 12:12:47+00:00,2026-09-16 12:12:54.690496+00:00
20260916,8353099500564872452,8312711558947007430,SN59.812.150.16.N.4.91115681,0,SCHEDULED,0.0,0.0,False,False,False,False,2026-09-16 12:12:47+00:00,2026-09-16 12:12:54.690496+00:00
20260916,8353099500564872452,5594090472067316080,SN59.812.150.16.N.4.91115681,0,SCHEDULED,0.0,0.0,False,False,False,False,2026-09-16 12:12:47+00:00,2026-09-16 12:12:54.690496+00:00
20260916,-2301718121315425992,-7999753688402702230,144L.812.150.48.A.8.91116331,0,SCHEDULED,50.0,50.0,False,False,False,False,2026-09-16 12:12:47+00:00,2026-09-16 12:12:54.690496+00:00
20260916,-2301718121315425992,6016041538996404949,144L.812.150.48.A.8.91116331,0,SCHEDULED,50.0,0.0,False,False,False,False,2026-09-16 12:12:47+00:00,2026-09-16 12:12:54.690496+00:00
20260916,-2301718121315425992,-2518414565497035845,144L.812.150.48.A.8.91116331,0,SCHEDULED,80.0,50.0,False,False,False,False,2026-09-16 12:12:47+00:00,2026-09-16 12:12:54.690496+00:00
20260916,-2301718121315425992,-4522369044190200017,144L.812.150.48.A.8.91116331,0,SCHEDULED,80.0,80.0,False,False,False,False,2026-09-16 12:12:47+00:00,2026-09-16 12:12:54.690496+00:00
20260916,-2301718121315425992,8399129992602133778,144L.812.150.48.A.8.91116331,0,SCHEDULED,80.0,80.0,False,False,False,False,2026-09-16 12:12:47+00:00,2026-09-16 12:12:54.690496+00:00
20260916,-2301718121315425992,-6187634482440254843,144L.812.150.48.A.8.91116331,0,SCHEDULED,230.0,80.0,False,False,False,False,2026-09-16 12:12:47+00:00,2026-09-16 12:12:54.690496+00:00
20260916,-2301718121315425992,-2578308089324484477,144L.812.150.48.A.8.91116331,0,SCHEDULED,80.0,80.0,False,False,False,False,2026-09-16 12:12:47+00:00,2026-09-16 12:12:54.690496+00:00
20260916,-2224808403655777439,7492056347016962348,W709.812.150.16.D.6.91521806,0,SCHEDULED,0.0,0.0,False,False,False,False,2026-09-16 12:12:47+00:00,2026-09-16 12:12:54.690496+00:00
20260916,-2224808403655777439,-4502807027699252010,W709.812.150.16.D.6.91521806,0,SCHEDULED,0.0,0.0,False,False,False,False,2026-09-16 12:12:47+00:00,2026-09-16 12:12:54.690496+00:00
20260916,-4689984939195006273,3508940945860787276,153P.812.150.16.A.8.91115895,0,SCHEDULED,46.0,16.0,False,False,False,False,2026-09-16 12:12:47+00:00,2026-09-16 12:12:54.690496+00:00
20260916,-4689984939195006273,4683999382729454313,153P.812.150.16.A.8.91115895,0,SCHEDULED,46.0,46.0,False,False,False,False,2026-09-16 12:12:47+00:00,2026-09-16 12:12:54.690496+00:00
20260916,4366774083614345187,-1213165574211837318,420H.812.150.24.H.8.91118833,0,SCHEDULED,0.0,0.0,False,False,False,False,2026-09-16 12:12:47+00:00,2026-09-16 12:12:54.690496+00:00
20260916,4366774083614345187,-1179123144834419479,619S.812.150.120.T.8.91529602,0,SCHEDULED,57.0,0.0,False,False,False,False,2026-09-16 12:12:47+00:00,2026-09-16 12:12:54.690496+00:00
20260916,-2224808403655777439,610129093749931789,W667.812.150.16.D.10.91114614,0,REPLACEMENT,0.0,0.0,False,False,False,False,2026-09-16 12:12:47+00:00,2026-09-16 12:12:54.690496+00:00
20260916,-2224808403655777439,4759039001359939455,W667.812.150.16.D.10.91114614,0,REPLACEMENT,,0.0,,False,False,,2026-09-16 12:12:47+00:00,2026-09-16 12:12:54.690496+00:00
20260916,-2224808403655777439,-5621762837069403900,W667.812.150.16.D.10.91114614,0,REPLACEMENT,0.0,0.0,False,False,False,False,2026-09-16 12:12:47+00:00,2026-09-16 12:12:54.690496+00:00
20260916,-2224808403655777439,-5319197975032318361,W667.812.150.16.D.10.91114614,0,REPLACEMENT,0.0,0.0,False,False,False,False,2026-09-16 12:12:47+00:00,2026-09-16 12:12:54.690496+00:00
20260916,-2224808403655777439,1446632565895093766,W667.812.150.16.D.10.91114614,0,REPLACEMENT,0.0,0.0,False,False,False,False,2026-09-16 12:12:47+00:00,2026-09-16 12:12:54.690496+00:00
20260916,-2224808403655777439,-8917331883398452363,W667.812.150.16.D.10.91114614,0,REPLACEMENT,0.0,0.0,False,False,False,False,2026-09-16 12:12:47+00:00,2026-09-16 12:12:54.690496+00:00
20260916,-2224808403655777439,4531506200413837868,W667.812.150.16.D.10.91114614,0,REPLACEMENT,0.0,0.0,False,False,False,False,2026-09-16 12:12:47+00:00,2026-09-16 12:12:54.690496+00:00
20260916,-2224808403655777439,1714098398433544815,W667.812.150.16.D.10.91114614,0,REPLACEMENT,0.0,0.0,False,False,False,False,2026-09-16 12:12:47+00:00,2026-09-16 12:12:54.690496+00:00
20260916,-2224808403655777439,5750275029793367300,W667.812.150.16.D.10.91114614,0,REPLACEMENT,0.0,0.0,False,False,False,False,2026-09-16 12:12:47+00:00,2026-09-16 12:12:54.690496+00:00
20260916,-2224808403655777439,-626614968598221823,W667.812.150.16.D.10.91114614,0,REPLACEMENT,0.0,0.0,False,False,False,False,2026-09-16 12:12:47+00:00,2026-09-16 12:12:54.690496+00:00
20260916,-2224808403655777439,-1618440737550352620,W667.812.150.16.D.10.91114614,0,REPLACEMENT,0.0,0.0,False,False,False,False,2026-09-16 12:12:47+00:00,2026-09-16 12:12:54.690496+00:00
20260916,-2224808403655777439,-5162018253951180662,W667.812.150.16.D.10.91114614,0,REPLACEMENT,0.0,0.0,False,False,False,False,2026-09-16 12:12:47+00:00,2026-09-16 12:12:54.690496+00:00
20260916,-2224808403655777439,-6433623161466783565,W667.812.150.16.D.10.91114614,0,REPLACEMENT,0.0,0.0,False,False,False,False,2026-09-16 12:12:47+00:00,2026-09-16 12:12:54.690496+00:00
20260916,-2224808403655777439,5686081304253461363,W667.812.150.16.D.10.91114614,0,REPLACEMENT,0.0,0.0,False,False,False,False,2026-09-16 12:12:47+00:00,2026-09-16 12:12:54.690496+00:00
20260916,-2224808403655777439,7880124208405357719,W667.812.150.16.D.10.91114614,0,REPLACEMENT,0.0,0.0,False,False,False,False,2026-09-16 12:12:47+00:00,2026-09-16 12:12:54.690496+00:00
20260916,-2224808403655777439,-3834719462094020986,W667.812.150.16.D.10.91114614,0,REPLACEMENT,0.0,0.0,False,False,False,False,2026-09-16 12:12:47+00:00,2026-09-16 12:12:54.690496+00:00
20260916,-2224808403655777439,-240685897190665279,W667.812.150.16.D.10.91114614,0,REPLACEMENT,0.0,0.0,False,False,False,False,2026-09-16 12:12:47+00:00,2026-09-16 12:12:54.690496+00:00
20260916,-2224808403655777439,-6079045902917181400,W667.812.150.16.D.10.91114614,0,REPLACEMENT,0.0,,False,False,False,False,2026-09-16 12:12:47+00:00,2026-09-16 12:12:54.690496+00:00
20260916,-2224808403655777439,-4225341880319433815,W667.812.150.16.D.10.91114614,0,REPLACEMENT,0.0,0.0,False,False,False,False,2026-09-16 12:12:47+00:00,2026-09-16 12:12:54.690496+00:00
20260916,-2224808403655777439,204110664030150266,W667.812.150.16.D.10.91114614,0,REPLACEMENT,0.0,0.0,False,False,False,False,2026-09-16 12:12:47+00:00,2026-09-16 12:12:54.690496+00:00
20260916,-2224808403655777439,7110827612088687853,W667.812.150.16.D.10.91114614,0,REPLACEMENT,0.0,0.0,False,False,False,False,2026-09-16 12:12:47+00:00,2026-09-16 12:12:54.690496+00:00
20260916,-2224808403655777439,-5045458827246372555,W667.812.150.16.D.10.91114614,0,REPLACEMENT,0.0,0.0,False,False,False,False,2026-09-16 12:12:47+00:00,2026-09-16 12:12:54.690496+00:00
20260916,4622583836084576750,3508940945860787276,153R.812.150.16.A.8.91541778,0,SCHEDULED,46.0,16.0,False,False,False,False,2026-09-16 12:12:47+00:00,2026-09-16 12:12:54.690496+00:00
20260916,4622583836084576750,7536020881108338221,153R.812.150.16.A.8.91541778,0,SCHEDULED,16.0,0.0,False,False,False,False,2026-09-16 12:12:47+00:00,2026-09-16 12:12:54.690496+00:00
20260916,4622583836084576750,6202105477384046620,153R.812.150.16.A.8.91541778,0,SCHEDULED,0.0,0.0,False,False,False,False,2026-09-16 12:12:47+00:00,2026-09-16 12:12:54.690496+00:00
20260916,4622583836084576750,5011251645022536307,153R.812.150.16.A.8.91541778,0,SCHEDULED,0.0,0.0,False,False,False,False,2026-09-16 12:12:47+00:00,2026-09-16 12:12:54.690496+00:00
20260916,4622583836084576750,-6788983780378711223,153R.812.150.16.A.8.91541778,0,SCHEDULED,0.0,0.0,False,False,False,False,2026-09-16 12:12:47+00:00,2026-09-16 12:12:54.690496+00:00
20260916,4622583836084576750,-2180087523068539759,153R.812.150.16.A.8.91541778,0,SCHEDULED,0.0,0.0,False,False,False,False,2026-09-16 12:12:47+00:00,2026-09-16 12:12:54.690496+00:00
20260916,4622583836084576750,3978548535571031105,153R.812.150.16.A.8.91541778,0,SCHEDULED,0.0,0.0,False,False,False,False,2026-09-16 12:12:47+00:00,2026-09-16 12:12:54.690496+00:00
20260916,4622583836084576750,-1484803317195334805,153R.812.150.16.A.8.91541778,0,SCHEDULED,0.0,0.0,False,False,False,False,2026-09-16 12:12:47+00:00,2026-09-16 12:12:54.690496+00:00
20260916,4622583836084576750,-8795747107871235027,153R.812.150.16.A.8.91541778,0,SCHEDULED,0.0,0.0,False,False,False,False,2026-09-16 12:12:47+00:00,2026-09-16 12:12:54.690496+00:00
20260916,4622583836084576750,-6507277496142926151,153R.812.150.16.A.8.91541778,0,SCHEDULED,0.0,0.0,False,False,False,False,2026-09-16 12:12:47+00:00,2026-09-16 12:12:54.690496+00:00
20260916,4622583836084576750,-4719705806519373114,153R.812.150.16.A.8.91541778,0,SCHEDULED,0.0,0.0,False,False,False,False,2026-09-16 12:12:47+00:00,2026-09-16 12:12:54.690496+00:00
20260916,4622583836084576750,2300098939432968099,153R.812.150.16.A.8.91541778,0,SCHEDULED,0.0,0.0,False,False,False,False,2026-09-16 12:12:47+00:00,2026-09-16 12:12:54.690496+00:00
20260916,4622583836084576750,-8021387233322566415,153R.812.150.16.A.8.91541778,0,SCHEDULED,0.0,0.0,False,False,False,False,2026-09-16 12:12:47+00:00,2026-09-16 12:12:54.690496+00:00
20260916,4622583836084576750,-8189528268114724594,153R.812.150.16.A.8.91541778,0,SCHEDULED,0.0,0.0,False,False,False,False,2026-09-16 12:12:47+00:00,2026-09-16 12:12:54.690496+00:00
20260916,4622583836084576750,8463204548138423096,153R.812.150.16.A.8.91541778,0,SCHEDULED,0.0,0.0,False,False,False,False,2026-09-16 12:12:47+00:00,2026-09-16 12:12:54.690496+00:00
20260916,4622583836084576750,976421500923668027,153R.812.150.16.A.8.91541778,0,SCHEDULED,0.0,0.0,False,False,False,False,2026-09-16 12:12:47+00:00,2026-09-16 12:12:54.690496+00:00
20260916,4622583836084576750,6868354577700387348,153R.812.150.16.A.8.91541778,0,SCHEDULED,0.0,0.0,False,False,False,False,2026-09-16 12:12:47+00:00,2026-09-16 12:12:54.690496+00:00
20260916,4622583836084576750,-2175101314296702230,153R.812.150.16.A.8.91541778,0,SCHEDULED,0.0,0.0,False,False,False,False,2026-09-16 12:12:47+00:00,2026-09-16 12:12:54.690496+00:00
20260916,4622583836084576750,-3113364509630902133,153R.812.150.16.A.8.91541778,0,SCHEDULED,0.0,0.0,False,False,False,False,2026-09-16 12:12:47+00:00,2026-09-16 12:12:54.690496+00:00
20260916,4622583836084576750,-8238392344119364974,153R.812.150.16.A.8.91541778,0,SCHEDULED,0.0,0.0,False,False,False,False,2026-09-16 12:12:47+00:00,2026-09-16 12:12:54.690496+00:00
20260916,4622583836084576750,4735193369246221649,153R.812.150.16.A.8.91541778,0,SCHEDULED,0.0,0.0,False,False,False,False,2026-09-16 12:12:47+00:00,2026-09-16 12:12:54.690496+00:00
20260916,4622583836084576750,1736600095109418446,153R.812.150.16.A.8.91541778,0,SCHEDULED,0.0,0.0,False,False,False,False,2026-09-16 12:12:47+00:00,2026-09-16 12:12:54.690496+00:00
20260916,4622583836084576750,2739414512256273415,153R.812.150.16.A.8.91541778,0,SCHEDULED,0.0,0.0,False,False,False,False,2026-09-16 12:12:47+00:00,2026-09-16 12:12:54.690496+00:00
20260916,4622583836084576750,-320451119006328845,153R.812.150.16.A.8.91541778,0,SCHEDULED,0.0,0.0,False,False,False,False,2026-09-16 12:12:47+00:00,2026-09-16 12:12:54.690496+00:00
20260916,4089134572644777184,-149142017732854358,98-N.812.150.16.A.8.91119156,0,SCHEDULED,0.0,0.0,False,False,False,False,2026-09-16 12:12:47+00:00,2026-09-16 12:12:54.690496+00:00
20260916,4089134572644777184,24664945889022384,98-N.812.150.16.A.8.91119156,0,SCHEDULED,0.0,0.0,False,False,False,False,2026-09-16 12:12:47+00:00,2026-09-16 12:12:54.690496+00:00
20260916,4089134572644777184,6613407443941127477,98-N.812.150.16.A.8.91119156,0,SCHEDULED,0.0,0.0,False,False,False,False,2026-09-16 12:12:47+00:00,2026-09-16 12:12:54.690496+00:00
20260916,4089134572644777184,2056702270518808124,98-N.812.150.16.A.8.91119156,0,SCHEDULED,0.0,0.0,False,False,False,False,2026-09-16 12:12:47+00:00,2026-09-16 12:12:54.690496+00:00
20260916,4089134572644777184,1741549004991027864,98-N.812.150.16.A.8.91119156,0,SCHEDULED,0.0,0.0,False,False,False,False,2026-09-16 12:12:47+00:00,2026-09-16 12:12:54.690496+00:00
20260916,4366774083614345187,5795784222285602736,R795.812.150.16.D.6.91119520,0,REPLACEMENT,0.0,,False,False,False,False,2026-09-16 12:12:47+00:00,2026-09-16 12:12:54.690496+00:00
20260916,-7312350344749849496,-6253830889052471909,SP33.812.150.16.P.5.91115392,0,SCHEDULED,5306.0,5306.0,True,False,False,False,2026-09-16 12:12:47+00:00,2026-09-16 12:12:54.690496+00:00
20260916,-7312350344749849496,-2869275988912975447,SP33.812.150.16.P.5.91115392,0,SCHEDULED,5306.0,5306.0,True,False,False,False,2026-09-16 12:12:47+00:00,2026-09-16 12:12:54.690496+00:00
20260916,-7312350344749849496,5594090472067316080,SP33.812.150.16.P.5.91115392,0,SCHEDULED,5306.0,5276.0,True,False,False,False,2026-09-16 12:12:47+00:00,2026-09-16 12:12:54.690496+00:00
20260916,-7312350344749849496,8383813514105401412,SP33.812.150.16.P.5.91115392,0,SCHEDULED,5276.0,5276.0,True,False,False,False,2026-09-16 12:12:47+00:00,2026-09-16 12:12:54.690496+00:00
20260916,-7312350344749849496,-4215070570825713297,SP33.812.150.16.P.5.91115392,0,SCHEDULED,5276.0,5006.0,True,False,False,False,2026-09-16 12:12:47+00:00,2026-09-16 12:12:54.690496+00:00
20260916,8502485376767781749,7320276821397553074,535T.812.150.48.A.8.91115204,0,SCHEDULED,135.0,135.0,False,False,False,False,2026-09-16 12:12:47+00:00,2026-09-16 12:12:54.690496+00:00
20260916,8502485376767781749,4585453984912163241,535T.812.150.48.A.8.91115204,0,SCHEDULED,0.0,0.0,False,False,False,False,2026-09-16 12:12:47+00:00,2026-09-16 12:12:54.690496+00:00
20260916,8502485376767781749,7361061893891384773,535T.812.150.48.A.8.91115204,0,SCHEDULED,135.0,0.0,False,False,False,False,2026-09-16 12:12:47+00:00,2026-09-16 12:12:54.690496+00:00
20260916,8502485376767781749,-8544276869249746145,535T.812.150.48.A.8.91115204,0,SCHEDULED,0.0,0.0,False,False,False,False,2026-09-16 12:12:47+00:00,2026-09-16 12:12:54.690496+00:00
20260916,8502485376767781749,5681853388507028000,535T.812.150.48.A.8.91115204,0,SCHEDULED,0.0,0.0,False,False,False,False,2026-09-16 12:12:47+00:00,2026-09-16 12:12:54.690496+00:00
20260916,8502485376767781749,-5665473058949278717,535T.812.150.48.A.8.91115204,0,SCHEDULED,0.0,0.0,False,False,False,False,2026-09-16 12:12:47+00:00,2026-09-16 12:12:54.690496+00:00
20260916,8502485376767781749,-1697801584359906855,535T.812.150.48.A.8.91115204,0,SCHEDULED,0.0,0.0,False,False,False,False,2026-09-16 12:12:47+00:00,2026-09-16 12:12:54.690496+00:00
20260916,4366774083614345187,3125385761023321334,HT29.812.150.16.X.5.91114754,0,SCHEDULED,0.0,0.0,False,False,False,False,2026-09-16 12:12:47+00:00,2026-09-16 12:12:54.690496+00:00
20260916,4366774083614345187,-1808477083268811256,Y426.812.150.16.D.10.91117020,0,REPLACEMENT,0.0,,False,False,False,False,2026-09-16 12:12:47+00:00,2026-09-16 12:12:54.690496+00:00
20260916,7107036069782603127,2452573464316960471,N617.812.150.48.D.10.91116151,0,REPLACEMENT,0.0,0.0,False,False,False,False,2026-09-16 12:12:47+00:00,2026-09-16 12:12:54.690496+00:00
20260916,7107036069782603127,4759039001359939455,N617.812.150.48.D.10.91116151,0,REPLACEMENT,,0.0,,False,False,,2026-09-16 12:12:47+00:00,2026-09-16 12:12:54.690496+00:00
20260916,7107036069782603127,1821911624841613760,N617.812.150.48.D.10.91116151,0,REPLACEMENT,0.0,0.0,False,False,False,False,2026-09-16 12:12:47+00:00,2026-09-16 12:12:54.690496+00:00
20260916,7107036069782603127,-1524378004626864800,N617.812.150.48.D.10.91116151,0,REPLACEMENT,0.0,0.0,False,False,False,False,2026-09-16 12:12:47+00:00,2026-09-16 12:12:54.690496+00:00
20260916,7107036069782603127,-5621762837069403900,N617.812.150.48.D.10.91116151,0,REPLACEMENT,0.0,0.0,False,False,False,False,2026-09-16 12:12:47+00:00,2026-09-16 12:12:54.690496+00:00
20260916,7107036069782603127,6091480518091113241,N617.812.150.48.D.10.91116151,0,REPLACEMENT,0.0,0.0,False,False,False,False,2026-09-16 12:12:47+00:00,2026-09-16 12:12:54.690496+00:00
20260916,7107036069782603127,7571014054794640443,N617.812.150.48.D.10.91116151,0,REPLACEMENT,0.0,0.0,False,False,False,False,2026-09-16 12:12:47+00:00,2026-09-16 12:12:54.690496+00:00
20260916,7107036069782603127,2882994503520754983,N617.812.150.48.D.10.91116151,0,REPLACEMENT,0.0,0.0,False,False,False,False,2026-09-16 12:12:47+00:00,2026-09-16 12:12:54.690496+00:00
20260916,7107036069782603127,-2921896602186022664,N617.812.150.48.D.10.91116151,0,REPLACEMENT,0.0,0.0,False,False,False,False,2026-09-16 12:12:47+00:00,2026-09-16 12:12:54.690496+00:00
20260916,7107036069782603127,-8083684398210327495,N617.812.150.48.D.10.91116151,0,REPLACEMENT,0.0,0.0,False,False,False,False,2026-09-16 12:12:47+00:00,2026-09-16 12:12:54.690496+00:00
20260916,7107036069782603127,-8802747951913464798,N617.812.150.48.D.10.91116151,0,REPLACEMENT,0.0,0.0,False,False,False,False,2026-09-16 12:12:47+00:00,2026-09-16 12:12:54.690496+00:00
20260916,7107036069782603127,3341714465681365718,N617.812.150.48.D.10.91116151,0,REPLACEMENT,0.0,0.0,False,False,False,False,2026-09-16 12:12:47+00:00,2026-09-16 12:12:54.690496+00:00
20260916,7107036069782603127,4415106212114718970,N617.812.150.48.D.10.91116151,0,REPLACEMENT,0.0,0.0,False,False,False,False,2026-09-16 12:12:47+00:00,2026-09-16 12:12:54.690496+00:00
20260916,7107036069782603127,8041570361657107919,N617.812.150.48.D.10.91116151,0,REPLACEMENT,0.0,0.0,False,False,False,False,2026-09-16 12:12:47+00:00,2026-09-16 12:12:54.690496+00:00
20260916,7107036069782603127,-7340014484472577951,N617.812.150.48.D.10.91116151,0,REPLACEMENT,0.0,0.0,False,False,False,False,2026-09-16 12:12:47+00:00,2026-09-16 12:12:54.690496+00:00
20260916,7107036069782603127,-6403964468061029576,N617.812.150.48.D.10.91116151,0,REPLACEMENT,97.0,97.0,False,False,False,False,2026-09-16 12:12:47+00:00,2026-09-16 12:12:54.690496+00:00
20260916,7107036069782603127,-6149382851983002653,N617.812.150.48.D.10.91116151,0,REPLACEMENT,97.0,97.0,False,False,False,False,2026-09-16 12:12:47+00:00,2026-09-16 12:12:54.690496+00:00
20260916,7107036069782603127,-5356526370273672056,N617.812.150.48.D.10.91116151,0,REPLACEMENT,97.0,97.0,False,False,False,False,2026-09-16 12:12:47+00:00,2026-09-16 12:12:54.690496+00:00
20260916,7107036069782603127,7043891849206051533,N617.812.150.48.D.10.91116151,0,REPLACEMENT,97.0,97.0,False,False,False,False,2026-09-16 12:12:47+00:00,2026-09-16 12:12:54.690496+00:00
20260916,7107036069782603127,-8196270170076136865,N617.812.150.48.D.10.91116151,0,REPLACEMENT,97.0,97.0,False,False,False,False,2026-09-16 12:12:47+00:00,2026-09-16 12:12:54.690496+00:00
20260916,7107036069782603127,-7824276421162881911,N617.812.150.48.D.10.91116151,0,REPLACEMENT,97.0,97.0,False,False,False,False,2026-09-16 12:12:47+00:00,2026-09-16 12:12:54.690496+00:00
20260916,7107036069782603127,5364992397233623303,N617.812.150.48.D.10.91116151,0,REPLACEMENT,97.0,97.0,False,False,False,False,2026-09-16 12:12:47+00:00,2026-09-16 12:12:54.690496+00:00
20260916,7107036069782603127,-1033042400137353946,N617.812.150.48.D.10.91116151,0,REPLACEMENT,97.0,97.0,False,False,False,False,2026-09-16 12:12:47+00:00,2026-09-16 12:12:54.690496+00:00
20260916,7107036069782603127,-9091648635300439767,N617.812.150.48.D.10.91116151,0,REPLACEMENT,97.0,97.0,False,False,False,False,2026-09-16 12:12:47+00:00,2026-09-16 12:12:54.690496+00:00
20260916,7107036069782603127,-7089916589314454996,N617.812.150.48.D.10.91116151,0,REPLACEMENT,97.0,97.0,False,False,False,False,2026-09-16 12:12:47+00:00,2026-09-16 12:12:54.690496+00:00
20260916,7107036069782603127,1252546623115669200,N617.812.150.48.D.10.91116151,0,REPLACEMENT,97.0,97.0,False,False,False,False,2026-09-16 12:12:47+00:00,2026-09-16 12:12:54.690496+00:00
20260916,7107036069782603127,6584838841058652888,N617.812.150.48.D.10.91116151,0,REPLACEMENT,97.0,,False,False,False,False,2026-09-16 12:12:47+00:00,2026-09-16 12:12:54.690496+00:00
20260916,7107036069782603127,-6958619773406275623,N617.812.150.48.D.10.91116151,0,REPLACEMENT,97.0,97.0,False,False,False,False,2026-09-16 12:12:47+00:00,2026-09-16 12:12:54.690496+00:00
20260916,4366774083614345187,-2771100076130190385,S889.812.150.16.D.8.91715110,0,REPLACEMENT,0.0,,False,False,False,False,2026-09-16 12:12:47+00:00,2026-09-16 12:12:54.690496+00:00
20260916,4366774083614345187,-1808477083268811256,Y402.812.150.48.D.10.91529990,0,REPLACEMENT,0.0,,False,False,False,False,2026-09-16 12:12:47+00:00,2026-09-16 12:12:54.690496+00:00
20260916,8502485376767781749,4504583558386924408,549N.812.150.48.A.8.91119757,0,SCHEDULED,114.0,114.0,False,False,False,False,2026-09-16 12:12:47+00:00,2026-09-16 12:12:54.690496+00:00
20260916,8502485376767781749,6144510546960053992,549N.812.150.48.A.8.91119757,0,SCHEDULED,114.0,114.0,False,False,False,False,2026-09-16 12:12:47+00:00,2026-09-16 12:12:54.690496+00:00
20260916,8502485376767781749,7320276821397553074,549N.812.150.48.A.8.91119757,0,SCHEDULED,114.0,114.0,False,False,False,False,2026-09-16 12:12:47+00:00,2026-09-16 12:12:54.690496+00:00
20260916,8502485376767781749,3021749488204407522,549N.812.150.48.A.8.91119757,0,SCHEDULED,114.0,114.0,False,False,False,False,2026-09-16 12:12:47+00:00,2026-09-16 12:12:54.690496+00:00
20260916,8502485376767781749,-4576123028587082005,549N.812.150.48.A.8.91119757,0,SCHEDULED,114.0,114.0,False,False,False,False,2026-09-16 12:12:47+00:00,2026-09-16 12:12:54.690496+00:00
20260916,8502485376767781749,-808579414804246178,549N.812.150.48.A.8.91119757,0,SCHEDULED,144.0,114.0,False,False,False,False,2026-09-16 12:12:47+00:00,2026-09-16 12:12:54.690496+00:00
20260916,8502485376767781749,3049257458088550411,549N.812.150.48.A.8.91119757,0,SCHEDULED,144.0,144.0,False,False,False,False,2026-09-16 12:12:47+00:00,2026-09-16 12:12:54.690496+00:00
20260916,8502485376767781749,4585453984912163241,549N.812.150.48.A.8.91119757,0,SCHEDULED,0.0,0.0,False,False,False,False,2026-09-16 12:12:47+00:00,2026-09-16 12:12:54.690496+00:00
20260916,8502485376767781749,7361061893891384773,549N.812.150.48.A.8.91119757,0,SCHEDULED,114.0,0.0,False,False,False,False,2026-09-16 12:12:47+00:00,2026-09-16 12:12:54.690496+00:00
20260916,8502485376767781749,-8544276869249746145,549N.812.150.48.A.8.91119757,0,SCHEDULED,0.0,0.0,False,False,False,False,2026-09-16 12:12:47+00:00,2026-09-16 12:12:54.690496+00:00
20260916,8502485376767781749,5681853388507028000,549N.812.150.48.A.8.91119757,0,SCHEDULED,0.0,0.0,False,False,False,False,2026-09-16 12:12:47+00:00,2026-09-16 12:12:54.690496+00:00
20260916,8502485376767781749,-5665473058949278717,549N.812.150.48.A.8.91119757,0,SCHEDULED,0.0,0.0,False,False,False,False,2026-09-16 12:12:47+00:00,2026-09-16 12:12:54.690496+00:00
20260916,8502485376767781749,-1697801584359906855,549N.812.150.48.A.8.91119757,0,SCHEDULED,0.0,0.0,False,False,False,False,2026-09-16 12:12:47+00:00,2026-09-16 12:12:54.690496+00:00
20260916,8502485376767781749,7316163471860210383,549N.812.150.48.A.8.91119757,0,SCHEDULED,144.0,144.0,False,False,False,False,2026-09-16 12:12:47+00:00,2026-09-16 12:12:54.690496+00:00
20260916,8502485376767781749,-6737094093781872594,549N.812.150.48.A.8.91119757,0,SCHEDULED,144.0,144.0,False,False,False,False,2026-09-16 12:12:47+00:00,2026-09-16 12:12:54.690496+00:00
20260916,8502485376767781749,3650749759417300563,549N.812.150.48.A.8.91119757,0,SCHEDULED,264.0,144.0,False,False,False,False,2026-09-16 12:12:47+00:00,2026-09-16 12:12:54.690496+00:00
20260916,7107036069782603127,-6149382851983002653,N667.812.150.16.D.10.91115559,0,SCHEDULED,0.0,0.0,False,False,False,False,2026-09-16 12:12:47+00:00,2026-09-16 12:12:54.690496+00:00
20260916,7107036069782603127,7043891849206051533,N667.812.150.16.D.10.91115559,0,SCHEDULED,0.0,0.0,False,False,False,False,2026-09-16 12:12:47+00:00,2026-09-16 12:12:54.690496+00:00
20260916,7107036069782603127,-1033042400137353946,N667.812.150.16.D.10.91115559,0,SCHEDULED,0.0,0.0,False,False,False,False,2026-09-16 12:12:47+00:00,2026-09-16 12:12:54.690496+00:00
20260916,7107036069782603127,1252546623115669200,N667.812.150.16.D.10.91115559,0,SCHEDULED,0.0,0.0,False,False,False,False,2026-09-16 12:12:47+00:00,2026-09-16 12:12:54.690496+00:00
20260916,7107036069782603127,5391668411992063355,N667.812.150.16.D.10.91115559,0,SCHEDULED,0.0,0.0,False,False,False,False,2026-09-16 12:12:47+00:00,2026-09-16 12:12:54.690496+00:00
20260916,7107036069782603127,-6958619773406275623,N667.812.150.16.D.10.91115559,0,SCHEDULED,0.0,0.0,False,False,False,False,2026-09-16 12:12:47+00:00,2026-09-16 12:12:54.690496+00:00
20260916,4622583836084576750,-8238392344119364974,193G.812.150.48.B.8.91114457,0,SCHEDULED,0.0,0.0,False,False,False,False,2026-09-16 12:12:47+00:00,2026-09-16 12:12:54.690496+00:00
20260916,8283204442033751644,-1906114871667065914,205V.812.150.48.H.8.91728713,0,SCHEDULED,0.0,0.0,False,False,False,False,2026-09-16 12:12:47+00:00,2026-09-16 12:12:54.690496+00:00
20260916,8283204442033751644,-8903371073604344195,205V.812.150.48.H.8.91728713,0,SCHEDULED,0.0,0.0,False,False,False,False,2026-09-16 12:12:47+00:00,2026-09-16 12:12:54.690496+00:00
20260916,8283204442033751644,-547101269315442553,205V.812.150.48.H.8.91728713,0,SCHEDULED,8.0,0.0,False,False,False,False,2026-09-16 12:12:47+00:00,2026-09-16 12:12:54.690496+00:00
20260916,8283204442033751644,-1906114871667065914,206Y.812.150.48.H.8.91117285,0,REPLACEMENT,77.0,47.0,False,False,False,False,2026-09-16 12:12:47+00:00,2026-09-16 12:12:54.690496+00:00
20260916,8283204442033751644,-8042109189266427146,206Y.812.150.48.H.8.91117285,0,REPLACEMENT,47.0,47.0,False,False,False,False,2026-09-16 12:12:47+00:00,2026-09-16 12:12:54.690496+00:00
20260916,8283204442033751644,-6817342502955226366,206Y.812.150.48.H.8.91117285,0,REPLACEMENT,0.0,0.0,False,False,False,False,2026-09-16 12:12:47+00:00,2026-09-16 12:12:54.690496+00:00
20260916,8283204442033751644,-8109062943416768923,206Y.812.150.48.H.8.91117285,0,REPLACEMENT,0.0,,False,False,False,False,2026-09-16 12:12:47+00:00,2026-09-16 12:12:54.690496+00:00
20260916,8283204442033751644,5910429933619948288,206Y.812.150.48.H.8.91117285,0,REPLACEMENT,17.0,17.0,False,False,False,False,2026-09-16 12:12:47+00:00,2026-09-16 12:12:54.690496+00:00
20260916,8283204442033751644,6293317781789769049,206Y.812.150.48.H.8.91117285,0,REPLACEMENT,17.0,17.0,False,False,False,False,2026-09-16 12:12:47+00:00,2026-09-16 12:12:54.690496+00:00
20260916,8283204442033751644,-504663660726119441,206Y.812.150.48.H.8.91117285,0,REPLACEMENT,17.0,17.0,False,False,False,False,2026-09-16 12:12:47+00:00,2026-09-16 12:12:54.690496+00:00
20260916,8283204442033751644,-5490767611701501781,206Y.812.150.48.H.8.91117285,0,REPLACEMENT,0.0,0.0,False,False,False,False,2026-09-16 12:12:47+00:00,2026-09-16 12:12:54.690496+00:00
20260916,8283204442033751644,-7067462509829325937,206Y.812.150.48.H.8.91117285,0,REPLACEMENT,0.0,0.0,False,False,False,False,2026-09-16 12:12:47+00:00,2026-09-16 12:12:54.690496+00:00
20260916,8283204442033751644,-1159576259008233442,206Y.812.150.48.H.8.91117285,0,REPLACEMENT,0.0,0.0,False,False,False,False,2026-09-16 12:12:47+00:00,2026-09-16 12:12:54.690496+00:00
20260916,8283204442033751644,1249086895157883493,206Y.812.150.48.H.8.91117285,0,REPLACEMENT,0.0,0.0,False,False,False,False,2026-09-16 12:12:47+00:00,2026-09-16 12:12:54.690496+00:00
20260916,8283204442033751644,-7066026016142092038,206Y.812.150.48.H.8.91117285,0,REPLACEMENT,17.0,0.0,False,False,False,False,2026-09-16 12:12:47+00:00,2026-09-16 12:12:54.690496+00:00
20260916,8283204442033751644,-2244068803689482245,206Y.812.150.48.H.8.91117285,0,REPLACEMENT,17.0,17.0,False,False,False,False,2026-09-16 12:12:47+00:00,2026-09-16 12:12:54.690496+00:00
20260916,8283204442033751644,3467698014067900630,206Y.812.150.48.H.8.91117285,0,REPLACEMENT,47.0,47.0,False,False,False,False,2026-09-16 12:12:47+00:00,2026-09-16 12:12:54.690496+00:00
20260916,8283204442033751644,1171768796122015062,206Y.812.150.48.H.8.91117285,0,REPLACEMENT,47.0,17.0,False,False,False,False,2026-09-16 12:12:47+00:00,2026-09-16 12:12:54.690496+00:00
20260916,8283204442033751644,6712238427155524772,206Y.812.150.48.H.8.91117285,0,REPLACEMENT,17.0,17.0,False,False,False,False,2026-09-16 12:12:47+00:00,2026-09-16 12:12:54.690496+00:00
20260916,8283204442033751644,-3661915164080710936,206Y.812.150.48.H.8.91117285,0,REPLACEMENT,17.0,17.0,False,False,False,False,2026-09-16 12:12:47+00:00,2026-09-16 12:12:54.690496+00:00
20260916,8283204442033751644,4232244489046419403,206Y.812.150.48.H.8.91117285,0,REPLACEMENT,17.0,17.0,False,False,False,False,2026-09-16 12:12:47+00:00,2026-09-16 12:12:54.690496+00:00
20260916,-6150595769256102763,-3921659768394918962,609M.812.150.16.T.8.91118164,0,SCHEDULED,38.0,38.0,False,False,False,False,2026-09-16 12:12:47+00:00,2026-09-16 12:12:54.690496+00:00
20260916,-6150595769256102763,6260316331497457735,609M.812.150.16.T.8.91118164,0,SCHEDULED,38.0,38.0,False,False,False,False,2026-09-16 12:12:47+00:00,2026-09-16 12:12:54.690496+00:00
20260916,-6150595769256102763,4677734749154617412,609M.812.150.16.T.8.91118164,0,SCHEDULED,38.0,38.0,False,False,False,False,2026-09-16 12:12:47+00:00,2026-09-16 12:12:54.690496+00:00
20260916,-6150595769256102763,-7110789718912403642,609M.812.150.16.T.8.91118164,0,SCHEDULED,38.0,38.0,False,False,False,False,2026-09-16 12:12:47+00:00,2026-09-16 12:12:54.690496+00:00
20260916,-6150595769256102763,-5207432050937040547,609M.812.150.16.T.8.91118164,0,SCHEDULED,38.0,8.0,False,False,False,False,2026-09-16 12:12:47+00:00,2026-09-16 12:12:54.690496+00:00
20260916,-6150595769256102763,-9006256556337552063,609M.812.150.16.T.8.91118164,0,SCHEDULED,8.0,8.0,False,False,False,False,2026-09-16 12:12:47+00:00,2026-09-16 12:12:54.690496+00:00
20260916,-6150595769256102763,-527062628457462638,609M.812.150.16.T.8.91118164,0,SCHEDULED,8.0,8.0,False,False,False,False,2026-09-16 12:12:47+00:00,2026-09-16 12:12:54.690496+00:00
20260916,-6150595769256102763,2486720923796449727,609M.812.150.16.T.8.91118164,0,SCHEDULED,8.0,8.0,False,False,False,False,2026-09-16 12:12:47+00:00,2026-09-16 12:12:54.690496+00:00
20260916,-6150595769256102763,-8921732873728039140,609M.812.150.16.T.8.91118164,0,SCHEDULED,8.0,8.0,False,False,False,False,2026-09-16 12:12:47+00:00,2026-09-16 12:12:54.690496+00:00
20260916,-6150595769256102763,2836247165269935309,609M.812.150.16.T.8.91118164,0,SCHEDULED,8.0,8.0,False,False,False,False,2026-09-16 12:12:47+00:00,2026-09-16 12:12:54.690496+00:00
20260916,-6150595769256102763,-4219429803445836875,609M.812.150.16.T.8.91118164,0,SCHEDULED,0.0,0.0,False,False,False,False,2026-09-16 12:12:47+00:00,2026-09-16 12:12:54.690496+00:00
20260916,-6150595769256102763,297624820277252912,609M.812.150.16.T.8.91118164,0,SCHEDULED,0.0,0.0,False,False,False,False,2026-09-16 12:12:47+00:00,2026-09-16 12:12:54.690496+00:00
20260916,-6150595769256102763,-195346573647412588,609M.812.150.16.T.8.91118164,0,SCHEDULED,0.0,0.0,False,False,False,False,2026-09-16 12:12:47+00:00,2026-09-16 12:12:54.690496+00:00
20260916,-6150595769256102763,-6009883719623835607,609M.812.150.16.T.8.91118164,0,SCHEDULED,0.0,0.0,False,False,False,False,2026-09-16 12:12:47+00:00,2026-09-16 12:12:54.690496+00:00
20260916,-6150595769256102763,6652955438869669195,609M.812.150.16.T.8.91118164,0,SCHEDULED,0.0,0.0,False,False,False,False,2026-09-16 12:12:47+00:00,2026-09-16 12:12:54.690496+00:00
20260916,-6150595769256102763,3498701763899896230,609M.812.150.16.T.8.91118164,0,SCHEDULED,0.0,0.0,False,False,False,False,2026-09-16 12:12:47+00:00,2026-09-16 12:12:54.690496+00:00
20260916,-6150595769256102763,-7764139941610294159,609M.812.150.16.T.8.91118164,0,SCHEDULED,8.0,0.0,False,False,False,False,2026-09-16 12:12:47+00:00,2026-09-16 12:12:54.690496+00:00
20260916,-1562489065343894865,-7153867206641337415,711V.812.150.16.B.8.91116325,0,SCHEDULED,0.0,0.0,False,False,False,False,2026-09-16 12:12:47+00:00,2026-09-16 12:12:54.690496+00:00
20260916,-1562489065343894865,7261874335996164665,711V.812.150.16.B.8.91116325,0,SCHEDULED,0.0,0.0,False,False,False,False,2026-09-16 12:12:47+00:00,2026-09-16 12:12:54.690496+00:00
20260916,-1562489065343894865,-5009032479495747979,711V.812.150.16.B.8.91116325,0,SCHEDULED,0.0,0.0,False,False,False,False,2026-09-16 12:12:47+00:00,2026-09-16 12:12:54.690496+00:00
20260916,-1562489065343894865,7906477756664692617,711V.812.150.16.B.8.91116325,0,SCHEDULED,0.0,0.0,False,False,False,False,2026-09-16 12:12:47+00:00,2026-09-16 12:12:54.690496+00:00
20260916,-1562489065343894865,3868211231074592085,711V.812.150.16.B.8.91116325,0,SCHEDULED,0.0,0.0,False,False,False,False,2026-09-16 12:12:47+00:00,2026-09-16 12:12:54.690496+00:00
20260916,-1562489065343894865,-7119851964929319940,711V.812.150.16.B.8.91116325,0,SCHEDULED,0.0,0.0,False,False,False,False,2026-09-16 12:12:47+00:00,2026-09-16 12:12:54.690496+00:00
20260916,-1562489065343894865,-156694978650852042,711V.812.150.16.B.8.91116325,0,SCHEDULED,0.0,0.0,False,False,False,False,2026-09-16 12:12:47+00:00,2026-09-16 12:12:54.690496+00:00
20260916,-1562489065343894865,-6137255467853619237,711V.812.150.16.B.8.91116325,0,SCHEDULED,0.0,0.0,False,False,False,False,2026-09-16 12:12:47+00:00,2026-09-16 12:12:54.690496+00:00
20260916,-1562489065343894865,7025016748622994863,711V.812.150.16.B.8.91116325,0,SCHEDULED,0.0,0.0,False,False,False,False,2026-09-16 12:12:47+00:00,2026-09-16 12:12:54.690496+00:00
20260916,-1562489065343894865,2093785039226895452,711V.812.150.16.B.8.91116325,0,SCHEDULED,0.0,0.0,False,False,False,False,2026-09-16 12:12:47+00:00,2026-09-16 12:12:54.690496+00:00
20260916,799312986268590053,7492905660078349455,C380.812.150.24.H.4.91115952,0,REPLACEMENT,1298.0,,True,False,False,False,2026-09-16 12:12:47+00:00,2026-09-16 12:12:54.690496+00:00
20260916,799312986268590053,3517710065677633281,C380.812.150.24.H.4.91115952,0,REPLACEMENT,0.0,0.0,False,False,False,False,2026-09-16 12:12:47+00:00,2026-09-16 12:12:54.690496+00:00
20260916,799312986268590053,-844883588419371563,C380.812.150.24.H.4.91115952,0,REPLACEMENT,0.0,0.0,False,False,False,False,2026-09-16 12:12:47+00:00,2026-09-16 12:12:54.690496+00:00
20260916,799312986268590053,-3480679976160724994,C380.812.150.24.H.4.91115952,0,REPLACEMENT,0.0,0.0,False,False,False,False,2026-09-16 12:12:47+00:00,2026-09-16 12:12:54.690496+00:00
20260916,799312986268590053,3612356486350744060,C380.812.150.24.H.4.91115952,0,REPLACEMENT,0.0,0.0,False,False,False,False,2026-09-16 12:12:47+00:00,2026-09-16 12:12:54.690496+00:00
20260916,799312986268590053,-5401375761184209237,C380.812.150.24.H.4.91115952,0,REPLACEMENT,0.0,0.0,False,False,False,False,2026-09-16 12:12:47+00:00,2026-09-16 12:12:54.690496+00:00
20260916,799312986268590053,-8773636242941207005,C380.812.150.24.H.4.91115952,0,REPLACEMENT,0.0,0.0,False,False,False,False,2026-09-16 12:12:47+00:00,2026-09-16 12:12:54.690496+00:00
20260916,799312986268590053,-3119105483601997636,C380.812.150.24.H.4.91115952,0,REPLACEMENT,0.0,0.0,False,False,False,False,2026-09-16 12:12:47+00:00,2026-09-16 12:12:54.690496+00:00
20260916,799312986268590053,2458994337497028199,C380.812.150.24.H.4.91115952,0,REPLACEMENT,0.0,0.0,False,False,False,False,2026-09-16 12:12:47+00:00,2026-09-16 12:12:54.690496+00:00
20260916,-1562489065343894865,-7153867206641337415,48-V.812.150.16.A.8.91114913,0,SCHEDULED,0.0,0.0,False,False,False,False,2026-09-16 12:12:47+00:00,2026-09-16 12:12:54.690496+00:00
20260916,-1562489065343894865,-5009032479495747979,48-V.812.150.16.A.8.91114913,0,SCHEDULED,0.0,0.0,False,False,False,False,2026-09-16 12:12:47+00:00,2026-09-16 12:12:54.690496+00:00
20260916,2213430644432283724,195996996370985595,607K.812.150.16.T.8.91116620,0,SCHEDULED,0.0,0.0,False,False,False,False,2026-09-16 12:12:47+00:00,2026-09-16 12:12:54.690496+00:00
20260916,2213430644432283724,-6319264484958793723,607K.812.150.16.T.8.91116620,0,SCHEDULED,0.0,0.0,False,False,False,False,2026-09-16 12:12:47+00:00,2026-09-16 12:12:54.690496+00:00
20260916,2213430644432283724,7441593026655814830,607K.812.150.16.T.8.91116620,0,SCHEDULED,0.0,0.0,False,False,False,False,2026-09-16 12:12:47+00:00,2026-09-16 12:12:54.690496+00:00
20260916,2213430644432283724,-2222922355244971541,607K.812.150.16.T.8.91116620,0,SCHEDULED,0.0,0.0,False,False,False,False,2026-09-16 12:12:47+00:00,2026-09-16 12:12:54.690496+00:00
20260916,2213430644432283724,4549896384088506662,607K.812.150.16.T.8.91116620,0,SCHEDULED,0.0,0.0,False,False,False,False,2026-09-16 12:12:47+00:00,2026-09-16 12:12:54.690496+00:00
20260916,2213430644432283724,7298766431076032142,607K.812.150.16.T.8.91116620,0,SCHEDULED,26.0,0.0,False,False,False,False,2026-09-16 12:12:47+00:00,2026-09-16 12:12:54.690496+00:00
20260916,2213430644432283724,-9175316127581631929,607K.812.150.16.T.8.91116620,0,SCHEDULED,0.0,0.0,False,False,False,False,2026-09-16 12:12:47+00:00,2026-09-16 12:12:54.690496+00:00
20260916,2213430644432283724,-8878885375073503370,607K.812.150.16.T.8.91116620,0,SCHEDULED,0.0,0.0,False,False,False,False,2026-09-16 12:12:47+00:00,2026-09-16 12:12:54.690496+00:00
20260916,2213430644432283724,-5408461935977997803,607K.812.150.16.T.8.91116620,0,SCHEDULED,0.0,0.0,False,False,False,False,2026-09-16 12:12:47+00:00,2026-09-16 12:12:54.690496+00:00
20260916,2213430644432283724,5175978725872556493,607K.812.150.16.T.8.91116620,0,SCHEDULED,0.0,0.0,False,False,False,False,2026-09-16 12:12:47+00:00,2026-09-16 12:12:54.690496+00:00
20260916,2213430644432283724,2400575194895508650,607K.812.150.16.T.8.91116620,0,SCHEDULED,0.0,0.0,False,False,False,False,2026-09-16 12:12:47+00:00,2026-09-16 12:12:54.690496+00:00
20260916,2213430644432283724,-5027013652357604356,607K.812.150.16.T.8.91116620,0,SCHEDULED,0.0,0.0,False,False,False,False,2026-09-16 12:12:47+00:00,2026-09-16 12:12:54.690496+00:00
20260916,2213430644432283724,-3921659768394918962,607K.812.150.16.T.8.91116620,0,SCHEDULED,0.0,0.0,False,False,False,False,2026-09-16 12:12:47+00:00,2026-09-16 12:12:54.690496+00:00
20260916,2213430644432283724,6260316331497457735,607K.812.150.16.T.8.91116620,0,SCHEDULED,0.0,0.0,False,False,False,False,2026-09-16 12:12:47+00:00,2026-09-16 12:12:54.690496+00:00
20260916,2213430644432283724,4677734749154617412,607K.812.150.16.T.8.91116620,0,SCHEDULED,0.0,0.0,False,False,False,False,2026-09-16 12:12:47+00:00,2026-09-16 12:12:54.690496+00:00
20260916,2213430644432283724,-7110789718912403642,607K.812.150.16.T.8.91116620,0,SCHEDULED,0.0,0.0,False,False,False,False,2026-09-16 12:12:47+00:00,2026-09-16 12:12:54.690496+00:00
20260916,2213430644432283724,-5207432050937040547,607K.812.150.16.T.8.91116620,0,SCHEDULED,0.0,0.0,False,False,False,False,2026-09-16 12:12:47+00:00,2026-09-16 12:12:54.690496+00:00
20260916,2213430644432283724,-9006256556337552063,607K.812.150.16.T.8.91116620,0,SCHEDULED,0.0,0.0,False,False,False,False,2026-09-16 12:12:47+00:00,2026-09-16 12:12:54.690496+00:00
20260916,2213430644432283724,-527062628457462638,607K.812.150.16.T.8.91116620,0,SCHEDULED,0.0,0.0,False,False,False,False,2026-09-16 12:12:47+00:00,2026-09-16 12:12:54.690496+00:00
20260916,2213430644432283724,6234760950908674113,607K.812.150.16.T.8.91116620,0,SCHEDULED,0.0,0.0,False,False,False,False,2026-09-16 12:12:47+00:00,2026-09-16 12:12:54.690496+00:00
20260916,2213430644432283724,-7764139941610294159,607K.812.150.16.T.8.91116620,0,SCHEDULED,0.0,0.0,False,False,False,False,2026-09-16 12:12:47+00:00,2026-09-16 12:12:54.690496+00:00
20260916,2213430644432283724,5056884671245604652,607K.812.150.16.T.8.91116620,0,SCHEDULED,0.0,0.0,False,False,False,False,2026-09-16 12:12:47+00:00,2026-09-16 12:12:54.690496+00:00
20260916,2213430644432283724,5076508847195848498,607K.812.150.16.T.8.91116620,0,SCHEDULED,0.0,0.0,False,False,False,False,2026-09-16 12:12:47+00:00,2026-09-16 12:12:54.690496+00:00
20260916,2213430644432283724,103000179220261358,607K.812.150.16.T.8.91116620,0,SCHEDULED,0.0,0.0,False,False,False,False,2026-09-16 12:12:47+00:00,2026-09-16 12:12:54.690496+00:00
20260916,8502485376767781749,-808579414804246178,107S.812.150.48.T.8.91114446,0,SCHEDULED,0.0,0.0,False,False,False,False,2026-09-16 12:12:47+00:00,2026-09-16 12:12:54.690496+00:00
20260916,8502485376767781749,3049257458088550411,107S.812.150.48.T.8.91114446,0,SCHEDULED,0.0,0.0,False,False,False,False,2026-09-16 12:12:47+00:00,2026-09-16 12:12:54.690496+00:00
20260916,8502485376767781749,7316163471860210383,107S.812.150.48.T.8.91114446,0,SCHEDULED,32.0,0.0,False,False,False,False,2026-09-16 12:12:47+00:00,2026-09-16 12:12:54.690496+00:00
20260916,8502485376767781749,-6737094093781872594,107S.812.150.48.T.8.91114446,0,SCHEDULED,0.0,0.0,False,False,False,False,2026-09-16 12:12:47+00:00,2026-09-16 12:12:54.690496+00:00
20260916,7087056493799616534,-2840977376138885669,623S.812.150.16.T.8.91118095,0,SCHEDULED,0.0,0.0,False,False,False,False,2026-09-16 12:12:47+00:00,2026-09-16 12:12:54.690496+00:00
20260916,7087056493799616534,5283802069566271788,623S.812.150.16.T.8.91118095,0,SCHEDULED,0.0,0.0,False,False,False,False,2026-09-16 12:12:47+00:00,2026-09-16 12:12:54.690496+00:00
20260916,7087056493799616534,7298766431076032142,623S.812.150.16.T.8.91118095,0,SCHEDULED,0.0,0.0,False,False,False,False,2026-09-16 12:12:47+00:00,2026-09-16 12:12:54.690496+00:00
20260916,7087056493799616534,4034867515855622552,623S.812.150.16.T.8.91118095,0,SCHEDULED,0.0,0.0,False,False,False,False,2026-09-16 12:12:47+00:00,2026-09-16 12:12:54.690496+00:00
20260916,8283204442033751644,-1906114871667065914,203T.812.150.48.H.8.91728702,0,SCHEDULED,0.0,0.0,False,False,False,False,2026-09-16 12:12:47+00:00,2026-09-16 12:12:54.690496+00:00
20260916,8283204442033751644,-8903371073604344195,203T.812.150.48.H.8.91728702,0,SCHEDULED,0.0,0.0,False,False,False,False,2026-09-16 12:12:47+00:00,2026-09-16 12:12:54.690496+00:00
20260916,8283204442033751644,-547101269315442553,203T.812.150.48.H.8.91728702,0,SCHEDULED,0.0,0.0,False,False,False,False,2026-09-16 12:12:47+00:00,2026-09-16 12:12:54.690496+00:00
20260916,8283204442033751644,4307401460270953512,203T.812.150.48.H.8.91728702,0,SCHEDULED,0.0,0.0,False,False,False,False,2026-09-16 12:12:47+00:00,2026-09-16 12:12:54.690496+00:00
20260916,8283204442033751644,-5420673490650911212,203T.812.150.48.H.8.91728702,0,SCHEDULED,0.0,0.0,False,False,False,False,2026-09-16 12:12:47+00:00,2026-09-16 12:12:54.690496+00:00
20260916,8283204442033751644,-6475982795972593312,203T.812.150.48.H.8.91728702,0,SCHEDULED,0.0,0.0,False,False,False,False,2026-09-16 12:12:47+00:00,2026-09-16 12:12:54.690496+00:00
20260916,8283204442033751644,-335714526552119841,203T.812.150.48.H.8.91728702,0,SCHEDULED,0.0,0.0,False,False,False,False,2026-09-16 12:12:47+00:00,2026-09-16 12:12:54.690496+00:00
20260916,8283204442033751644,-4248716776482060069,203T.812.150.48.H.8.91728702,0,SCHEDULED,0.0,0.0,False,False,False,False,2026-09-16 12:12:47+00:00,2026-09-16 12:12:54.690496+00:00
20260916,8283204442033751644,6575595418068994273,203T.812.150.48.H.8.91728702,0,SCHEDULED,0.0,0.0,False,False,False,False,2026-09-16 12:12:47+00:00,2026-09-16 12:12:54.690496+00:00
20260916,8283204442033751644,-2876658330315507475,203T.812.150.48.H.8.91728702,0,SCHEDULED,0.0,0.0,False,False,False,False,2026-09-16 12:12:47+00:00,2026-09-16 12:12:54.690496+00:00
20260916,8283204442033751644,-1584445096477889585,203T.812.150.48.H.8.91728702,0,SCHEDULED,0.0,0.0,False,False,False,False,2026-09-16 12:12:47+00:00,2026-09-16 12:12:54.690496+00:00
20260916,8283204442033751644,9127642123165832803,203T.812.150.48.H.8.91728702,0,SCHEDULED,0.0,0.0,False,False,False,False,2026-09-16 12:12:47+00:00,2026-09-16 12:12:54.690496+00:00
20260916,8283204442033751644,-1406341277626263536,203T.812.150.48.H.8.91728702,0,SCHEDULED,0.0,0.0,False,False,False,False,2026-09-16 12:12:47+00:00,2026-09-16 12:12:54.690496+00:00
20260916,8283204442033751644,-2552093863831751754,203T.812.150.48.H.8.91728702,0,SCHEDULED,0.0,0.0,False,False,False,False,2026-09-16 12:12:47+00:00,2026-09-16 12:12:54.690496+00:00
20260916,4366774083614345187,-2090049041071879965,727S.812.150.48.B.8.91119424,0,REPLACEMENT,0.0,,False,False,False,False,2026-09-16 12:12:47+00:00,2026-09-16 12:12:54.690496+00:00
20260916,6228501476923438915,-6774827531312057536,73BP.812.149.8.M.4.91116426,0,SCHEDULED,0.0,0.0,False,False,True,False,2026-09-16 12:12:47+00:00,2026-09-16 12:12:54.690496+00:00
20260916,8355324188916703396,-6507277496142926151,125W.812.150.16.A.8.91728297,0,SCHEDULED,0.0,0.0,False,False,False,False,2026-09-16 12:12:47+00:00,2026-09-16 12:12:54.690496+00:00
20260916,8355324188916703396,-4719705806519373114,125W.812.150.16.A.8.91728297,0,SCHEDULED,0.0,0.0,False,False,False,False,2026-09-16 12:12:47+00:00,2026-09-16 12:12:54.690496+00:00
20260916,8355324188916703396,2300098939432968099,125W.812.150.16.A.8.91728297,0,SCHEDULED,0.0,0.0,False,False,False,False,2026-09-16 12:12:47+00:00,2026-09-16 12:12:54.690496+00:00
20260916,8355324188916703396,-8021387233322566415,125W.812.150.16.A.8.91728297,0,SCHEDULED,0.0,0.0,False,False,False,False,2026-09-16 12:12:47+00:00,2026-09-16 12:12:54.690496+00:00
20260916,8355324188916703396,-2552093863831751754,125W.812.150.16.A.8.91728297,0,SCHEDULED,0.0,0.0,False,False,False,False,2026-09-16 12:12:47+00:00,2026-09-16 12:12:54.690496+00:00
20260916,-1562489065343894865,-7153867206641337415,78-V.812.150.48.A.8.91114877,0,SCHEDULED,0.0,0.0,False,False,False,False,2026-09-16 12:12:47+00:00,2026-09-16 12:12:54.690496+00:00
20260916,-1562489065343894865,7261874335996164665,78-V.812.150.48.A.8.91114877,0,SCHEDULED,0.0,0.0,False,False,False,False,2026-09-16 12:12:47+00:00,2026-09-16 12:12:54.690496+00:00
20260916,-1562489065343894865,-5009032479495747979,78-V.812.150.48.A.8.91114877,0,SCHEDULED,0.0,0.0,False,False,False,False,2026-09-16 12:12:47+00:00,2026-09-16 12:12:54.690496+00:00
20260916,-1562489065343894865,7906477756664692617,78-V.812.150.48.A.8.91114877,0,SCHEDULED,0.0,0.0,False,False,False,False,2026-09-16 12:12:47+00:00,2026-09-16 12:12:54.690496+00:00
20260916,-1562489065343894865,3868211231074592085,78-V.812.150.48.A.8.91114877,0,SCHEDULED,0.0,0.0,False,False,False,False,2026-09-16 12:12:47+00:00,2026-09-16 12:12:54.690496+00:00
20260916,-1562489065343894865,-7119851964929319940,78-V.812.150.48.A.8.91114877,0,SCHEDULED,0.0,0.0,False,False,False,False,2026-09-16 12:12:47+00:00,2026-09-16 12:12:54.690496+00:00
20260916,-1562489065343894865,-156694978650852042,78-V.812.150.48.A.8.91114877,0,SCHEDULED,0.0,0.0,False,False,False,False,2026-09-16 12:12:47+00:00,2026-09-16 12:12:54.690496+00:00
20260916,-1562489065343894865,-6137255467853619237,78-V.812.150.48.A.8.91114877,0,SCHEDULED,0.0,0.0,False,False,False,False,2026-09-16 12:12:47+00:00,2026-09-16 12:12:54.690496+00:00
20260916,-1562489065343894865,7025016748622994863,78-V.812.150.48.A.8.91114877,0,SCHEDULED,0.0,0.0,False,False,False,False,2026-09-16 12:12:47+00:00,2026-09-16 12:12:54.690496+00:00
20260916,-1562489065343894865,2093785039226895452,78-V.812.150.48.A.8.91114877,0,SCHEDULED,0.0,0.0,False,False,False,False,2026-09-16 12:12:47+00:00,2026-09-16 12:12:54.690496+00:00
20260916,-1562489065343894865,8635166941213022922,78-V.812.150.48.A.8.91114877,0,SCHEDULED,0.0,0.0,False,False,False,False,2026-09-16 12:12:47+00:00,2026-09-16 12:12:54.690496+00:00
20260916,-1562489065343894865,2077048829488502200,78-V.812.150.48.A.8.91114877,0,SCHEDULED,0.0,0.0,False,False,False,False,2026-09-16 12:12:47+00:00,2026-09-16 12:12:54.690496+00:00
20260916,-1562489065343894865,5559968963547238181,78-V.812.150.48.A.8.91114877,0,SCHEDULED,1.0,0.0,False,False,False,False,2026-09-16 12:12:47+00:00,2026-09-16 12:12:54.690496+00:00
20260916,7107036069782603127,-6149382851983002653,N677.812.150.80.D.10.91685709,0,SCHEDULED,93.0,93.0,False,False,False,False,2026-09-16 12:12:47+00:00,2026-09-16 12:12:54.690496+00:00
20260916,7107036069782603127,7043891849206051533,N677.812.150.80.D.10.91685709,0,SCHEDULED,93.0,93.0,False,False,False,False,2026-09-16 12:12:47+00:00,2026-09-16 12:12:54.690496+00:00
20260916,7107036069782603127,-1033042400137353946,N677.812.150.80.D.10.91685709,0,SCHEDULED,93.0,93.0,False,False,False,False,2026-09-16 12:12:47+00:00,2026-09-16 12:12:54.690496+00:00
20260916,7107036069782603127,1252546623115669200,N677.812.150.80.D.10.91685709,0,SCHEDULED,93.0,63.0,False,False,False,False,2026-09-16 12:12:47+00:00,2026-09-16 12:12:54.690496+00:00
20260916,7107036069782603127,6584838841058652888,N677.812.150.80.D.10.91685709,0,SCHEDULED,3.0,0.0,False,False,False,False,2026-09-16 12:12:47+00:00,2026-09-16 12:12:54.690496+00:00
20260916,7107036069782603127,-6958619773406275623,N677.812.150.80.D.10.91685709,0,SCHEDULED,63.0,3.0,False,False,False,False,2026-09-16 12:12:47+00:00,2026-09-16 12:12:54.690496+00:00
20260916,7835924838457624329,8480872264950089100,SN75.812.150.56.N.2.91118149,0,SCHEDULED,11.0,11.0,False,False,False,False,2026-09-16 12:12:47+00:00,2026-09-16 12:12:54.690496+00:00
20260916,7835924838457624329,4267512304945807725,SN75.812.150.56.N.2.91118149,0,SCHEDULED,11.0,11.0,False,False,False,False,2026-09-16 12:12:47+00:00,2026-09-16 12:12:54.690496+00:00
20260916,7835924838457624329,-3449903928000400842,SN75.812.150.56.N.2.91118149,0,SCHEDULED,11.0,11.0,False,False,False,False,2026-09-16 12:12:47+00:00,2026-09-16 12:12:54.690496+00:00
20260916,7835924838457624329,6282046429495235662,SN75.812.150.56.N.2.91118149,0,SCHEDULED,11.0,11.0,False,False,False,False,2026-09-16 12:12:47+00:00,2026-09-16 12:12:54.690496+00:00
20260916,7835924838457624329,7344101488936075901,SN75.812.150.56.N.2.91118149,0,SCHEDULED,11.0,11.0,False,False,False,False,2026-09-16 12:12:47+00:00,2026-09-16 12:12:54.690496+00:00
20260916,7835924838457624329,3902356506063082889,SN75.812.150.56.N.2.91118149,0,SCHEDULED,11.0,11.0,False,False,False,False,2026-09-16 12:12:47+00:00,2026-09-16 12:12:54.690496+00:00
20260916,7835924838457624329,-6253830889052471909,SN75.812.150.56.N.2.91118149,0,SCHEDULED,11.0,11.0,False,False,False,False,2026-09-16 12:12:47+00:00,2026-09-16 12:12:54.690496+00:00
20260916,7835924838457624329,-6425801247087022956,SN75.812.150.56.N.2.91118149,0,SCHEDULED,11.0,11.0,False,False,False,False,2026-09-16 12:12:47+00:00,2026-09-16 12:12:54.690496+00:00
20260916,7835924838457624329,-2869275988912975447,SN75.812.150.56.N.2.91118149,0,SCHEDULED,11.0,11.0,False,False,False,False,2026-09-16 12:12:47+00:00,2026-09-16 12:12:54.690496+00:00
20260916,7835924838457624329,8312711558947007430,SN75.812.150.56.N.2.91118149,0,SCHEDULED,11.0,11.0,False,False,False,False,2026-09-16 12:12:47+00:00,2026-09-16 12:12:54.690496+00:00
20260916,7835924838457624329,5594090472067316080,SN75.812.150.56.N.2.91118149,0,SCHEDULED,11.0,0.0,False,False,False,False,2026-09-16 12:12:47+00:00,2026-09-16 12:12:54.690496+00:00
20260916,627028831985276158,6624991143862136785,Y484.812.150.80.D.10.91530017,0,SCHEDULED,86.0,0.0,False,False,False,False,2026-09-16 12:12:47+00:00,2026-09-16 12:12:54.690496+00:00
20260916,627028831985276158,5391668411992063355,Y619.812.150.16.D.10.91530009,0,REPLACEMENT,0.0,,False,False,False,False,2026-09-16 12:12:47+00:00,2026-09-16 12:12:54.690496+00:00
20260916,-3539652250674250885,-2237549891709921557,C387.812.150.120.H.8.91118974,0,SCHEDULED,368.0,368.0,True,False,False,False,2026-09-16 12:12:47+00:00,2026-09-16 12:12:54.690496+00:00
20260916,-3539652250674250885,5235941531362629401,C387.812.150.120.H.8.91118974,0,SCHEDULED,398.0,398.0,True,False,False,False,2026-09-16 12:12:47+00:00,2026-09-16 12:12:54.690496+00:00
20260916,-3539652250674250885,-6489654447956971570,C387.812.150.120.H.8.91118974,0,SCHEDULED,398.0,368.0,True,False,False,False,2026-09-16 12:12:47+00:00,2026-09-16 12:12:54.690496+00:00
20260916,-3539652250674250885,-7611863689835171865,C387.812.150.120.H.8.91118974,0,SCHEDULED,368.0,368.0,True,False,False,False,2026-09-16 12:12:47+00:00,2026-09-16 12:12:54.690496+00:00
20260916,-3539652250674250885,3330155286583946050,C387.812.150.120.H.8.91118974,0,SCHEDULED,368.0,0.0,True,False,False,False,2026-09-16 12:12:47+00:00,2026-09-16 12:12:54.690496+00:00
20260916,-3539652250674250885,8495081945799119549,C387.812.150.120.H.8.91118974,0,SCHEDULED,368.0,368.0,True,False,False,False,2026-09-16 12:12:47+00:00,2026-09-16 12:12:54.690496+00:00
20260916,-3539652250674250885,-380561669406276413,C387.812.150.120.H.8.91118974,0,SCHEDULED,368.0,368.0,True,False,False,False,2026-09-16 12:12:47+00:00,2026-09-16 12:12:54.690496+00:00
20260916,-3539652250674250885,-8690273198388294068,C387.812.150.120.H.8.91118974,0,SCHEDULED,402.0,430.0,True,False,False,False,2026-09-16 12:12:47+00:00,2026-09-16 12:12:54.690496+00:00
20260916,-3539652250674250885,-4476067195020086168,C387.812.150.120.H.8.91118974,0,SCHEDULED,328.0,398.0,True,False,False,False,2026-09-16 12:12:47+00:00,2026-09-16 12:12:54.690496+00:00
20260916,-3539652250674250885,1118560694099315929,C387.812.150.120.H.8.91118974,0,SCHEDULED,398.0,398.0,True,False,False,False,2026-09-16 12:12:47+00:00,2026-09-16 12:12:54.690496+00:00
20260916,-3539652250674250885,2640178580055445606,C387.812.150.120.H.8.91118974,0,SCHEDULED,398.0,398.0,True,False,False,False,2026-09-16 12:12:47+00:00,2026-09-16 12:12:54.690496+00:00
20260916,-3539652250674250885,6896529127051888212,C387.812.150.120.H.8.91118974,0,SCHEDULED,398.0,398.0,True,False,False,False,2026-09-16 12:12:47+00:00,2026-09-16 12:12:54.690496+00:00
20260916,2374307585160416464,7043891849206051533,NP23.812.150.124.P.6.91115747,0,SCHEDULED,,0.0,,False,False,,2026-09-16 12:12:47+00:00,2026-09-16 12:12:54.690496+00:00
20260916,2374307585160416464,1252546623115669200,NP23.812.150.124.P.6.91115747,0,SCHEDULED,0.0,0.0,False,False,False,False,2026-09-16 12:12:47+00:00,2026-09-16 12:12:54.690496+00:00
20260916,2374307585160416464,-5657496248249687509,NP23.812.150.124.P.6.91115747,0,SCHEDULED,0.0,0.0,False,False,False,False,2026-09-16 12:12:47+00:00,2026-09-16 12:12:54.690496+00:00
20260916,2374307585160416464,199294667625171021,NP23.812.150.124.P.6.91115747,0,SCHEDULED,0.0,0.0,False,False,False,False,2026-09-16 12:12:47+00:00,2026-09-16 12:12:54.690496+00:00
20260916,2374307585160416464,7952582555958403744,NP23.812.150.124.P.6.91115747,0,SCHEDULED,0.0,0.0,False,False,False,False,2026-09-16 12:12:47+00:00,2026-09-16 12:12:54.690496+00:00
20260916,2374307585160416464,586166626136735264,NP23.812.150.124.P.6.91115747,0,SCHEDULED,0.0,0.0,False,False,False,False,2026-09-16 12:12:47+00:00,2026-09-16 12:12:54.690496+00:00
20260916,2374307585160416464,-2187787969390147183,NP23.812.150.124.P.6.91115747,0,SCHEDULED,0.0,0.0,False,False,False,False,2026-09-16 12:12:47+00:00,2026-09-16 12:12:54.690496+00:00
20260916,2374307585160416464,-8381449467119448339,NP23.812.150.124.P.6.91115747,0,SCHEDULED,0.0,0.0,False,False,False,False,2026-09-16 12:12:47+00:00,2026-09-16 12:12:54.690496+00:00
20260916,2374307585160416464,-5644815717863709470,NP23.812.150.124.P.6.91115747,0,SCHEDULED,0.0,0.0,False,False,False,False,2026-09-16 12:12:47+00:00,2026-09-16 12:12:54.690496+00:00
20260916,2374307585160416464,-840568270137049327,NP23.812.150.124.P.6.91115747,0,SCHEDULED,0.0,0.0,False,False,False,False,2026-09-16 12:12:47+00:00,2026-09-16 12:12:54.690496+00:00
20260916,2374307585160416464,2759201544174457390,NP23.812.150.124.P.6.91115747,0,SCHEDULED,0.0,0.0,False,False,False,False,2026-09-16 12:12:47+00:00,2026-09-16 12:12:54.690496+00:00
20260916,4366774083614345187,7492056347016962348,R760.812.150.48.D.6.91119456,0,REPLACEMENT,0.0,,False,False,False,False,2026-09-16 12:12:47+00:00,2026-09-16 12:12:54.690496+00:00
20260916,7835924838457624329,8480872264950089100,SN35.812.150.60.N.2.91116776,0,SCHEDULED,94.0,94.0,False,False,False,False,2026-09-16 12:12:47+00:00,2026-09-16 12:12:54.690496+00:00
20260916,7835924838457624329,4267512304945807725,SN35.812.150.60.N.2.91116776,0,SCHEDULED,94.0,94.0,False,False,False,False,2026-09-16 12:12:47+00:00,2026-09-16 12:12:54.690496+00:00
20260916,7835924838457624329,-3449903928000400842,SN35.812.150.60.N.2.91116776,0,SCHEDULED,94.0,94.0,False,False,False,False,2026-09-16 12:12:47+00:00,2026-09-16 12:12:54.690496+00:00
20260916,7835924838457624329,6282046429495235662,SN35.812.150.60.N.2.91116776,0,SCHEDULED,94.0,94.0,False,False,False,False,2026-09-16 12:12:47+00:00,2026-09-16 12:12:54.690496+00:00
20260916,7835924838457624329,7344101488936075901,SN35.812.150.60.N.2.91116776,0,SCHEDULED,94.0,94.0,False,False,False,False,2026-09-16 12:12:47+00:00,2026-09-16 12:12:54.690496+00:00
20260916,7835924838457624329,3902356506063082889,SN35.812.150.60.N.2.91116776,0,SCHEDULED,94.0,94.0,False,False,False,False,2026-09-16 12:12:47+00:00,2026-09-16 12:12:54.690496+00:00
20260916,7835924838457624329,-6253830889052471909,SN35.812.150.60.N.2.91116776,0,SCHEDULED,94.0,94.0,False,False,False,False,2026-09-16 12:12:47+00:00,2026-09-16 12:12:54.690496+00:00
20260916,7835924838457624329,-6425801247087022956,SN35.812.150.60.N.2.91116776,0,SCHEDULED,94.0,94.0,False,False,False,False,2026-09-16 12:12:47+00:00,2026-09-16 12:12:54.690496+00:00
20260916,7835924838457624329,-2869275988912975447,SN35.812.150.60.N.2.91116776,0,SCHEDULED,94.0,94.0,False,False,False,False,2026-09-16 12:12:47+00:00,2026-09-16 12:12:54.690496+00:00
20260916,7835924838457624329,8312711558947007430,SN35.812.150.60.N.2.91116776,0,SCHEDULED,94.0,94.0,False,False,False,False,2026-09-16 12:12:47+00:00,2026-09-16 12:12:54.690496+00:00
20260916,7835924838457624329,5594090472067316080,SN35.812.150.60.N.2.91116776,0,SCHEDULED,94.0,34.0,False,False,False,False,2026-09-16 12:12:47+00:00,2026-09-16 12:12:54.690496+00:00
20260916,-2224808403655777439,-5621762837069403900,W793.812.150.16.D.6.91117355,0,SCHEDULED,5.0,0.0,False,False,False,False,2026-09-16 12:12:47+00:00,2026-09-16 12:12:54.690496+00:00
20260916,-2224808403655777439,-5319197975032318361,W793.812.150.16.D.6.91117355,0,SCHEDULED,0.0,0.0,False,False,False,False,2026-09-16 12:12:47+00:00,2026-09-16 12:12:54.690496+00:00
20260916,-2224808403655777439,1446632565895093766,W793.812.150.16.D.6.91117355,0,SCHEDULED,0.0,0.0,False,False,False,False,2026-09-16 12:12:47+00:00,2026-09-16 12:12:54.690496+00:00
20260916,-2224808403655777439,-8917331883398452363,W793.812.150.16.D.6.91117355,0,SCHEDULED,0.0,0.0,False,False,False,False,2026-09-16 12:12:47+00:00,2026-09-16 12:12:54.690496+00:00
20260916,-2224808403655777439,4531506200413837868,W793.812.150.16.D.6.91117355,0,SCHEDULED,0.0,0.0,False,False,False,False,2026-09-16 12:12:47+00:00,2026-09-16 12:12:54.690496+00:00
20260916,-2224808403655777439,1714098398433544815,W793.812.150.16.D.6.91117355,0,SCHEDULED,0.0,0.0,False,False,False,False,2026-09-16 12:12:47+00:00,2026-09-16 12:12:54.690496+00:00
20260916,-2224808403655777439,5750275029793367300,W793.812.150.16.D.6.91117355,0,SCHEDULED,0.0,0.0,False,False,False,False,2026-09-16 12:12:47+00:00,2026-09-16 12:12:54.690496+00:00
20260916,-2224808403655777439,-626614968598221823,W793.812.150.16.D.6.91117355,0,SCHEDULED,0.0,0.0,False,False,False,False,2026-09-16 12:12:47+00:00,2026-09-16 12:12:54.690496+00:00
20260916,-2224808403655777439,-1618440737550352620,W793.812.150.16.D.6.91117355,0,SCHEDULED,0.0,0.0,False,False,False,False,2026-09-16 12:12:47+00:00,2026-09-16 12:12:54.690496+00:00
20260916,-2224808403655777439,-5162018253951180662,W793.812.150.16.D.6.91117355,0,SCHEDULED,0.0,0.0,False,False,False,False,2026-09-16 12:12:47+00:00,2026-09-16 12:12:54.690496+00:00
20260916,-2224808403655777439,-6433623161466783565,W793.812.150.16.D.6.91117355,0,SCHEDULED,0.0,0.0,False,False,False,False,2026-09-16 12:12:47+00:00,2026-09-16 12:12:54.690496+00:00
20260916,-2224808403655777439,5686081304253461363,W793.812.150.16.D.6.91117355,0,SCHEDULED,0.0,0.0,False,False,False,False,2026-09-16 12:12:47+00:00,2026-09-16 12:12:54.690496+00:00
20260916,-2224808403655777439,7880124208405357719,W793.812.150.16.D.6.91117355,0,SCHEDULED,0.0,0.0,False,False,False,False,2026-09-16 12:12:47+00:00,2026-09-16 12:12:54.690496+00:00
20260916,-2224808403655777439,-3834719462094020986,W793.812.150.16.D.6.91117355,0,SCHEDULED,0.0,0.0,False,False,False,False,2026-09-16 12:12:47+00:00,2026-09-16 12:12:54.690496+00:00
20260916,-2224808403655777439,-240685897190665279,W793.812.150.16.D.6.91117355,0,SCHEDULED,0.0,0.0,False,False,False,False,2026-09-16 12:12:47+00:00,2026-09-16 12:12:54.690496+00:00
20260916,-2224808403655777439,-6079045902917181400,W793.812.150.16.D.6.91117355,0,SCHEDULED,0.0,0.0,False,False,False,False,2026-09-16 12:12:47+00:00,2026-09-16 12:12:54.690496+00:00
20260916,-2224808403655777439,-4225341880319433815,W793.812.150.16.D.6.91117355,0,SCHEDULED,0.0,0.0,False,False,False,False,2026-09-16 12:12:47+00:00,2026-09-16 12:12:54.690496+00:00
20260916,-2224808403655777439,-6474882195969192492,W793.812.150.16.D.6.91117355,0,SCHEDULED,0.0,0.0,False,False,False,False,2026-09-16 12:12:47+00:00,2026-09-16 12:12:54.690496+00:00
20260916,-2224808403655777439,204110664030150266,W793.812.150.16.D.6.91117355,0,SCHEDULED,0.0,0.0,False,False,False,False,2026-09-16 12:12:47+00:00,2026-09-16 12:12:54.690496+00:00
20260916,-2224808403655777439,7110827612088687853,W793.812.150.16.D.6.91117355,0,SCHEDULED,0.0,0.0,False,False,False,False,2026-09-16 12:12:47+00:00,2026-09-16 12:12:54.690496+00:00
20260916,-2224808403655777439,-5045458827246372555,W793.812.150.16.D.6.91117355,0,SCHEDULED,0.0,0.0,False,False,False,False,2026-09-16 12:12:47+00:00,2026-09-16 12:12:54.690496+00:00
20260916,-2224808403655777439,3884616038272931622,W793.812.150.16.D.6.91117355,0,SCHEDULED,0.0,0.0,False,False,False,False,2026-09-16 12:12:47+00:00,2026-09-16 12:12:54.690496+00:00
20260916,-2224808403655777439,11217950775768314,W793.812.150.16.D.6.91117355,0,SCHEDULED,0.0,0.0,False,False,False,False,2026-09-16 12:12:47+00:00,2026-09-16 12:12:54.690496+00:00
20260916,-2224808403655777439,1639139568355450626,W793.812.150.16.D.6.91117355,0,SCHEDULED,0.0,0.0,False,False,False,False,2026-09-16 12:12:47+00:00,2026-09-16 12:12:54.690496+00:00
20260916,-2224808403655777439,7492056347016962348,W793.812.150.16.D.6.91117355,0,SCHEDULED,0.0,0.0,False,False,False,False,2026-09-16 12:12:47+00:00,2026-09-16 12:12:54.690496+00:00
20260916,4622583836084576750,3508940945860787276,162P.812.150.16.A.8.91549661,0,SCHEDULED,0.0,0.0,False,False,False,False,2026-09-16 12:12:47+00:00,2026-09-16 12:12:54.690496+00:00
20260916,4622583836084576750,7536020881108338221,162P.812.150.16.A.8.91549661,0,SCHEDULED,0.0,0.0,False,False,False,False,2026-09-16 12:12:47+00:00,2026-09-16 12:12:54.690496+00:00
20260916,4622583836084576750,6202105477384046620,162P.812.150.16.A.8.91549661,0,SCHEDULED,0.0,0.0,False,False,False,False,2026-09-16 12:12:47+00:00,2026-09-16 12:12:54.690496+00:00
20260916,4622583836084576750,5011251645022536307,162P.812.150.16.A.8.91549661,0,SCHEDULED,0.0,0.0,False,False,False,False,2026-09-16 12:12:47+00:00,2026-09-16 12:12:54.690496+00:00
20260916,4622583836084576750,-6788983780378711223,162P.812.150.16.A.8.91549661,0,SCHEDULED,0.0,0.0,False,False,False,False,2026-09-16 12:12:47+00:00,2026-09-16 12:12:54.690496+00:00
20260916,4622583836084576750,-2180087523068539759,162P.812.150.16.A.8.91549661,0,SCHEDULED,0.0,0.0,False,False,False,False,2026-09-16 12:12:47+00:00,2026-09-16 12:12:54.690496+00:00
20260916,4622583836084576750,3978548535571031105,162P.812.150.16.A.8.91549661,0,SCHEDULED,0.0,0.0,False,False,False,False,2026-09-16 12:12:47+00:00,2026-09-16 12:12:54.690496+00:00
20260916,4622583836084576750,-1484803317195334805,162P.812.150.16.A.8.91549661,0,SCHEDULED,0.0,0.0,False,False,False,False,2026-09-16 12:12:47+00:00,2026-09-16 12:12:54.690496+00:00
20260916,4622583836084576750,-8795747107871235027,162P.812.150.16.A.8.91549661,0,SCHEDULED,0.0,0.0,False,False,False,False,2026-09-16 12:12:47+00:00,2026-09-16 12:12:54.690496+00:00
20260916,4622583836084576750,-6507277496142926151,162P.812.150.16.A.8.91549661,0,SCHEDULED,0.0,0.0,False,False,False,False,2026-09-16 12:12:47+00:00,2026-09-16 12:12:54.690496+00:00
20260916,4622583836084576750,-4719705806519373114,162P.812.150.16.A.8.91549661,0,SCHEDULED,0.0,0.0,False,False,False,False,2026-09-16 12:12:47+00:00,2026-09-16 12:12:54.690496+00:00
20260916,4622583836084576750,2300098939432968099,162P.812.150.16.A.8.91549661,0,SCHEDULED,0.0,0.0,False,False,False,False,2026-09-16 12:12:47+00:00,2026-09-16 12:12:54.690496+00:00
20260916,4622583836084576750,-8021387233322566415,162P.812.150.16.A.8.91549661,0,SCHEDULED,0.0,0.0,False,False,False,False,2026-09-16 12:12:47+00:00,2026-09-16 12:12:54.690496+00:00
20260916,4622583836084576750,-8189528268114724594,162P.812.150.16.A.8.91549661,0,SCHEDULED,0.0,0.0,False,False,False,False,2026-09-16 12:12:47+00:00,2026-09-16 12:12:54.690496+00:00
20260916,4622583836084576750,8463204548138423096,162P.812.150.16.A.8.91549661,0,SCHEDULED,0.0,0.0,False,False,False,False,2026-09-16 12:12:47+00:00,2026-09-16 12:12:54.690496+00:00
20260916,4622583836084576750,976421500923668027,162P.812.150.16.A.8.91549661,0,SCHEDULED,0.0,0.0,False,False,False,False,2026-09-16 12:12:47+00:00,2026-09-16 12:12:54.690496+00:00
20260916,4622583836084576750,6868354577700387348,162P.812.150.16.A.8.91549661,0,SCHEDULED,0.0,0.0,False,False,False,False,2026-09-16 12:12:47+00:00,2026-09-16 12:12:54.690496+00:00
20260916,4622583836084576750,-2175101314296702230,162P.812.150.16.A.8.91549661,0,SCHEDULED,0.0,0.0,False,False,False,False,2026-09-16 12:12:47+00:00,2026-09-16 12:12:54.690496+00:00
20260916,4622583836084576750,-8238392344119364974,162P.812.150.16.A.8.91549661,0,SCHEDULED,0.0,0.0,False,False,False,False,2026-09-16 12:12:47+00:00,2026-09-16 12:12:54.690496+00:00
20260916,4622583836084576750,4735193369246221649,162P.812.150.16.A.8.91549661,0,SCHEDULED,0.0,0.0,False,False,False,False,2026-09-16 12:12:47+00:00,2026-09-16 12:12:54.690496+00:00
20260916,4366774083614345187,3330155286583946050,K782.812.150.16.H.4.91119860,0,REPLACEMENT,0.0,,False,False,False,False,2026-09-16 12:12:47+00:00,2026-09-16 12:12:54.690496+00:00
20260916,7107036069782603127,6091480518091113241,N777.812.150.16.D.6.91529926,0,SCHEDULED,0.0,0.0,False,False,False,False,2026-09-16 12:12:47+00:00,2026-09-16 12:12:54.690496+00:00
20260916,7107036069782603127,-8083684398210327495,N777.812.150.16.D.6.91529926,0,SCHEDULED,0.0,0.0,False,False,False,False,2026-09-16 12:12:47+00:00,2026-09-16 12:12:54.690496+00:00
20260916,7107036069782603127,3341714465681365718,N777.812.150.16.D.6.91529926,0,SCHEDULED,0.0,0.0,False,False,False,False,2026-09-16 12:12:47+00:00,2026-09-16 12:12:54.690496+00:00
20260916,7107036069782603127,4415106212114718970,N777.812.150.16.D.6.91529926,0,SCHEDULED,0.0,0.0,False,False,False,False,2026-09-16 12:12:47+00:00,2026-09-16 12:12:54.690496+00:00
20260916,7107036069782603127,8041570361657107919,N777.812.150.16.D.6.91529926,0,SCHEDULED,0.0,0.0,False,False,False,False,2026-09-16 12:12:47+00:00,2026-09-16 12:12:54.690496+00:00
20260916,7107036069782603127,-7340014484472577951,N777.812.150.16.D.6.91529926,0,SCHEDULED,0.0,0.0,False,False,False,False,2026-09-16 12:12:47+00:00,2026-09-16 12:12:54.690496+00:00
20260916,7107036069782603127,-6403964468061029576,N777.812.150.16.D.6.91529926,0,SCHEDULED,0.0,0.0,False,False,False,False,2026-09-16 12:12:47+00:00,2026-09-16 12:12:54.690496+00:00
20260916,7107036069782603127,-6149382851983002653,N777.812.150.16.D.6.91529926,0,SCHEDULED,0.0,0.0,False,False,False,False,2026-09-16 12:12:47+00:00,2026-09-16 12:12:54.690496+00:00
20260916,7107036069782603127,-5356526370273672056,N777.812.150.16.D.6.91529926,0,SCHEDULED,0.0,0.0,False,False,False,False,2026-09-16 12:12:47+00:00,2026-09-16 12:12:54.690496+00:00
20260916,7107036069782603127,7043891849206051533,N777.812.150.16.D.6.91529926,0,SCHEDULED,0.0,0.0,False,False,False,False,2026-09-16 12:12:47+00:00,2026-09-16 12:12:54.690496+00:00
20260916,7107036069782603127,-8196270170076136865,N777.812.150.16.D.6.91529926,0,SCHEDULED,0.0,0.0,False,False,False,False,2026-09-16 12:12:47+00:00,2026-09-16 12:12:54.690496+00:00
20260916,7107036069782603127,-7824276421162881911,N777.812.150.16.D.6.91529926,0,SCHEDULED,0.0,0.0,False,False,False,False,2026-09-16 12:12:47+00:00,2026-09-16 12:12:54.690496+00:00
20260916,7107036069782603127,5364992397233623303,N777.812.150.16.D.6.91529926,0,SCHEDULED,0.0,0.0,False,False,False,False,2026-09-16 12:12:47+00:00,2026-09-16 12:12:54.690496+00:00
20260916,7107036069782603127,-1033042400137353946,N777.812.150.16.D.6.91529926,0,SCHEDULED,0.0,0.0,False,False,False,False,2026-09-16 12:12:47+00:00,2026-09-16 12:12:54.690496+00:00
20260916,7107036069782603127,-9091648635300439767,N777.812.150.16.D.6.91529926,0,SCHEDULED,0.0,0.0,False,False,False,False,2026-09-16 12:12:47+00:00,2026-09-16 12:12:54.690496+00:00
20260916,7107036069782603127,-7089916589314454996,N777.812.150.16.D.6.91529926,0,SCHEDULED,0.0,0.0,False,False,False,False,2026-09-16 12:12:47+00:00,2026-09-16 12:12:54.690496+00:00
20260916,7107036069782603127,1252546623115669200,N777.812.150.16.D.6.91529926,0,SCHEDULED,0.0,0.0,False,False,False,False,2026-09-16 12:12:47+00:00,2026-09-16 12:12:54.690496+00:00
20260916,7107036069782603127,6584838841058652888,N777.812.150.16.D.6.91529926,0,SCHEDULED,0.0,0.0,False,False,False,False,2026-09-16 12:12:47+00:00,2026-09-16 12:12:54.690496+00:00
20260916,7107036069782603127,-6958619773406275623,N777.812.150.16.D.6.91529926,0,SCHEDULED,0.0,0.0,False,False,False,False,2026-09-16 12:12:47+00:00,2026-09-16 12:12:54.690496+00:00
20260916,4622583836084576750,-8238392344119364974,108D.812.150.56.T.8.91116153,0,SCHEDULED,0.0,0.0,False,False,False,False,2026-09-16 12:12:47+00:00,2026-09-16 12:12:54.690496+00:00
20260916,6965782384900562698,-1906114871667065914,143S.812.150.48.A.8.92172574,0,SCHEDULED,0.0,0.0,False,False,False,False,2026-09-16 12:12:47+00:00,2026-09-16 12:12:54.690496+00:00
20260916,6965782384900562698,-8903371073604344195,143S.812.150.48.A.8.92172574,0,SCHEDULED,0.0,0.0,False,False,False,False,2026-09-16 12:12:47+00:00,2026-09-16 12:12:54.690496+00:00
20260916,6965782384900562698,-547101269315442553,143S.812.150.48.A.8.92172574,0,SCHEDULED,0.0,0.0,False,False,False,False,2026-09-16 12:12:47+00:00,2026-09-16 12:12:54.690496+00:00
20260916,6965782384900562698,4307401460270953512,143S.812.150.48.A.8.92172574,0,SCHEDULED,0.0,0.0,False,False,False,False,2026-09-16 12:12:47+00:00,2026-09-16 12:12:54.690496+00:00
20260916,6965782384900562698,-5420673490650911212,143S.812.150.48.A.8.92172574,0,SCHEDULED,0.0,0.0,False,False,False,False,2026-09-16 12:12:47+00:00,2026-09-16 12:12:54.690496+00:00
20260916,6965782384900562698,-6475982795972593312,143S.812.150.48.A.8.92172574,0,SCHEDULED,0.0,0.0,False,False,False,False,2026-09-16 12:12:47+00:00,2026-09-16 12:12:54.690496+00:00
20260916,6965782384900562698,-335714526552119841,143S.812.150.48.A.8.92172574,0,SCHEDULED,0.0,0.0,False,False,False,False,2026-09-16 12:12:47+00:00,2026-09-16 12:12:54.690496+00:00
20260916,6965782384900562698,-4248716776482060069,143S.812.150.48.A.8.92172574,0,SCHEDULED,0.0,0.0,False,False,False,False,2026-09-16 12:12:47+00:00,2026-09-16 12:12:54.690496+00:00
20260916,6965782384900562698,6575595418068994273,143S.812.150.48.A.8.92172574,0,SCHEDULED,0.0,0.0,False,False,False,False,2026-09-16 12:12:47+00:00,2026-09-16 12:12:54.690496+00:00
20260916,6965782384900562698,-2876658330315507475,143S.812.150.48.A.8.92172574,0,SCHEDULED,0.0,0.0,False,False,False,False,2026-09-16 12:12:47+00:00,2026-09-16 12:12:54.690496+00:00
20260916,6965782384900562698,-1584445096477889585,143S.812.150.48.A.8.92172574,0,SCHEDULED,0.0,0.0,False,False,False,False,2026-09-16 12:12:47+00:00,2026-09-16 12:12:54.690496+00:00
20260916,6965782384900562698,9127642123165832803,143S.812.150.48.A.8.92172574,0,SCHEDULED,0.0,0.0,False,False,False,False,2026-09-16 12:12:47+00:00,2026-09-16 12:12:54.690496+00:00
20260916,6965782384900562698,-1406341277626263536,143S.812.150.48.A.8.92172574,0,SCHEDULED,0.0,0.0,False,False,False,False,2026-09-16 12:12:47+00:00,2026-09-16 12:12:54.690496+00:00
20260916,6965782384900562698,2405703856655622994,143S.812.150.48.A.8.92172574,0,SCHEDULED,0.0,0.0,False,False,False,False,2026-09-16 12:12:47+00:00,2026-09-16 12:12:54.690496+00:00
20260916,6965782384900562698,-2661336592951695888,143S.812.150.48.A.8.92172574,0,SCHEDULED,0.0,0.0,False,False,False,False,2026-09-16 12:12:47+00:00,2026-09-16 12:12:54.690496+00:00
20260916,6965782384900562698,-8077340478999660585,143S.812.150.48.A.8.92172574,0,SCHEDULED,0.0,0.0,False,False,False,False,2026-09-16 12:12:47+00:00,2026-09-16 12:12:54.690496+00:00
20260916,6965782384900562698,-7067197113145369398,143S.812.150.48.A.8.92172574,0,SCHEDULED,0.0,0.0,False,False,False,False,2026-09-16 12:12:47+00:00,2026-09-16 12:12:54.690496+00:00
20260916,6965782384900562698,5187515741913650712,143S.812.150.48.A.8.92172574,0,SCHEDULED,0.0,0.0,False,False,False,False,2026-09-16 12:12:47+00:00,2026-09-16 12:12:54.690496+00:00
20260916,6965782384900562698,7253436937350935639,143S.812.150.48.A.8.92172574,0,SCHEDULED,0.0,0.0,False,False,False,False,2026-09-16 12:12:47+00:00,2026-09-16 12:12:54.690496+00:00
20260916,6965782384900562698,5934731588982600981,143S.812.150.48.A.8.92172574,0,SCHEDULED,0.0,0.0,False,False,False,False,2026-09-16 12:12:47+00:00,2026-09-16 12:12:54.690496+00:00
20260916,6965782384900562698,8750284778735267708,143S.812.150.48.A.8.92172574,0,SCHEDULED,0.0,0.0,False,False,False,False,2026-09-16 12:12:47+00:00,2026-09-16 12:12:54.690496+00:00
20260916,6965782384900562698,-977305394673960002,143S.812.150.48.A.8.92172574,0,SCHEDULED,0.0,0.0,False,False,False,False,2026-09-16 12:12:47+00:00,2026-09-16 12:12:54.690496+00:00
20260916,6965782384900562698,-8431182368565123632,143S.812.150.48.A.8.92172574,0,SCHEDULED,0.0,0.0,False,False,False,False,2026-09-16 12:12:47+00:00,2026-09-16 12:12:54.690496+00:00
20260916,6965782384900562698,-320451119006328845,143S.812.150.48.A.8.92172574,0,SCHEDULED,0.0,0.0,False,False,False,False,2026-09-16 12:12:47+00:00,2026-09-16 12:12:54.690496+00:00
20260916,3823480081110772338,-8676524930632608389,569N.812.149.12.A.8.91118312,0,SCHEDULED,0.0,0.0,False,False,True,False,2026-09-16 12:12:47+00:00,2026-09-16 12:12:54.690496+00:00
20260916,2213430644432283724,195996996370985595,623T.812.150.16.T.8.91117071,0,SCHEDULED,0.0,0.0,False,False,False,False,2026-09-16 12:12:47+00:00,2026-09-16 12:12:54.690496+00:00
20260916,2213430644432283724,-6319264484958793723,623T.812.150.16.T.8.91117071,0,SCHEDULED,0.0,0.0,False,False,False,False,2026-09-16 12:12:47+00:00,2026-09-16 12:12:54.690496+00:00
20260916,2213430644432283724,7441593026655814830,623T.812.150.16.T.8.91117071,0,SCHEDULED,0.0,0.0,False,False,False,False,2026-09-16 12:12:47+00:00,2026-09-16 12:12:54.690496+00:00
20260916,2213430644432283724,-2222922355244971541,623T.812.150.16.T.8.91117071,0,SCHEDULED,0.0,0.0,False,False,False,False,2026-09-16 12:12:47+00:00,2026-09-16 12:12:54.690496+00:00
20260916,2213430644432283724,7298766431076032142,623T.812.150.16.T.8.91117071,0,SCHEDULED,0.0,0.0,False,False,False,False,2026-09-16 12:12:47+00:00,2026-09-16 12:12:54.690496+00:00
20260916,2213430644432283724,-9175316127581631929,623T.812.150.16.T.8.91117071,0,SCHEDULED,0.0,0.0,False,False,False,False,2026-09-16 12:12:47+00:00,2026-09-16 12:12:54.690496+00:00
20260916,-8080502455091207041,1171768796122015062,197K.812.150.48.B.8.91116683,0,SCHEDULED,0.0,0.0,False,False,False,False,2026-09-16 12:12:47+00:00,2026-09-16 12:12:54.690496+00:00
20260916,-8080502455091207041,-3509589868950731347,197K.812.150.48.B.8.91116683,0,SCHEDULED,0.0,0.0,False,False,False,False,2026-09-16 12:12:47+00:00,2026-09-16 12:12:54.690496+00:00
20260916,-8080502455091207041,-2514855566074434979,197K.812.150.48.B.8.91116683,0,SCHEDULED,0.0,0.0,False,False,False,False,2026-09-16 12:12:47+00:00,2026-09-16 12:12:54.690496+00:00
20260916,-8080502455091207041,7159675280344926887,197K.812.150.48.B.8.91116683,0,SCHEDULED,0.0,0.0,False,False,False,False,2026-09-16 12:12:47+00:00,2026-09-16 12:12:54.690496+00:00
20260916,-8080502455091207041,8048208835776358690,197K.812.150.48.B.8.91116683,0,SCHEDULED,0.0,0.0,False,False,False,False,2026-09-16 12:12:47+00:00,2026-09-16 12:12:54.690496+00:00
20260916,-8080502455091207041,-5233084764587315483,197K.812.150.48.B.8.91116683,0,SCHEDULED,0.0,0.0,False,False,False,False,2026-09-16 12:12:47+00:00,2026-09-16 12:12:54.690496+00:00
20260916,-8080502455091207041,-8412866568763436982,197K.812.150.48.B.8.91116683,0,SCHEDULED,0.0,0.0,False,False,False,False,2026-09-16 12:12:47+00:00,2026-09-16 12:12:54.690496+00:00
20260916,-8080502455091207041,-3811020202878694750,197K.812.150.48.B.8.91116683,0,SCHEDULED,0.0,0.0,False,False,False,False,2026-09-16 12:12:47+00:00,2026-09-16 12:12:54.690496+00:00
20260916,-8080502455091207041,4095639415924901295,197K.812.150.48.B.8.91116683,0,SCHEDULED,0.0,0.0,False,False,False,False,2026-09-16 12:12:47+00:00,2026-09-16 12:12:54.690496+00:00
20260916,-8080502455091207041,6281320006181619112,197K.812.150.48.B.8.91116683,0,SCHEDULED,0.0,0.0,False,False,False,False,2026-09-16 12:12:47+00:00,2026-09-16 12:12:54.690496+00:00
20260916,-8080502455091207041,2332380944889390961,197K.812.150.48.B.8.91116683,0,SCHEDULED,0.0,0.0,False,False,False,False,2026-09-16 12:12:47+00:00,2026-09-16 12:12:54.690496+00:00
20260916,-8080502455091207041,-6866979337130038485,197K.812.150.48.B.8.91116683,0,SCHEDULED,0.0,0.0,False,False,False,False,2026-09-16 12:12:47+00:00,2026-09-16 12:12:54.690496+00:00
20260916,-8080502455091207041,7867227525348948206,197K.812.150.48.B.8.91116683,0,SCHEDULED,0.0,0.0,False,False,False,False,2026-09-16 12:12:47+00:00,2026-09-16 12:12:54.690496+00:00
20260916,-8080502455091207041,1446632565895093766,197K.812.150.48.B.8.91116683,0,SCHEDULED,0.0,0.0,False,False,False,False,2026-09-16 12:12:47+00:00,2026-09-16 12:12:54.690496+00:00
20260916,-8080502455091207041,-8736486477011362501,197K.812.150.48.B.8.91116683,0,SCHEDULED,0.0,0.0,False,False,False,False,2026-09-16 12:12:47+00:00,2026-09-16 12:12:54.690496+00:00
20260916,-8080502455091207041,-5512830783196631856,197K.812.150.48.B.8.91116683,0,SCHEDULED,0.0,0.0,False,False,False,False,2026-09-16 12:12:47+00:00,2026-09-16 12:12:54.690496+00:00
20260916,-8080502455091207041,-4662342852169107525,197K.812.150.48.B.8.91116683,0,SCHEDULED,0.0,0.0,False,False,False,False,2026-09-16 12:12:47+00:00,2026-09-16 12:12:54.690496+00:00
20260916,-8080502455091207041,-5255863135154699190,197K.812.150.48.B.8.91116683,0,SCHEDULED,0.0,0.0,False,False,False,False,2026-09-16 12:12:47+00:00,2026-09-16 12:12:54.690496+00:00
20260916,-8080502455091207041,-1282387075119142495,197K.812.150.48.B.8.91116683,0,SCHEDULED,0.0,0.0,False,False,False,False,2026-09-16 12:12:47+00:00,2026-09-16 12:12:54.690496+00:00
20260916,-8080502455091207041,-3485798361028198595,197K.812.150.48.B.8.91116683,0,SCHEDULED,0.0,0.0,False,False,False,False,2026-09-16 12:12:47+00:00,2026-09-16 12:12:54.690496+00:00
20260916,-8080502455091207041,-8733849968579603942,197K.812.150.48.B.8.91116683,0,SCHEDULED,0.0,0.0,False,False,False,False,2026-09-16 12:12:47+00:00,2026-09-16 12:12:54.690496+00:00
20260916,4622583836084576750,3508940945860787276,136D.812.150.48.A.8.91115905,0,REPLACEMENT,0.0,0.0,False,False,False,False,2026-09-16 12:12:47+00:00,2026-09-16 12:12:54.690496+00:00
20260916,4622583836084576750,7536020881108338221,136D.812.150.48.A.8.91115905,0,REPLACEMENT,0.0,0.0,False,False,False,False,2026-09-16 12:12:47+00:00,2026-09-16 12:12:54.690496+00:00
20260916,4622583836084576750,6202105477384046620,136D.812.150.48.A.8.91115905,0,REPLACEMENT,0.0,0.0,False,False,False,False,2026-09-16 12:12:47+00:00,2026-09-16 12:12:54.690496+00:00
20260916,4622583836084576750,5011251645022536307,136D.812.150.48.A.8.91115905,0,REPLACEMENT,0.0,0.0,False,False,False,False,2026-09-16 12:12:47+00:00,2026-09-16 12:12:54.690496+00:00
20260916,4622583836084576750,-6788983780378711223,136D.812.150.48.A.8.91115905,0,REPLACEMENT,0.0,0.0,False,False,False,False,2026-09-16 12:12:47+00:00,2026-09-16 12:12:54.690496+00:00
20260916,4622583836084576750,-2180087523068539759,136D.812.150.48.A.8.91115905,0,REPLACEMENT,0.0,0.0,False,False,False,False,2026-09-16 12:12:47+00:00,2026-09-16 12:12:54.690496+00:00
20260916,4622583836084576750,3978548535571031105,136D.812.150.48.A.8.91115905,0,REPLACEMENT,0.0,0.0,False,False,False,False,2026-09-16 12:12:47+00:00,2026-09-16 12:12:54.690496+00:00
20260916,4622583836084576750,-1484803317195334805,136D.812.150.48.A.8.91115905,0,REPLACEMENT,0.0,0.0,False,False,False,False,2026-09-16 12:12:47+00:00,2026-09-16 12:12:54.690496+00:00
20260916,4622583836084576750,-8795747107871235027,136D.812.150.48.A.8.91115905,0,REPLACEMENT,0.0,0.0,False,False,False,False,2026-09-16 12:12:47+00:00,2026-09-16 12:12:54.690496+00:00
20260916,4622583836084576750,-6507277496142926151,136D.812.150.48.A.8.91115905,0,REPLACEMENT,0.0,0.0,False,False,False,False,2026-09-16 12:12:47+00:00,2026-09-16 12:12:54.690496+00:00
20260916,4622583836084576750,-4719705806519373114,136D.812.150.48.A.8.91115905,0,REPLACEMENT,0.0,0.0,False,False,False,False,2026-09-16 12:12:47+00:00,2026-09-16 12:12:54.690496+00:00
20260916,4622583836084576750,2300098939432968099,136D.812.150.48.A.8.91115905,0,REPLACEMENT,0.0,0.0,False,False,False,False,2026-09-16 12:12:47+00:00,2026-09-16 12:12:54.690496+00:00
20260916,4622583836084576750,-8021387233322566415,136D.812.150.48.A.8.91115905,0,REPLACEMENT,0.0,0.0,False,False,False,False,2026-09-16 12:12:47+00:00,2026-09-16 12:12:54.690496+00:00
20260916,4622583836084576750,-8189528268114724594,136D.812.150.48.A.8.91115905,0,REPLACEMENT,0.0,0.0,False,False,False,False,2026-09-16 12:12:47+00:00,2026-09-16 12:12:54.690496+00:00
20260916,4622583836084576750,8463204548138423096,136D.812.150.48.A.8.91115905,0,REPLACEMENT,0.0,0.0,False,False,False,False,2026-09-16 12:12:47+00:00,2026-09-16 12:12:54.690496+00:00
20260916,4622583836084576750,976421500923668027,136D.812.150.48.A.8.91115905,0,REPLACEMENT,0.0,0.0,False,False,False,False,2026-09-16 12:12:47+00:00,2026-09-16 12:12:54.690496+00:00
20260916,4622583836084576750,6868354577700387348,136D.812.150.48.A.8.91115905,0,REPLACEMENT,0.0,0.0,False,False,False,False,2026-09-16 12:12:47+00:00,2026-09-16 12:12:54.690496+00:00
20260916,4622583836084576750,-2175101314296702230,136D.812.150.48.A.8.91115905,0,REPLACEMENT,0.0,0.0,False,False,False,False,2026-09-16 12:12:47+00:00,2026-09-16 12:12:54.690496+00:00
20260916,4622583836084576750,-8238392344119364974,136D.812.150.48.A.8.91115905,0,REPLACEMENT,0.0,,False,False,False,False,2026-09-16 12:12:47+00:00,2026-09-16 12:12:54.690496+00:00
20260916,4622583836084576750,4735193369246221649,136D.812.150.48.A.8.91115905,0,REPLACEMENT,0.0,0.0,False,False,False,False,2026-09-16 12:12:47+00:00,2026-09-16 12:12:54.690496+00:00
20260916,1644696160033301445,-6462552768801244686,513L.812.150.48.T.8.91115819,0,SCHEDULED,0.0,0.0,False,False,False,False,2026-09-16 12:12:47+00:00,2026-09-16 12:12:54.690496+00:00
20260916,7087056493799616534,610129093749931789,600N.812.150.48.T.8.91118049,0,SCHEDULED,,,,False,False,,2026-09-16 12:12:47+00:00,2026-09-16 12:12:54.690496+00:00
20260916,7087056493799616534,1378952111334263434,600N.812.150.48.T.8.91118049,0,SCHEDULED,0.0,,False,False,False,False,2026-09-16 12:12:47+00:00,2026-09-16 12:12:54.690496+00:00
20260916,7087056493799616534,-6365579239099342340,600N.812.150.48.T.8.91118049,0,SCHEDULED,0.0,0.0,False,False,False,False,2026-09-16 12:12:47+00:00,2026-09-16 12:12:54.690496+00:00
20260916,7087056493799616534,-7309827273581882508,600N.812.150.48.T.8.91118049,0,SCHEDULED,0.0,0.0,False,False,False,False,2026-09-16 12:12:47+00:00,2026-09-16 12:12:54.690496+00:00
20260916,7087056493799616534,-2897867139078942438,600N.812.150.48.T.8.91118049,0,SCHEDULED,0.0,0.0,False,False,False,False,2026-09-16 12:12:47+00:00,2026-09-16 12:12:54.690496+00:00
20260916,7087056493799616534,-6348273073257900739,600N.812.150.48.T.8.91118049,0,SCHEDULED,0.0,0.0,False,False,False,False,2026-09-16 12:12:47+00:00,2026-09-16 12:12:54.690496+00:00
20260916,7087056493799616534,8242984005306792984,600N.812.150.48.T.8.91118049,0,SCHEDULED,0.0,0.0,False,False,False,False,2026-09-16 12:12:47+00:00,2026-09-16 12:12:54.690496+00:00
20260916,7087056493799616534,-3565030001349401117,600N.812.150.48.T.8.91118049,0,SCHEDULED,0.0,0.0,False,False,False,False,2026-09-16 12:12:47+00:00,2026-09-16 12:12:54.690496+00:00
20260916,7087056493799616534,-561815580414401108,600N.812.150.48.T.8.91118049,0,SCHEDULED,0.0,0.0,False,False,False,False,2026-09-16 12:12:47+00:00,2026-09-16 12:12:54.690496+00:00
20260916,7087056493799616534,-6924188240946103411,600N.812.150.48.T.8.91118049,0,SCHEDULED,0.0,0.0,False,False,False,False,2026-09-16 12:12:47+00:00,2026-09-16 12:12:54.690496+00:00
20260916,7087056493799616534,-6009883719623835607,600N.812.150.48.T.8.91118049,0,SCHEDULED,0.0,0.0,False,False,False,False,2026-09-16 12:12:47+00:00,2026-09-16 12:12:54.690496+00:00
20260916,7087056493799616534,6196203816460485940,600N.812.150.48.T.8.91118049,0,SCHEDULED,0.0,0.0,False,False,False,False,2026-09-16 12:12:47+00:00,2026-09-16 12:12:54.690496+00:00
20260916,7087056493799616534,-7507058161649240372,600N.812.150.48.T.8.91118049,0,SCHEDULED,0.0,0.0,False,False,False,False,2026-09-16 12:12:47+00:00,2026-09-16 12:12:54.690496+00:00
20260916,7087056493799616534,-7252741680206314177,600N.812.150.48.T.8.91118049,0,SCHEDULED,0.0,0.0,False,False,False,False,2026-09-16 12:12:47+00:00,2026-09-16 12:12:54.690496+00:00
20260916,-6150595769256102763,2486720923796449727,616U.812.150.16.T.8.91116644,0,SCHEDULED,104.0,104.0,False,False,False,False,2026-09-16 12:12:47+00:00,2026-09-16 12:12:54.690496+00:00
20260916,-6150595769256102763,2836247165269935309,616U.812.150.16.T.8.91116644,0,SCHEDULED,104.0,104.0,False,False,False,False,2026-09-16 12:12:47+00:00,2026-09-16 12:12:54.690496+00:00
20260916,-6150595769256102763,-4219429803445836875,616U.812.150.16.T.8.91116644,0,SCHEDULED,74.0,74.0,False,False,False,False,2026-09-16 12:12:47+00:00,2026-09-16 12:12:54.690496+00:00
20260916,-6150595769256102763,297624820277252912,616U.812.150.16.T.8.91116644,0,SCHEDULED,74.0,74.0,False,False,False,False,2026-09-16 12:12:47+00:00,2026-09-16 12:12:54.690496+00:00
20260916,-6150595769256102763,-195346573647412588,616U.812.150.16.T.8.91116644,0,SCHEDULED,74.0,74.0,False,False,False,False,2026-09-16 12:12:47+00:00,2026-09-16 12:12:54.690496+00:00
20260916,-6150595769256102763,-6009883719623835607,616U.812.150.16.T.8.91116644,0,SCHEDULED,74.0,0.0,False,False,False,False,2026-09-16 12:12:47+00:00,2026-09-16 12:12:54.690496+00:00
20260916,-6150595769256102763,6652955438869669195,616U.812.150.16.T.8.91116644,0,SCHEDULED,74.0,74.0,False,False,False,False,2026-09-16 12:12:47+00:00,2026-09-16 12:12:54.690496+00:00
20260916,-6150595769256102763,3498701763899896230,616U.812.150.16.T.8.91116644,0,SCHEDULED,74.0,74.0,False,False,False,False,2026-09-16 12:12:47+00:00,2026-09-16 12:12:54.690496+00:00
20260916,-6150595769256102763,-7764139941610294159,616U.812.150.16.T.8.91116644,0,SCHEDULED,104.0,74.0,False,False,False,False,2026-09-16 12:12:47+00:00,2026-09-16 12:12:54.690496+00:00
20260916,5630525952252418354,2452573464316960471,607L.812.150.16.T.8.91118803,0,SCHEDULED,,,,False,False,,2026-09-16 12:12:47+00:00,2026-09-16 12:12:54.690496+00:00
20260916,5630525952252418354,1378952111334263434,607L.812.150.16.T.8.91118803,0,SCHEDULED,0.0,,False,False,False,False,2026-09-16 12:12:47+00:00,2026-09-16 12:12:54.690496+00:00
20260916,5630525952252418354,-6365579239099342340,607L.812.150.16.T.8.91118803,0,SCHEDULED,0.0,0.0,False,False,False,False,2026-09-16 12:12:47+00:00,2026-09-16 12:12:54.690496+00:00
20260916,5630525952252418354,-7309827273581882508,607L.812.150.16.T.8.91118803,0,SCHEDULED,0.0,0.0,False,False,False,False,2026-09-16 12:12:47+00:00,2026-09-16 12:12:54.690496+00:00
20260916,5630525952252418354,-2897867139078942438,607L.812.150.16.T.8.91118803,0,SCHEDULED,0.0,0.0,False,False,False,False,2026-09-16 12:12:47+00:00,2026-09-16 12:12:54.690496+00:00
20260916,5630525952252418354,-6348273073257900739,607L.812.150.16.T.8.91118803,0,SCHEDULED,0.0,0.0,False,False,False,False,2026-09-16 12:12:47+00:00,2026-09-16 12:12:54.690496+00:00
20260916,5630525952252418354,8242984005306792984,607L.812.150.16.T.8.91118803,0,SCHEDULED,0.0,0.0,False,False,False,False,2026-09-16 12:12:47+00:00,2026-09-16 12:12:54.690496+00:00
20260916,5630525952252418354,3731880902321079604,607L.812.150.16.T.8.91118803,0,SCHEDULED,0.0,0.0,False,False,False,False,2026-09-16 12:12:47+00:00,2026-09-16 12:12:54.690496+00:00
20260916,5630525952252418354,3612356486350744060,607L.812.150.16.T.8.91118803,0,SCHEDULED,0.0,0.0,False,False,False,False,2026-09-16 12:12:47+00:00,2026-09-16 12:12:54.690496+00:00
20260916,5630525952252418354,-282374903151028086,607L.812.150.16.T.8.91118803,0,SCHEDULED,0.0,0.0,False,False,False,False,2026-09-16 12:12:47+00:00,2026-09-16 12:12:54.690496+00:00
20260916,5630525952252418354,3780271777343336871,607L.812.150.16.T.8.91118803,0,SCHEDULED,0.0,0.0,False,False,False,False,2026-09-16 12:12:47+00:00,2026-09-16 12:12:54.690496+00:00
20260916,5630525952252418354,103000179220261358,607L.812.150.16.T.8.91118803,0,SCHEDULED,0.0,0.0,False,False,False,False,2026-09-16 12:12:47+00:00,2026-09-16 12:12:54.690496+00:00
20260916,4366774083614345187,7492905660078349455,H473.812.150.16.H.4.91115306,0,REPLACEMENT,0.0,,False,False,False,False,2026-09-16 12:12:47+00:00,2026-09-16 12:12:54.690496+00:00
20260916,4366774083614345187,3330155286583946050,K780.812.150.56.H.8.91119765,0,REPLACEMENT,1604.0,,True,False,False,False,2026-09-16 12:12:47+00:00,2026-09-16 12:12:54.690496+00:00
20260916,2347072026132267080,610129093749931789,W786.812.150.16.D.6.91521123,0,SCHEDULED,0.0,0.0,False,False,False,False,2026-09-16 12:12:47+00:00,2026-09-16 12:12:54.690496+00:00
20260916,2347072026132267080,-970864714992148263,W786.812.150.16.D.6.91521123,0,SCHEDULED,0.0,0.0,False,False,False,False,2026-09-16 12:12:47+00:00,2026-09-16 12:12:54.690496+00:00
20260916,2347072026132267080,4280909641391039359,W786.812.150.16.D.6.91521123,0,SCHEDULED,0.0,0.0,False,False,False,False,2026-09-16 12:12:47+00:00,2026-09-16 12:12:54.690496+00:00
20260916,2347072026132267080,-5510222690186109640,W786.812.150.16.D.6.91521123,0,SCHEDULED,0.0,0.0,False,False,False,False,2026-09-16 12:12:47+00:00,2026-09-16 12:12:54.690496+00:00
20260916,2347072026132267080,-8159485632633011908,W786.812.150.16.D.6.91521123,0,SCHEDULED,22.0,22.0,False,False,False,False,2026-09-16 12:12:47+00:00,2026-09-16 12:12:54.690496+00:00
20260916,2347072026132267080,-9024629707393703762,W786.812.150.16.D.6.91521123,0,SCHEDULED,22.0,0.0,False,False,False,False,2026-09-16 12:12:47+00:00,2026-09-16 12:12:54.690496+00:00
20260916,2347072026132267080,2303707891186182749,W786.812.150.16.D.6.91521123,0,SCHEDULED,22.0,22.0,False,False,False,False,2026-09-16 12:12:47+00:00,2026-09-16 12:12:54.690496+00:00
20260916,2347072026132267080,9082468520499401412,W786.812.150.16.D.6.91521123,0,SCHEDULED,22.0,22.0,False,False,False,False,2026-09-16 12:12:47+00:00,2026-09-16 12:12:54.690496+00:00
20260916,2347072026132267080,-3577262378376177051,W786.812.150.16.D.6.91521123,0,SCHEDULED,22.0,22.0,False,False,False,False,2026-09-16 12:12:47+00:00,2026-09-16 12:12:54.690496+00:00
20260916,2347072026132267080,7361910560894639998,W786.812.150.16.D.6.91521123,0,SCHEDULED,22.0,22.0,False,False,False,False,2026-09-16 12:12:47+00:00,2026-09-16 12:12:54.690496+00:00
20260916,2347072026132267080,8937938843011471036,W786.812.150.16.D.6.91521123,0,SCHEDULED,22.0,22.0,False,False,False,False,2026-09-16 12:12:47+00:00,2026-09-16 12:12:54.690496+00:00
20260916,2347072026132267080,-3857791824620312838,W786.812.150.16.D.6.91521123,0,SCHEDULED,22.0,22.0,False,False,False,False,2026-09-16 12:12:47+00:00,2026-09-16 12:12:54.690496+00:00
20260916,2347072026132267080,6715756800574775613,W786.812.150.16.D.6.91521123,0,SCHEDULED,22.0,22.0,False,False,False,False,2026-09-16 12:12:47+00:00,2026-09-16 12:12:54.690496+00:00
20260916,2347072026132267080,6816452819799660218,W786.812.150.16.D.6.91521123,0,SCHEDULED,22.0,22.0,False,False,False,False,2026-09-16 12:12:47+00:00,2026-09-16 12:12:54.690496+00:00
20260916,2347072026132267080,524045740735076708,W786.812.150.16.D.6.91521123,0,SCHEDULED,22.0,22.0,False,False,False,False,2026-09-16 12:12:47+00:00,2026-09-16 12:12:54.690496+00:00
20260916,2347072026132267080,-6782094359421297934,W786.812.150.16.D.6.91521123,0,SCHEDULED,22.0,22.0,False,False,False,False,2026-09-16 12:12:47+00:00,2026-09-16 12:12:54.690496+00:00
20260916,2347072026132267080,-4918980453704670690,W786.812.150.16.D.6.91521123,0,SCHEDULED,22.0,22.0,False,False,False,False,2026-09-16 12:12:47+00:00,2026-09-16 12:12:54.690496+00:00
20260916,2347072026132267080,4360033609307305209,W786.812.150.16.D.6.91521123,0,SCHEDULED,22.0,22.0,False,False,False,False,2026-09-16 12:12:47+00:00,2026-09-16 12:12:54.690496+00:00
20260916,2347072026132267080,-6368459365553662790,W786.812.150.16.D.6.91521123,0,SCHEDULED,22.0,22.0,False,False,False,False,2026-09-16 12:12:47+00:00,2026-09-16 12:12:54.690496+00:00
20260916,2347072026132267080,3745378415091696520,W786.812.150.16.D.6.91521123,0,SCHEDULED,22.0,22.0,False,False,False,False,2026-09-16 12:12:47+00:00,2026-09-16 12:12:54.690496+00:00
20260916,2347072026132267080,1216527846128728020,W786.812.150.16.D.6.91521123,0,SCHEDULED,22.0,22.0,False,False,False,False,2026-09-16 12:12:47+00:00,2026-09-16 12:12:54.690496+00:00
20260916,-5978113767534294052,2452573464316960471,N420.812.150.16.D.10.91529921,0,REPLACEMENT,0.0,,False,False,False,False,2026-09-16 12:12:47+00:00,2026-09-16 12:12:54.690496+00:00
20260916,-5978113767534294052,2009290595935991793,N420.812.150.16.D.10.91529921,0,REPLACEMENT,0.0,0.0,False,False,False,False,2026-09-16 12:12:47+00:00,2026-09-16 12:12:54.690496+00:00
20260916,-5978113767534294052,-8145880150075056549,N420.812.150.16.D.10.91529921,0,REPLACEMENT,0.0,0.0,False,False,False,False,2026-09-16 12:12:47+00:00,2026-09-16 12:12:54.690496+00:00
20260916,-5978113767534294052,-5576282156968561455,N420.812.150.16.D.10.91529921,0,REPLACEMENT,0.0,0.0,False,False,False,False,2026-09-16 12:12:47+00:00,2026-09-16 12:12:54.690496+00:00
20260916,-5978113767534294052,8427169267051637749,N420.812.150.16.D.10.91529921,0,REPLACEMENT,0.0,0.0,False,False,False,False,2026-09-16 12:12:47+00:00,2026-09-16 12:12:54.690496+00:00
20260916,-5978113767534294052,7164449179056806387,N420.812.150.16.D.10.91529921,0,REPLACEMENT,0.0,0.0,False,False,False,False,2026-09-16 12:12:47+00:00,2026-09-16 12:12:54.690496+00:00
20260916,-5978113767534294052,-6459047070242316305,N420.812.150.16.D.10.91529921,0,REPLACEMENT,0.0,0.0,False,False,False,False,2026-09-16 12:12:47+00:00,2026-09-16 12:12:54.690496+00:00
20260916,-5978113767534294052,6624991143862136785,N420.812.150.16.D.10.91529921,0,REPLACEMENT,0.0,0.0,False,False,False,False,2026-09-16 12:12:47+00:00,2026-09-16 12:12:54.690496+00:00
20260916,-5978113767534294052,7417687110002263833,N420.812.150.16.D.10.91529921,0,REPLACEMENT,0.0,0.0,False,False,False,False,2026-09-16 12:12:47+00:00,2026-09-16 12:12:54.690496+00:00
20260916,-5978113767534294052,-7869306847512253556,N420.812.150.16.D.10.91529921,0,REPLACEMENT,0.0,0.0,False,False,False,False,2026-09-16 12:12:47+00:00,2026-09-16 12:12:54.690496+00:00
20260916,-5978113767534294052,-3558309048562273742,N420.812.150.16.D.10.91529921,0,REPLACEMENT,0.0,0.0,False,False,False,False,2026-09-16 12:12:47+00:00,2026-09-16 12:12:54.690496+00:00
20260916,-5978113767534294052,8584642195855279907,N420.812.150.16.D.10.91529921,0,REPLACEMENT,0.0,0.0,False,False,False,False,2026-09-16 12:12:47+00:00,2026-09-16 12:12:54.690496+00:00
20260916,-5978113767534294052,-8572231973666337489,N420.812.150.16.D.10.91529921,0,REPLACEMENT,0.0,0.0,False,False,False,False,2026-09-16 12:12:47+00:00,2026-09-16 12:12:54.690496+00:00
20260916,-5978113767534294052,889366507356750691,N420.812.150.16.D.10.91529921,0,REPLACEMENT,0.0,0.0,False,False,False,False,2026-09-16 12:12:47+00:00,2026-09-16 12:12:54.690496+00:00
20260916,-5978113767534294052,1004717137441009558,N420.812.150.16.D.10.91529921,0,REPLACEMENT,0.0,0.0,False,False,False,False,2026-09-16 12:12:47+00:00,2026-09-16 12:12:54.690496+00:00
20260916,-5978113767534294052,-7166795903562635097,N420.812.150.16.D.10.91529921,0,REPLACEMENT,0.0,0.0,False,False,False,False,2026-09-16 12:12:47+00:00,2026-09-16 12:12:54.690496+00:00
20260916,-5978113767534294052,3130055419211912873,N420.812.150.16.D.10.91529921,0,REPLACEMENT,0.0,0.0,False,False,False,False,2026-09-16 12:12:47+00:00,2026-09-16 12:12:54.690496+00:00
20260916,-5978113767534294052,8915202367786511296,N420.812.150.16.D.10.91529921,0,REPLACEMENT,0.0,0.0,False,False,False,False,2026-09-16 12:12:47+00:00,2026-09-16 12:12:54.690496+00:00
20260916,-5978113767534294052,-5788262129987764300,N420.812.150.16.D.10.91529921,0,REPLACEMENT,0.0,0.0,False,False,False,False,2026-09-16 12:12:47+00:00,2026-09-16 12:12:54.690496+00:00
20260916,-5978113767534294052,-4615844623113816953,N420.812.150.16.D.10.91529921,0,REPLACEMENT,0.0,0.0,False,False,False,False,2026-09-16 12:12:47+00:00,2026-09-16 12:12:54.690496+00:00
20260916,-5978113767534294052,-3598930975951158041,N420.812.150.16.D.10.91529921,0,REPLACEMENT,0.0,0.0,False,False,False,False,2026-09-16 12:12:47+00:00,2026-09-16 12:12:54.690496+00:00
20260916,-5978113767534294052,6108796178031686733,N420.812.150.16.D.10.91529921,0,REPLACEMENT,0.0,0.0,False,False,False,False,2026-09-16 12:12:47+00:00,2026-09-16 12:12:54.690496+00:00
20260916,-5978113767534294052,-576863512574985064,N420.812.150.16.D.10.91529921,0,REPLACEMENT,0.0,0.0,False,False,False,False,2026-09-16 12:12:47+00:00,2026-09-16 12:12:54.690496+00:00
20260916,-5978113767534294052,-7804721849683396481,N420.812.150.16.D.10.91529921,0,REPLACEMENT,0.0,0.0,False,False,False,False,2026-09-16 12:12:47+00:00,2026-09-16 12:12:54.690496+00:00
20260916,-5978113767534294052,-8380702314981354408,N420.812.150.16.D.10.91529921,0,REPLACEMENT,0.0,0.0,False,False,False,False,2026-09-16 12:12:47+00:00,2026-09-16 12:12:54.690496+00:00
20260916,-5978113767534294052,6977817391261009369,N420.812.150.16.D.10.91529921,0,REPLACEMENT,0.0,0.0,False,False,False,False,2026-09-16 12:12:47+00:00,2026-09-16 12:12:54.690496+00:00
20260916,-5978113767534294052,-3092232023325490759,N420.812.150.16.D.10.91529921,0,REPLACEMENT,0.0,0.0,False,False,False,False,2026-09-16 12:12:47+00:00,2026-09-16 12:12:54.690496+00:00
20260916,-5978113767534294052,-4442532456630702560,N420.812.150.16.D.10.91529921,0,REPLACEMENT,0.0,0.0,False,False,False,False,2026-09-16 12:12:47+00:00,2026-09-16 12:12:54.690496+00:00
20260916,-5978113767534294052,-4325723758676276721,N420.812.150.16.D.10.91529921,0,REPLACEMENT,0.0,0.0,False,False,False,False,2026-09-16 12:12:47+00:00,2026-09-16 12:12:54.690496+00:00
20260916,-5978113767534294052,7388059054280827874,N420.812.150.16.D.10.91529921,0,REPLACEMENT,0.0,0.0,False,False,False,False,2026-09-16 12:12:47+00:00,2026-09-16 12:12:54.690496+00:00
20260916,-5978113767534294052,-3149729460281711852,N420.812.150.16.D.10.91529921,0,REPLACEMENT,0.0,0.0,False,False,False,False,2026-09-16 12:12:47+00:00,2026-09-16 12:12:54.690496+00:00
20260916,-5978113767534294052,-6634203109316215018,N420.812.150.16.D.10.91529921,0,REPLACEMENT,0.0,0.0,False,False,False,False,2026-09-16 12:12:47+00:00,2026-09-16 12:12:54.690496+00:00
20260916,-5978113767534294052,5391668411992063355,N420.812.150.16.D.10.91529921,0,REPLACEMENT,0.0,0.0,False,False,False,False,2026-09-16 12:12:47+00:00,2026-09-16 12:12:54.690496+00:00
20260916,-5978113767534294052,-4188665324499107382,N420.812.150.16.D.10.91529921,0,REPLACEMENT,0.0,0.0,False,False,False,False,2026-09-16 12:12:47+00:00,2026-09-16 12:12:54.690496+00:00
20260916,8355324188916703396,3508940945860787276,123W.812.150.24.A.8.91405259,0,SCHEDULED,0.0,0.0,False,False,False,False,2026-09-16 12:12:47+00:00,2026-09-16 12:12:54.690496+00:00
20260916,8355324188916703396,7536020881108338221,123W.812.150.24.A.8.91405259,0,SCHEDULED,0.0,0.0,False,False,False,False,2026-09-16 12:12:47+00:00,2026-09-16 12:12:54.690496+00:00
20260916,8355324188916703396,6202105477384046620,123W.812.150.24.A.8.91405259,0,SCHEDULED,0.0,0.0,False,False,False,False,2026-09-16 12:12:47+00:00,2026-09-16 12:12:54.690496+00:00
20260916,8355324188916703396,7770777499069084181,123W.812.150.24.A.8.91405259,0,SCHEDULED,0.0,0.0,False,False,False,False,2026-09-16 12:12:47+00:00,2026-09-16 12:12:54.690496+00:00
20260916,8355324188916703396,-2180087523068539759,123W.812.150.24.A.8.91405259,0,SCHEDULED,0.0,0.0,False,False,False,False,2026-09-16 12:12:47+00:00,2026-09-16 12:12:54.690496+00:00
20260916,8502485376767781749,4504583558386924408,521X.812.150.16.A.8.91118584,0,SCHEDULED,0.0,0.0,False,False,False,False,2026-09-16 12:12:47+00:00,2026-09-16 12:12:54.690496+00:00
20260916,8502485376767781749,6144510546960053992,521X.812.150.16.A.8.91118584,0,SCHEDULED,0.0,0.0,False,False,False,False,2026-09-16 12:12:47+00:00,2026-09-16 12:12:54.690496+00:00
20260916,8502485376767781749,7320276821397553074,521X.812.150.16.A.8.91118584,0,SCHEDULED,0.0,0.0,False,False,False,False,2026-09-16 12:12:47+00:00,2026-09-16 12:12:54.690496+00:00
20260916,8502485376767781749,3021749488204407522,521X.812.150.16.A.8.91118584,0,SCHEDULED,0.0,0.0,False,False,False,False,2026-09-16 12:12:47+00:00,2026-09-16 12:12:54.690496+00:00
20260916,8502485376767781749,-4576123028587082005,521X.812.150.16.A.8.91118584,0,SCHEDULED,0.0,0.0,False,False,False,False,2026-09-16 12:12:47+00:00,2026-09-16 12:12:54.690496+00:00
20260916,8502485376767781749,-808579414804246178,521X.812.150.16.A.8.91118584,0,SCHEDULED,0.0,0.0,False,False,False,False,2026-09-16 12:12:47+00:00,2026-09-16 12:12:54.690496+00:00
20260916,8502485376767781749,3049257458088550411,521X.812.150.16.A.8.91118584,0,SCHEDULED,0.0,0.0,False,False,False,False,2026-09-16 12:12:47+00:00,2026-09-16 12:12:54.690496+00:00
20260916,8502485376767781749,4585453984912163241,521X.812.150.16.A.8.91118584,0,SCHEDULED,0.0,0.0,False,False,False,False,2026-09-16 12:12:47+00:00,2026-09-16 12:12:54.690496+00:00
20260916,8502485376767781749,7361061893891384773,521X.812.150.16.A.8.91118584,0,SCHEDULED,0.0,0.0,False,False,False,False,2026-09-16 12:12:47+00:00,2026-09-16 12:12:54.690496+00:00
20260916,8502485376767781749,-8544276869249746145,521X.812.150.16.A.8.91118584,0,SCHEDULED,0.0,0.0,False,False,False,False,2026-09-16 12:12:47+00:00,2026-09-16 12:12:54.690496+00:00
20260916,8502485376767781749,5681853388507028000,521X.812.150.16.A.8.91118584,0,SCHEDULED,0.0,0.0,False,False,False,False,2026-09-16 12:12:47+00:00,2026-09-16 12:12:54.690496+00:00
20260916,8502485376767781749,-5665473058949278717,521X.812.150.16.A.8.91118584,0,SCHEDULED,0.0,0.0,False,False,False,False,2026-09-16 12:12:47+00:00,2026-09-16 12:12:54.690496+00:00
20260916,8502485376767781749,-1697801584359906855,521X.812.150.16.A.8.91118584,0,SCHEDULED,0.0,0.0,False,False,False,False,2026-09-16 12:12:47+00:00,2026-09-16 12:12:54.690496+00:00
20260916,8502485376767781749,-7999753688402702230,521X.812.150.16.A.8.91118584,0,SCHEDULED,0.0,0.0,False,False,False,False,2026-09-16 12:12:47+00:00,2026-09-16 12:12:54.690496+00:00
20260916,8502485376767781749,-6462552768801244686,521X.812.150.16.A.8.91118584,0,SCHEDULED,89.0,0.0,False,False,False,False,2026-09-16 12:12:47+00:00,2026-09-16 12:12:54.690496+00:00
20260916,8502485376767781749,8314317151507989646,521X.812.150.16.A.8.91118584,0,SCHEDULED,0.0,0.0,False,False,False,False,2026-09-16 12:12:47+00:00,2026-09-16 12:12:54.690496+00:00
20260916,8502485376767781749,6123759492926742382,521X.812.150.16.A.8.91118584,0,SCHEDULED,0.0,0.0,False,False,False,False,2026-09-16 12:12:47+00:00,2026-09-16 12:12:54.690496+00:00
20260916,8502485376767781749,8399129992602133778,521X.812.150.16.A.8.91118584,0,SCHEDULED,0.0,0.0,False,False,False,False,2026-09-16 12:12:47+00:00,2026-09-16 12:12:54.690496+00:00
20260916,8502485376767781749,7316163471860210383,521X.812.150.16.A.8.91118584,0,SCHEDULED,0.0,0.0,False,False,False,False,2026-09-16 12:12:47+00:00,2026-09-16 12:12:54.690496+00:00
20260916,8502485376767781749,-6737094093781872594,521X.812.150.16.A.8.91118584,0,SCHEDULED,0.0,0.0,False,False,False,False,2026-09-16 12:12:47+00:00,2026-09-16 12:12:54.690496+00:00
20260916,8502485376767781749,3650749759417300563,521X.812.150.16.A.8.91118584,0,SCHEDULED,0.0,0.0,False,False,False,False,2026-09-16 12:12:47+00:00,2026-09-16 12:12:54.690496+00:00
20260916,8502485376767781749,-2578308089324484477,521X.812.150.16.A.8.91118584,0,SCHEDULED,0.0,0.0,False,False,False,False,2026-09-16 12:12:47+00:00,2026-09-16 12:12:54.690496+00:00
20260916,4366774083614345187,-970864714992148263,162S.812.150.16.A.8.91116420,0,REPLACEMENT,0.0,,False,False,False,False,2026-09-16 12:12:47+00:00,2026-09-16 12:12:54.690496+00:00
20260916,-1562489065343894865,-7153867206641337415,764J.812.150.16.A.8.91115605,0,SCHEDULED,0.0,0.0,False,False,False,False,2026-09-16 12:12:47+00:00,2026-09-16 12:12:54.690496+00:00
20260916,-1562489065343894865,-5009032479495747979,764J.812.150.16.A.8.91115605,0,SCHEDULED,0.0,0.0,False,False,False,False,2026-09-16 12:12:47+00:00,2026-09-16 12:12:54.690496+00:00
20260916,-1562489065343894865,7906477756664692617,764J.812.150.16.A.8.91115605,0,SCHEDULED,0.0,0.0,False,False,False,False,2026-09-16 12:12:47+00:00,2026-09-16 12:12:54.690496+00:00
20260916,-1562489065343894865,7025016748622994863,764J.812.150.16.A.8.91115605,0,SCHEDULED,0.0,0.0,False,False,False,False,2026-09-16 12:12:47+00:00,2026-09-16 12:12:54.690496+00:00
20260916,-1562489065343894865,8635166941213022922,764J.812.150.16.A.8.91115605,0,SCHEDULED,0.0,0.0,False,False,False,False,2026-09-16 12:12:47+00:00,2026-09-16 12:12:54.690496+00:00
20260916,-1562489065343894865,2077048829488502200,764J.812.150.16.A.8.91115605,0,SCHEDULED,0.0,0.0,False,False,False,False,2026-09-16 12:12:47+00:00,2026-09-16 12:12:54.690496+00:00
20260916,-1562489065343894865,4873211797596941675,764J.812.150.16.A.8.91115605,0,SCHEDULED,0.0,0.0,False,False,False,False,2026-09-16 12:12:47+00:00,2026-09-16 12:12:54.690496+00:00
20260916,8355324188916703396,3508940945860787276,156K.812.150.48.A.8.91728608,0,SCHEDULED,0.0,0.0,False,False,False,False,2026-09-16 12:12:47+00:00,2026-09-16 12:12:54.690496+00:00
20260916,8355324188916703396,4683999382729454313,156K.812.150.48.A.8.91728608,0,SCHEDULED,0.0,0.0,False,False,False,False,2026-09-16 12:12:47+00:00,2026-09-16 12:12:54.690496+00:00
20260916,8355324188916703396,4472726259178862105,156K.812.150.48.A.8.91728608,0,SCHEDULED,0.0,0.0,False,False,False,False,2026-09-16 12:12:47+00:00,2026-09-16 12:12:54.690496+00:00
20260916,8355324188916703396,7187578140246689664,156K.812.150.48.A.8.91728608,0,SCHEDULED,0.0,0.0,False,False,False,False,2026-09-16 12:12:47+00:00,2026-09-16 12:12:54.690496+00:00
20260916,8355324188916703396,-7120808365413477974,156K.812.150.48.A.8.91728608,0,SCHEDULED,0.0,0.0,False,False,False,False,2026-09-16 12:12:47+00:00,2026-09-16 12:12:54.690496+00:00
20260916,8355324188916703396,7164449179056806387,156K.812.150.48.A.8.91728608,0,SCHEDULED,0.0,0.0,False,False,False,False,2026-09-16 12:12:47+00:00,2026-09-16 12:12:54.690496+00:00
20260916,8355324188916703396,-9188848871294614877,156K.812.150.48.A.8.91728608,0,SCHEDULED,0.0,0.0,False,False,False,False,2026-09-16 12:12:47+00:00,2026-09-16 12:12:54.690496+00:00
20260916,8355324188916703396,2014667102838996453,156K.812.150.48.A.8.91728608,0,SCHEDULED,0.0,0.0,False,False,False,False,2026-09-16 12:12:47+00:00,2026-09-16 12:12:54.690496+00:00
20260916,8355324188916703396,-4373510304712658864,156K.812.150.48.A.8.91728608,0,SCHEDULED,0.0,0.0,False,False,False,False,2026-09-16 12:12:47+00:00,2026-09-16 12:12:54.690496+00:00
20260916,8355324188916703396,1167482730168436994,156K.812.150.48.A.8.91728608,0,SCHEDULED,0.0,0.0,False,False,False,False,2026-09-16 12:12:47+00:00,2026-09-16 12:12:54.690496+00:00
20260916,8355324188916703396,-2521707211368327806,156K.812.150.48.A.8.91728608,0,SCHEDULED,0.0,0.0,False,False,False,False,2026-09-16 12:12:47+00:00,2026-09-16 12:12:54.690496+00:00
20260916,8355324188916703396,-7610831748566492844,156K.812.150.48.A.8.91728608,0,SCHEDULED,0.0,0.0,False,False,False,False,2026-09-16 12:12:47+00:00,2026-09-16 12:12:54.690496+00:00
20260916,2213430644432283724,195996996370985595,322C.812.150.24.H.8.91115554,0,REPLACEMENT,0.0,0.0,False,False,False,False,2026-09-16 12:12:47+00:00,2026-09-16 12:12:54.690496+00:00
20260916,2213430644432283724,-6319264484958793723,322C.812.150.24.H.8.91115554,0,REPLACEMENT,0.0,0.0,False,False,False,False,2026-09-16 12:12:47+00:00,2026-09-16 12:12:54.690496+00:00
20260916,2213430644432283724,7441593026655814830,322C.812.150.24.H.8.91115554,0,REPLACEMENT,0.0,0.0,False,False,False,False,2026-09-16 12:12:47+00:00,2026-09-16 12:12:54.690496+00:00
20260916,2213430644432283724,-2222922355244971541,322C.812.150.24.H.8.91115554,0,REPLACEMENT,0.0,0.0,False,False,False,False,2026-09-16 12:12:47+00:00,2026-09-16 12:12:54.690496+00:00
20260916,2213430644432283724,4549896384088506662,322C.812.150.24.H.8.91115554,0,REPLACEMENT,0.0,0.0,False,False,False,False,2026-09-16 12:12:47+00:00,2026-09-16 12:12:54.690496+00:00
20260916,2213430644432283724,6795477399301955320,322C.812.150.24.H.8.91115554,0,REPLACEMENT,0.0,0.0,False,False,False,False,2026-09-16 12:12:47+00:00,2026-09-16 12:12:54.690496+00:00
20260916,2213430644432283724,-9175316127581631929,322C.812.150.24.H.8.91115554,0,REPLACEMENT,0.0,0.0,False,False,False,False,2026-09-16 12:12:47+00:00,2026-09-16 12:12:54.690496+00:00
20260916,2213430644432283724,-8878885375073503370,322C.812.150.24.H.8.91115554,0,REPLACEMENT,0.0,0.0,False,False,False,False,2026-09-16 12:12:47+00:00,2026-09-16 12:12:54.690496+00:00
20260916,2213430644432283724,-5408461935977997803,322C.812.150.24.H.8.91115554,0,REPLACEMENT,0.0,0.0,False,False,False,False,2026-09-16 12:12:47+00:00,2026-09-16 12:12:54.690496+00:00
20260916,2213430644432283724,5175978725872556493,322C.812.150.24.H.8.91115554,0,REPLACEMENT,0.0,0.0,False,False,False,False,2026-09-16 12:12:47+00:00,2026-09-16 12:12:54.690496+00:00
20260916,2213430644432283724,3913791622566525486,322C.812.150.24.H.8.91115554,0,REPLACEMENT,0.0,0.0,False,False,False,False,2026-09-16 12:12:47+00:00,2026-09-16 12:12:54.690496+00:00
20260916,2213430644432283724,-2284978945745930026,322C.812.150.24.H.8.91115554,0,REPLACEMENT,0.0,0.0,False,False,False,False,2026-09-16 12:12:47+00:00,2026-09-16 12:12:54.690496+00:00
20260916,2213430644432283724,-2745759758435915372,322C.812.150.24.H.8.91115554,0,REPLACEMENT,0.0,0.0,False,False,False,False,2026-09-16 12:12:47+00:00,2026-09-16 12:12:54.690496+00:00
20260916,2213430644432283724,1118792010526155384,322C.812.150.24.H.8.91115554,0,REPLACEMENT,0.0,0.0,False,False,False,False,2026-09-16 12:12:47+00:00,2026-09-16 12:12:54.690496+00:00
20260916,2213430644432283724,-4074390751750918352,322C.812.150.24.H.8.91115554,0,REPLACEMENT,0.0,0.0,False,False,False,False,2026-09-16 12:12:47+00:00,2026-09-16 12:12:54.690496+00:00
20260916,2213430644432283724,3357921396986408568,322C.812.150.24.H.8.91115554,0,REPLACEMENT,0.0,0.0,False,False,False,False,2026-09-16 12:12:47+00:00,2026-09-16 12:12:54.690496+00:00
20260916,2213430644432283724,-6283456432802951536,322C.812.150.24.H.8.91115554,0,REPLACEMENT,0.0,,False,False,False,False,2026-09-16 12:12:47+00:00,2026-09-16 12:12:54.690496+00:00
20260916,7087056493799616534,-6983979440588063716,621S.812.150.112.T.8.91114622,0,REPLACEMENT,0.0,,False,False,False,False,2026-09-16 12:12:47+00:00,2026-09-16 12:12:54.690496+00:00
20260916,7087056493799616534,-6009883719623835607,621S.812.150.112.T.8.91114622,0,REPLACEMENT,24.0,,False,False,False,False,2026-09-16 12:12:47+00:00,2026-09-16 12:12:54.690496+00:00
20260916,-8590447049958111075,-8676524930632608389,775M.812.149.8.A.8.91114348,0,SCHEDULED,0.0,0.0,False,False,True,False,2026-09-16 12:12:47+00:00,2026-09-16 12:12:54.690496+00:00
20260916,4366774083614345187,-4662342852169107525,145U.812.150.16.A.8.91118189,0,REPLACEMENT,0.0,,False,False,False,False,2026-09-16 12:12:47+00:00,2026-09-16 12:12:54.690496+00:00
20260916,7835924838457624329,8480872264950089100,SN37.812.150.56.N.2.91114530,0,SCHEDULED,58.0,58.0,False,False,False,False,2026-09-16 12:12:47+00:00,2026-09-16 12:12:54.690496+00:00
20260916,7835924838457624329,4267512304945807725,SN37.812.150.56.N.2.91114530,0,SCHEDULED,58.0,58.0,False,False,False,False,2026-09-16 12:12:47+00:00,2026-09-16 12:12:54.690496+00:00
20260916,7835924838457624329,-3449903928000400842,SN37.812.150.56.N.2.91114530,0,SCHEDULED,58.0,58.0,False,False,False,False,2026-09-16 12:12:47+00:00,2026-09-16 12:12:54.690496+00:00
20260916,7835924838457624329,6282046429495235662,SN37.812.150.56.N.2.91114530,0,SCHEDULED,58.0,58.0,False,False,False,False,2026-09-16 12:12:47+00:00,2026-09-16 12:12:54.690496+00:00
20260916,7835924838457624329,7344101488936075901,SN37.812.150.56.N.2.91114530,0,SCHEDULED,58.0,58.0,False,False,False,False,2026-09-16 12:12:47+00:00,2026-09-16 12:12:54.690496+00:00
20260916,7835924838457624329,3902356506063082889,SN37.812.150.56.N.2.91114530,0,SCHEDULED,58.0,58.0,False,False,False,False,2026-09-16 12:12:47+00:00,2026-09-16 12:12:54.690496+00:00
20260916,7835924838457624329,-6253830889052471909,SN37.812.150.56.N.2.91114530,0,SCHEDULED,58.0,58.0,False,False,False,False,2026-09-16 12:12:47+00:00,2026-09-16 12:12:54.690496+00:00
20260916,7835924838457624329,-6425801247087022956,SN37.812.150.56.N.2.91114530,0,SCHEDULED,58.0,58.0,False,False,False,False,2026-09-16 12:12:47+00:00,2026-09-16 12:12:54.690496+00:00
20260916,7835924838457624329,-2869275988912975447,SN37.812.150.56.N.2.91114530,0,SCHEDULED,58.0,58.0,False,False,False,False,2026-09-16 12:12:47+00:00,2026-09-16 12:12:54.690496+00:00
20260916,7835924838457624329,8312711558947007430,SN37.812.150.56.N.2.91114530,0,SCHEDULED,58.0,58.0,False,False,False,False,2026-09-16 12:12:47+00:00,2026-09-16 12:12:54.690496+00:00
20260916,7835924838457624329,5594090472067316080,SN37.812.150.56.N.2.91114530,0,SCHEDULED,58.0,0.0,False,False,False,False,2026-09-16 12:12:47+00:00,2026-09-16 12:12:54.690496+00:00
20260916,-4689984939195006273,3508940945860787276,204R.812.150.16.H.8.91118154,0,SCHEDULED,0.0,0.0,False,False,False,False,2026-09-16 12:12:47+00:00,2026-09-16 12:12:54.690496+00:00
20260916,-4689984939195006273,4683999382729454313,204R.812.150.16.H.8.91118154,0,SCHEDULED,0.0,0.0,False,False,False,False,2026-09-16 12:12:47+00:00,2026-09-16 12:12:54.690496+00:00
20260916,-4689984939195006273,1546226603274301800,204R.812.150.16.H.8.91118154,0,SCHEDULED,0.0,0.0,False,False,False,False,2026-09-16 12:12:47+00:00,2026-09-16 12:12:54.690496+00:00
20260916,-4689984939195006273,-8381759690622684572,204R.812.150.16.H.8.91118154,0,SCHEDULED,0.0,0.0,False,False,False,False,2026-09-16 12:12:47+00:00,2026-09-16 12:12:54.690496+00:00
20260916,-4689984939195006273,-2157835490320818299,204R.812.150.16.H.8.91118154,0,SCHEDULED,0.0,0.0,False,False,False,False,2026-09-16 12:12:47+00:00,2026-09-16 12:12:54.690496+00:00
20260916,-4689984939195006273,492133320578950194,204R.812.150.16.H.8.91118154,0,SCHEDULED,0.0,0.0,False,False,False,False,2026-09-16 12:12:47+00:00,2026-09-16 12:12:54.690496+00:00
20260916,-4689984939195006273,6960865287121943885,204R.812.150.16.H.8.91118154,0,SCHEDULED,0.0,0.0,False,False,False,False,2026-09-16 12:12:47+00:00,2026-09-16 12:12:54.690496+00:00
20260916,-4689984939195006273,7320276821397553074,204R.812.150.16.H.8.91118154,0,SCHEDULED,0.0,0.0,False,False,False,False,2026-09-16 12:12:47+00:00,2026-09-16 12:12:54.690496+00:00
20260916,-4689984939195006273,-4576123028587082005,204R.812.150.16.H.8.91118154,0,SCHEDULED,0.0,0.0,False,False,False,False,2026-09-16 12:12:47+00:00,2026-09-16 12:12:54.690496+00:00
20260916,-4689984939195006273,-6627378620640566393,204R.812.150.16.H.8.91118154,0,SCHEDULED,0.0,0.0,False,False,False,False,2026-09-16 12:12:47+00:00,2026-09-16 12:12:54.690496+00:00
20260916,-4689984939195006273,1206440550424753901,204R.812.150.16.H.8.91118154,0,SCHEDULED,0.0,0.0,False,False,False,False,2026-09-16 12:12:47+00:00,2026-09-16 12:12:54.690496+00:00
20260916,-4689984939195006273,-5510222690186109640,204R.812.150.16.H.8.91118154,0,SCHEDULED,0.0,0.0,False,False,False,False,2026-09-16 12:12:47+00:00,2026-09-16 12:12:54.690496+00:00
20260916,-4689984939195006273,-2125918043849023823,204R.812.150.16.H.8.91118154,0,SCHEDULED,0.0,0.0,False,False,False,False,2026-09-16 12:12:47+00:00,2026-09-16 12:12:54.690496+00:00
20260916,-4689984939195006273,-6607814288058595011,204R.812.150.16.H.8.91118154,0,SCHEDULED,0.0,0.0,False,False,False,False,2026-09-16 12:12:47+00:00,2026-09-16 12:12:54.690496+00:00
20260916,-4689984939195006273,-4662342852169107525,204R.812.150.16.H.8.91118154,0,SCHEDULED,0.0,0.0,False,False,False,False,2026-09-16 12:12:47+00:00,2026-09-16 12:12:54.690496+00:00
20260916,-4689984939195006273,-904133297077372003,204R.812.150.16.H.8.91118154,0,SCHEDULED,0.0,0.0,False,False,False,False,2026-09-16 12:12:47+00:00,2026-09-16 12:12:54.690496+00:00
20260916,-4689984939195006273,8926528296280516372,204R.812.150.16.H.8.91118154,0,SCHEDULED,0.0,0.0,False,False,False,False,2026-09-16 12:12:47+00:00,2026-09-16 12:12:54.690496+00:00
20260916,-4689984939195006273,-5570979485462827657,204R.812.150.16.H.8.91118154,0,SCHEDULED,0.0,0.0,False,False,False,False,2026-09-16 12:12:47+00:00,2026-09-16 12:12:54.690496+00:00
20260916,-4689984939195006273,6952433621366055465,204R.812.150.16.H.8.91118154,0,SCHEDULED,0.0,0.0,False,False,False,False,2026-09-16 12:12:47+00:00,2026-09-16 12:12:54.690496+00:00
20260916,2213430644432283724,195996996370985595,627E.812.150.16.T.8.91115121,0,REPLACEMENT,0.0,0.0,False,False,False,False,2026-09-16 12:12:47+00:00,2026-09-16 12:12:54.690496+00:00
20260916,2213430644432283724,-6319264484958793723,627E.812.150.16.T.8.91115121,0,REPLACEMENT,0.0,0.0,False,False,False,False,2026-09-16 12:12:47+00:00,2026-09-16 12:12:54.690496+00:00
20260916,2213430644432283724,7441593026655814830,627E.812.150.16.T.8.91115121,0,REPLACEMENT,0.0,0.0,False,False,False,False,2026-09-16 12:12:47+00:00,2026-09-16 12:12:54.690496+00:00
20260916,2213430644432283724,-2222922355244971541,627E.812.150.16.T.8.91115121,0,REPLACEMENT,0.0,0.0,False,False,False,False,2026-09-16 12:12:47+00:00,2026-09-16 12:12:54.690496+00:00
20260916,2213430644432283724,4549896384088506662,627E.812.150.16.T.8.91115121,0,REPLACEMENT,0.0,0.0,False,False,False,False,2026-09-16 12:12:47+00:00,2026-09-16 12:12:54.690496+00:00
20260916,2213430644432283724,7298766431076032142,627E.812.150.16.T.8.91115121,0,REPLACEMENT,0.0,0.0,False,False,False,False,2026-09-16 12:12:47+00:00,2026-09-16 12:12:54.690496+00:00
20260916,2213430644432283724,-9175316127581631929,627E.812.150.16.T.8.91115121,0,REPLACEMENT,0.0,0.0,False,False,False,False,2026-09-16 12:12:47+00:00,2026-09-16 12:12:54.690496+00:00
20260916,2213430644432283724,-8878885375073503370,627E.812.150.16.T.8.91115121,0,REPLACEMENT,0.0,0.0,False,False,False,False,2026-09-16 12:12:47+00:00,2026-09-16 12:12:54.690496+00:00
20260916,2213430644432283724,-5408461935977997803,627E.812.150.16.T.8.91115121,0,REPLACEMENT,0.0,0.0,False,False,False,False,2026-09-16 12:12:47+00:00,2026-09-16 12:12:54.690496+00:00
20260916,2213430644432283724,5175978725872556493,627E.812.150.16.T.8.91115121,0,REPLACEMENT,0.0,0.0,False,False,False,False,2026-09-16 12:12:47+00:00,2026-09-16 12:12:54.690496+00:00
20260916,2213430644432283724,3913791622566525486,627E.812.150.16.T.8.91115121,0,REPLACEMENT,0.0,0.0,False,False,False,False,2026-09-16 12:12:47+00:00,2026-09-16 12:12:54.690496+00:00
20260916,2213430644432283724,-2284978945745930026,627E.812.150.16.T.8.91115121,0,REPLACEMENT,0.0,0.0,False,False,False,False,2026-09-16 12:12:47+00:00,2026-09-16 12:12:54.690496+00:00
20260916,2213430644432283724,-2745759758435915372,627E.812.150.16.T.8.91115121,0,REPLACEMENT,0.0,0.0,False,False,False,False,2026-09-16 12:12:47+00:00,2026-09-16 12:12:54.690496+00:00
20260916,2213430644432283724,1118792010526155384,627E.812.150.16.T.8.91115121,0,REPLACEMENT,0.0,0.0,False,False,False,False,2026-09-16 12:12:47+00:00,2026-09-16 12:12:54.690496+00:00
20260916,2213430644432283724,-4074390751750918352,627E.812.150.16.T.8.91115121,0,REPLACEMENT,0.0,0.0,False,False,False,False,2026-09-16 12:12:47+00:00,2026-09-16 12:12:54.690496+00:00
20260916,2213430644432283724,3357921396986408568,627E.812.150.16.T.8.91115121,0,REPLACEMENT,0.0,0.0,False,False,False,False,2026-09-16 12:12:47+00:00,2026-09-16 12:12:54.690496+00:00
20260916,2213430644432283724,-3480679976160724994,627E.812.150.16.T.8.91115121,0,REPLACEMENT,0.0,,False,False,False,False,2026-09-16 12:12:47+00:00,2026-09-16 12:12:54.690496+00:00
20260916,8283204442033751644,-1906114871667065914,205W.812.150.48.H.8.91728712,0,REPLACEMENT,0.0,0.0,False,False,False,False,2026-09-16 12:12:47+00:00,2026-09-16 12:12:54.690496+00:00
20260916,8283204442033751644,-8042109189266427146,205W.812.150.48.H.8.91728712,0,REPLACEMENT,0.0,0.0,False,False,False,False,2026-09-16 12:12:47+00:00,2026-09-16 12:12:54.690496+00:00
20260916,8283204442033751644,-6817342502955226366,205W.812.150.48.H.8.91728712,0,REPLACEMENT,0.0,0.0,False,False,False,False,2026-09-16 12:12:47+00:00,2026-09-16 12:12:54.690496+00:00
20260916,8283204442033751644,-8109062943416768923,205W.812.150.48.H.8.91728712,0,REPLACEMENT,0.0,,False,False,False,False,2026-09-16 12:12:47+00:00,2026-09-16 12:12:54.690496+00:00
20260916,8283204442033751644,5910429933619948288,205W.812.150.48.H.8.91728712,0,REPLACEMENT,0.0,0.0,False,False,False,False,2026-09-16 12:12:47+00:00,2026-09-16 12:12:54.690496+00:00
20260916,8283204442033751644,6293317781789769049,205W.812.150.48.H.8.91728712,0,REPLACEMENT,0.0,0.0,False,False,False,False,2026-09-16 12:12:47+00:00,2026-09-16 12:12:54.690496+00:00
20260916,8283204442033751644,-504663660726119441,205W.812.150.48.H.8.91728712,0,REPLACEMENT,0.0,0.0,False,False,False,False,2026-09-16 12:12:47+00:00,2026-09-16 12:12:54.690496+00:00
20260916,8283204442033751644,-5490767611701501781,205W.812.150.48.H.8.91728712,0,REPLACEMENT,0.0,0.0,False,False,False,False,2026-09-16 12:12:47+00:00,2026-09-16 12:12:54.690496+00:00
20260916,8283204442033751644,-7067462509829325937,205W.812.150.48.H.8.91728712,0,REPLACEMENT,0.0,0.0,False,False,False,False,2026-09-16 12:12:47+00:00,2026-09-16 12:12:54.690496+00:00
20260916,8283204442033751644,-1159576259008233442,205W.812.150.48.H.8.91728712,0,REPLACEMENT,0.0,0.0,False,False,False,False,2026-09-16 12:12:47+00:00,2026-09-16 12:12:54.690496+00:00
20260916,8283204442033751644,1249086895157883493,205W.812.150.48.H.8.91728712,0,REPLACEMENT,0.0,0.0,False,False,False,False,2026-09-16 12:12:47+00:00,2026-09-16 12:12:54.690496+00:00
20260916,8283204442033751644,-7066026016142092038,205W.812.150.48.H.8.91728712,0,REPLACEMENT,0.0,0.0,False,False,False,False,2026-09-16 12:12:47+00:00,2026-09-16 12:12:54.690496+00:00
20260916,8283204442033751644,-2244068803689482245,205W.812.150.48.H.8.91728712,0,REPLACEMENT,0.0,0.0,False,False,False,False,2026-09-16 12:12:47+00:00,2026-09-16 12:12:54.690496+00:00
20260916,8283204442033751644,3467698014067900630,205W.812.150.48.H.8.91728712,0,REPLACEMENT,0.0,0.0,False,False,False,False,2026-09-16 12:12:47+00:00,2026-09-16 12:12:54.690496+00:00
20260916,8283204442033751644,1171768796122015062,205W.812.150.48.H.8.91728712,0,REPLACEMENT,0.0,0.0,False,False,False,False,2026-09-16 12:12:47+00:00,2026-09-16 12:12:54.690496+00:00
20260916,8283204442033751644,6712238427155524772,205W.812.150.48.H.8.91728712,0,REPLACEMENT,0.0,0.0,False,False,False,False,2026-09-16 12:12:47+00:00,2026-09-16 12:12:54.690496+00:00
20260916,8283204442033751644,-3661915164080710936,205W.812.150.48.H.8.91728712,0,REPLACEMENT,0.0,0.0,False,False,False,False,2026-09-16 12:12:47+00:00,2026-09-16 12:12:54.690496+00:00
20260916,8283204442033751644,4232244489046419403,205W.812.150.48.H.8.91728712,0,REPLACEMENT,0.0,0.0,False,False,False,False,2026-09-16 12:12:47+00:00,2026-09-16 12:12:54.690496+00:00
20260916,2213430644432283724,195996996370985595,612V.812.150.60.T.8.91115594,0,REPLACEMENT,0.0,0.0,False,False,False,False,2026-09-16 12:12:47+00:00,2026-09-16 12:12:54.690496+00:00
20260916,2213430644432283724,-6319264484958793723,612V.812.150.60.T.8.91115594,0,REPLACEMENT,0.0,0.0,False,False,False,False,2026-09-16 12:12:47+00:00,2026-09-16 12:12:54.690496+00:00
20260916,2213430644432283724,7441593026655814830,612V.812.150.60.T.8.91115594,0,REPLACEMENT,0.0,0.0,False,False,False,False,2026-09-16 12:12:47+00:00,2026-09-16 12:12:54.690496+00:00
20260916,2213430644432283724,-2222922355244971541,612V.812.150.60.T.8.91115594,0,REPLACEMENT,0.0,0.0,False,False,False,False,2026-09-16 12:12:47+00:00,2026-09-16 12:12:54.690496+00:00
20260916,2213430644432283724,4549896384088506662,612V.812.150.60.T.8.91115594,0,REPLACEMENT,0.0,0.0,False,False,False,False,2026-09-16 12:12:47+00:00,2026-09-16 12:12:54.690496+00:00
20260916,2213430644432283724,6795477399301955320,612V.812.150.60.T.8.91115594,0,REPLACEMENT,0.0,0.0,False,False,False,False,2026-09-16 12:12:47+00:00,2026-09-16 12:12:54.690496+00:00
20260916,2213430644432283724,-9175316127581631929,612V.812.150.60.T.8.91115594,0,REPLACEMENT,0.0,0.0,False,False,False,False,2026-09-16 12:12:47+00:00,2026-09-16 12:12:54.690496+00:00
20260916,2213430644432283724,-8878885375073503370,612V.812.150.60.T.8.91115594,0,REPLACEMENT,0.0,0.0,False,False,False,False,2026-09-16 12:12:47+00:00,2026-09-16 12:12:54.690496+00:00
20260916,2213430644432283724,-5408461935977997803,612V.812.150.60.T.8.91115594,0,REPLACEMENT,0.0,0.0,False,False,False,False,2026-09-16 12:12:47+00:00,2026-09-16 12:12:54.690496+00:00
20260916,2213430644432283724,5175978725872556493,612V.812.150.60.T.8.91115594,0,REPLACEMENT,0.0,0.0,False,False,False,False,2026-09-16 12:12:47+00:00,2026-09-16 12:12:54.690496+00:00
20260916,2213430644432283724,2400575194895508650,612V.812.150.60.T.8.91115594,0,REPLACEMENT,0.0,0.0,False,False,False,False,2026-09-16 12:12:47+00:00,2026-09-16 12:12:54.690496+00:00
20260916,2213430644432283724,-5027013652357604356,612V.812.150.60.T.8.91115594,0,REPLACEMENT,0.0,0.0,False,False,False,False,2026-09-16 12:12:47+00:00,2026-09-16 12:12:54.690496+00:00
20260916,2213430644432283724,-3921659768394918962,612V.812.150.60.T.8.91115594,0,REPLACEMENT,0.0,0.0,False,False,False,False,2026-09-16 12:12:47+00:00,2026-09-16 12:12:54.690496+00:00
20260916,2213430644432283724,6260316331497457735,612V.812.150.60.T.8.91115594,0,REPLACEMENT,0.0,0.0,False,False,False,False,2026-09-16 12:12:47+00:00,2026-09-16 12:12:54.690496+00:00
20260916,2213430644432283724,4677734749154617412,612V.812.150.60.T.8.91115594,0,REPLACEMENT,0.0,0.0,False,False,False,False,2026-09-16 12:12:47+00:00,2026-09-16 12:12:54.690496+00:00
20260916,2213430644432283724,-7110789718912403642,612V.812.150.60.T.8.91115594,0,REPLACEMENT,0.0,0.0,False,False,False,False,2026-09-16 12:12:47+00:00,2026-09-16 12:12:54.690496+00:00
20260916,2213430644432283724,1378952111334263434,612V.812.150.60.T.8.91115594,0,REPLACEMENT,0.0,,False,False,False,False,2026-09-16 12:12:47+00:00,2026-09-16 12:12:54.690496+00:00
20260916,-3865546843487294607,3687435592522817353,L2EH.812.150.60.M.4.91549842,0,SCHEDULED,20.0,0.0,False,False,False,False,2026-09-16 12:12:47+00:00,2026-09-16 12:12:54.690496+00:00
20260916,6046529738798421338,2806071604690634855,73BN.812.149.8.M.4.91490189,0,SCHEDULED,92.0,0.0,False,False,True,False,2026-09-16 12:12:47+00:00,2026-09-16 12:12:54.690496+00:00
20260916,4202176109787108346,-8224173642638510748,C797.812.150.48.D.4.91726192,0,SCHEDULED,1046.0,0.0,True,False,False,False,2026-09-16 12:12:47+00:00,2026-09-16 12:12:54.690496+00:00
20260916,4202176109787108346,4759039001359939455,C797.812.150.48.D.4.91726192,0,SCHEDULED,0.0,0.0,False,False,False,False,2026-09-16 12:12:47+00:00,2026-09-16 12:12:54.690496+00:00
20260916,4202176109787108346,5175978725872556493,C797.812.150.48.D.4.91726192,0,SCHEDULED,0.0,0.0,False,False,False,False,2026-09-16 12:12:47+00:00,2026-09-16 12:12:54.690496+00:00
20260916,4202176109787108346,-5207432050937040547,C797.812.150.48.D.4.91726192,0,SCHEDULED,0.0,0.0,False,False,False,False,2026-09-16 12:12:47+00:00,2026-09-16 12:12:54.690496+00:00
20260916,4202176109787108346,-7252741680206314177,C797.812.150.48.D.4.91726192,0,SCHEDULED,0.0,0.0,False,False,False,False,2026-09-16 12:12:47+00:00,2026-09-16 12:12:54.690496+00:00
20260916,4202176109787108346,103000179220261358,C797.812.150.48.D.4.91726192,0,SCHEDULED,0.0,0.0,False,False,False,False,2026-09-16 12:12:47+00:00,2026-09-16 12:12:54.690496+00:00
20260916,4202176109787108346,-2237549891709921557,C797.812.150.48.D.4.91726192,0,SCHEDULED,0.0,0.0,False,False,False,False,2026-09-16 12:12:47+00:00,2026-09-16 12:12:54.690496+00:00
20260916,4202176109787108346,5235941531362629401,C797.812.150.48.D.4.91726192,0,SCHEDULED,0.0,0.0,False,False,False,False,2026-09-16 12:12:47+00:00,2026-09-16 12:12:54.690496+00:00
20260916,4202176109787108346,-6489654447956971570,C797.812.150.48.D.4.91726192,0,SCHEDULED,0.0,0.0,False,False,False,False,2026-09-16 12:12:47+00:00,2026-09-16 12:12:54.690496+00:00
20260916,4202176109787108346,-6957614401158036483,C797.812.150.48.D.4.91726192,0,SCHEDULED,0.0,0.0,False,False,False,False,2026-09-16 12:12:47+00:00,2026-09-16 12:12:54.690496+00:00
20260916,4202176109787108346,2512705171789316978,C797.812.150.48.D.4.91726192,0,SCHEDULED,0.0,0.0,False,False,False,False,2026-09-16 12:12:47+00:00,2026-09-16 12:12:54.690496+00:00
20260916,4202176109787108346,3494105156940744729,C797.812.150.48.D.4.91726192,0,SCHEDULED,0.0,0.0,False,False,False,False,2026-09-16 12:12:47+00:00,2026-09-16 12:12:54.690496+00:00
20260916,4202176109787108346,3820482148989844021,C797.812.150.48.D.4.91726192,0,SCHEDULED,0.0,0.0,False,False,False,False,2026-09-16 12:12:47+00:00,2026-09-16 12:12:54.690496+00:00
20260916,4202176109787108346,-3511889679239990422,C797.812.150.48.D.4.91726192,0,SCHEDULED,0.0,0.0,False,False,False,False,2026-09-16 12:12:47+00:00,2026-09-16 12:12:54.690496+00:00
20260916,4202176109787108346,-3594825175136695073,C797.812.150.48.D.4.91726192,0,SCHEDULED,0.0,0.0,False,False,False,False,2026-09-16 12:12:47+00:00,2026-09-16 12:12:54.690496+00:00
20260916,4202176109787108346,-3136251228103413272,C797.812.150.48.D.4.91726192,0,SCHEDULED,0.0,0.0,False,False,False,False,2026-09-16 12:12:47+00:00,2026-09-16 12:12:54.690496+00:00
20260916,4202176109787108346,7883039023634258668,C797.812.150.48.D.4.91726192,0,SCHEDULED,0.0,0.0,False,False,False,False,2026-09-16 12:12:47+00:00,2026-09-16 12:12:54.690496+00:00
20260916,4202176109787108346,3569573201056283940,C797.812.150.48.D.4.91726192,0,SCHEDULED,0.0,0.0,False,False,False,False,2026-09-16 12:12:47+00:00,2026-09-16 12:12:54.690496+00:00
20260916,4202176109787108346,6693734793650583897,C797.812.150.48.D.4.91726192,0,SCHEDULED,0.0,0.0,False,False,False,False,2026-09-16 12:12:47+00:00,2026-09-16 12:12:54.690496+00:00
20260916,4202176109787108346,-8690273198388294068,C797.812.150.48.D.4.91726192,0,SCHEDULED,0.0,0.0,False,False,False,False,2026-09-16 12:12:47+00:00,2026-09-16 12:12:54.690496+00:00
20260916,4202176109787108346,-4476067195020086168,C797.812.150.48.D.4.91726192,0,SCHEDULED,0.0,0.0,False,False,False,False,2026-09-16 12:12:47+00:00,2026-09-16 12:12:54.690496+00:00
20260916,4202176109787108346,1118560694099315929,C797.812.150.48.D.4.91726192,0,SCHEDULED,0.0,0.0,False,False,False,False,2026-09-16 12:12:47+00:00,2026-09-16 12:12:54.690496+00:00
20260916,4202176109787108346,2640178580055445606,C797.812.150.48.D.4.91726192,0,SCHEDULED,0.0,0.0,False,False,False,False,2026-09-16 12:12:47+00:00,2026-09-16 12:12:54.690496+00:00
20260916,4202176109787108346,6896529127051888212,C797.812.150.48.D.4.91726192,0,SCHEDULED,0.0,0.0,False,False,False,False,2026-09-16 12:12:47+00:00,2026-09-16 12:12:54.690496+00:00
20260916,4202176109787108346,7803828394838746513,C797.812.150.48.D.4.91726192,0,SCHEDULED,0.0,0.0,False,False,False,False,2026-09-16 12:12:47+00:00,2026-09-16 12:12:54.690496+00:00
20260916,4202176109787108346,-7364633119503500562,C797.812.150.48.D.4.91726192,0,SCHEDULED,0.0,0.0,False,False,False,False,2026-09-16 12:12:47+00:00,2026-09-16 12:12:54.690496+00:00
20260916,4202176109787108346,-7315400607259613426,C797.812.150.48.D.4.91726192,0,SCHEDULED,0.0,0.0,False,False,False,False,2026-09-16 12:12:47+00:00,2026-09-16 12:12:54.690496+00:00
20260916,4202176109787108346,1277584948389827009,C797.812.150.48.D.4.91726192,0,SCHEDULED,0.0,0.0,False,False,False,False,2026-09-16 12:12:47+00:00,2026-09-16 12:12:54.690496+00:00
20260916,4202176109787108346,1065549735589304250,C797.812.150.48.D.4.91726192,0,SCHEDULED,0.0,0.0,False,False,False,False,2026-09-16 12:12:47+00:00,2026-09-16 12:12:54.690496+00:00
20260916,4202176109787108346,8206255193434804528,C797.812.150.48.D.4.91726192,0,SCHEDULED,0.0,0.0,False,False,False,False,2026-09-16 12:12:47+00:00,2026-09-16 12:12:54.690496+00:00
20260916,4202176109787108346,-8588484290905149023,C797.812.150.48.D.4.91726192,0,SCHEDULED,0.0,0.0,False,False,False,False,2026-09-16 12:12:47+00:00,2026-09-16 12:12:54.690496+00:00
20260916,4202176109787108346,-3709647459970693127,C797.812.150.48.D.4.91726192,0,SCHEDULED,0.0,0.0,False,False,False,False,2026-09-16 12:12:47+00:00,2026-09-16 12:12:54.690496+00:00
20260916,4366774083614345187,8446654175270410506,104B.812.150.124.T.8.91115751,0,REPLACEMENT,0.0,,False,False,False,False,2026-09-16 12:12:47+00:00,2026-09-16 12:12:54.690496+00:00
20260916,6965782384900562698,-1906114871667065914,152T.812.150.16.A.8.91118245,0,SCHEDULED,0.0,0.0,False,False,False,False,2026-09-16 12:12:47+00:00,2026-09-16 12:12:54.690496+00:00
20260916,6965782384900562698,-8903371073604344195,152T.812.150.16.A.8.91118245,0,SCHEDULED,0.0,0.0,False,False,False,False,2026-09-16 12:12:47+00:00,2026-09-16 12:12:54.690496+00:00
20260916,1644696160033301445,-8412866568763436982,522N.812.150.48.B.8.91119198,0,SCHEDULED,0.0,0.0,False,False,False,False,2026-09-16 12:12:47+00:00,2026-09-16 12:12:54.690496+00:00
20260916,1644696160033301445,-3811020202878694750,522N.812.150.48.B.8.91119198,0,SCHEDULED,0.0,0.0,False,False,False,False,2026-09-16 12:12:47+00:00,2026-09-16 12:12:54.690496+00:00
20260916,1644696160033301445,4095639415924901295,522N.812.150.48.B.8.91119198,0,SCHEDULED,0.0,0.0,False,False,False,False,2026-09-16 12:12:47+00:00,2026-09-16 12:12:54.690496+00:00
20260916,1644696160033301445,6281320006181619112,522N.812.150.48.B.8.91119198,0,SCHEDULED,0.0,0.0,False,False,False,False,2026-09-16 12:12:47+00:00,2026-09-16 12:12:54.690496+00:00
20260916,1644696160033301445,2332380944889390961,522N.812.150.48.B.8.91119198,0,SCHEDULED,0.0,0.0,False,False,False,False,2026-09-16 12:12:47+00:00,2026-09-16 12:12:54.690496+00:00
20260916,1644696160033301445,3330540505824425781,522N.812.150.48.B.8.91119198,0,SCHEDULED,0.0,0.0,False,False,False,False,2026-09-16 12:12:47+00:00,2026-09-16 12:12:54.690496+00:00
20260916,1644696160033301445,-4415371273764806397,522N.812.150.48.B.8.91119198,0,SCHEDULED,0.0,0.0,False,False,False,False,2026-09-16 12:12:47+00:00,2026-09-16 12:12:54.690496+00:00
20260916,1644696160033301445,-7999753688402702230,522N.812.150.48.B.8.91119198,0,SCHEDULED,0.0,0.0,False,False,False,False,2026-09-16 12:12:47+00:00,2026-09-16 12:12:54.690496+00:00
20260916,1644696160033301445,-6462552768801244686,522N.812.150.48.B.8.91119198,0,SCHEDULED,0.0,0.0,False,False,False,False,2026-09-16 12:12:47+00:00,2026-09-16 12:12:54.690496+00:00
20260916,1644696160033301445,-2518414565497035845,522N.812.150.48.B.8.91119198,0,SCHEDULED,0.0,0.0,False,False,False,False,2026-09-16 12:12:47+00:00,2026-09-16 12:12:54.690496+00:00
20260916,1644696160033301445,-4522369044190200017,522N.812.150.48.B.8.91119198,0,SCHEDULED,0.0,0.0,False,False,False,False,2026-09-16 12:12:47+00:00,2026-09-16 12:12:54.690496+00:00
20260916,1644696160033301445,8399129992602133778,522N.812.150.48.B.8.91119198,0,SCHEDULED,0.0,0.0,False,False,False,False,2026-09-16 12:12:47+00:00,2026-09-16 12:12:54.690496+00:00
20260916,1644696160033301445,-5016389798023391157,522N.812.150.48.B.8.91119198,0,SCHEDULED,0.0,0.0,False,False,False,False,2026-09-16 12:12:47+00:00,2026-09-16 12:12:54.690496+00:00
20260916,1644696160033301445,-7727426948540168293,522N.812.150.48.B.8.91119198,0,SCHEDULED,0.0,0.0,False,False,False,False,2026-09-16 12:12:47+00:00,2026-09-16 12:12:54.690496+00:00
20260916,1644696160033301445,-6187634482440254843,522N.812.150.48.B.8.91119198,0,SCHEDULED,0.0,0.0,False,False,False,False,2026-09-16 12:12:47+00:00,2026-09-16 12:12:54.690496+00:00
20260916,1644696160033301445,-2578308089324484477,522N.812.150.48.B.8.91119198,0,SCHEDULED,0.0,0.0,False,False,False,False,2026-09-16 12:12:47+00:00,2026-09-16 12:12:54.690496+00:00
20260916,4366774083614345187,-2090049041071879965,Y414.812.149.8.D.10.91715114,0,SCHEDULED,0.0,0.0,False,False,True,False,2026-09-16 12:12:47+00:00,2026-09-16 12:12:54.690496+00:00
20260916,4202176109787108346,-2771100076130190385,C895.812.150.24.D.8.91116224,0,SCHEDULED,47.0,0.0,False,False,False,False,2026-09-16 12:12:47+00:00,2026-09-16 12:12:54.690496+00:00
20260916,4202176109787108346,4759039001359939455,C895.812.150.24.D.8.91116224,0,SCHEDULED,0.0,0.0,False,False,False,False,2026-09-16 12:12:47+00:00,2026-09-16 12:12:54.690496+00:00
20260916,4202176109787108346,5175978725872556493,C895.812.150.24.D.8.91116224,0,SCHEDULED,0.0,0.0,False,False,False,False,2026-09-16 12:12:47+00:00,2026-09-16 12:12:54.690496+00:00
20260916,4202176109787108346,-5207432050937040547,C895.812.150.24.D.8.91116224,0,SCHEDULED,0.0,0.0,False,False,False,False,2026-09-16 12:12:47+00:00,2026-09-16 12:12:54.690496+00:00
20260916,4202176109787108346,-7252741680206314177,C895.812.150.24.D.8.91116224,0,SCHEDULED,0.0,0.0,False,False,False,False,2026-09-16 12:12:47+00:00,2026-09-16 12:12:54.690496+00:00
20260916,4202176109787108346,-2237549891709921557,C895.812.150.24.D.8.91116224,0,SCHEDULED,0.0,0.0,False,False,False,False,2026-09-16 12:12:47+00:00,2026-09-16 12:12:54.690496+00:00
20260916,4202176109787108346,5235941531362629401,C895.812.150.24.D.8.91116224,0,SCHEDULED,0.0,0.0,False,False,False,False,2026-09-16 12:12:47+00:00,2026-09-16 12:12:54.690496+00:00
20260916,4202176109787108346,-6489654447956971570,C895.812.150.24.D.8.91116224,0,SCHEDULED,0.0,0.0,False,False,False,False,2026-09-16 12:12:47+00:00,2026-09-16 12:12:54.690496+00:00
20260916,4202176109787108346,2512705171789316978,C895.812.150.24.D.8.91116224,0,SCHEDULED,0.0,0.0,False,False,False,False,2026-09-16 12:12:47+00:00,2026-09-16 12:12:54.690496+00:00
20260916,4202176109787108346,7883039023634258668,C895.812.150.24.D.8.91116224,0,SCHEDULED,0.0,0.0,False,False,False,False,2026-09-16 12:12:47+00:00,2026-09-16 12:12:54.690496+00:00
20260916,4202176109787108346,7803828394838746513,C895.812.150.24.D.8.91116224,0,SCHEDULED,0.0,0.0,False,False,False,False,2026-09-16 12:12:47+00:00,2026-09-16 12:12:54.690496+00:00
20260916,4202176109787108346,-7364633119503500562,C895.812.150.24.D.8.91116224,0,SCHEDULED,0.0,0.0,False,False,False,False,2026-09-16 12:12:47+00:00,2026-09-16 12:12:54.690496+00:00
20260916,4202176109787108346,-7315400607259613426,C895.812.150.24.D.8.91116224,0,SCHEDULED,0.0,0.0,False,False,False,False,2026-09-16 12:12:47+00:00,2026-09-16 12:12:54.690496+00:00
20260916,4202176109787108346,1277584948389827009,C895.812.150.24.D.8.91116224,0,SCHEDULED,0.0,0.0,False,False,False,False,2026-09-16 12:12:47+00:00,2026-09-16 12:12:54.690496+00:00
20260916,4202176109787108346,1065549735589304250,C895.812.150.24.D.8.91116224,0,SCHEDULED,0.0,0.0,False,False,False,False,2026-09-16 12:12:47+00:00,2026-09-16 12:12:54.690496+00:00
20260916,4202176109787108346,8206255193434804528,C895.812.150.24.D.8.91116224,0,SCHEDULED,0.0,0.0,False,False,False,False,2026-09-16 12:12:47+00:00,2026-09-16 12:12:54.690496+00:00
20260916,4202176109787108346,8892766573855646026,C895.812.150.24.D.8.91116224,0,SCHEDULED,0.0,0.0,False,False,False,False,2026-09-16 12:12:47+00:00,2026-09-16 12:12:54.690496+00:00
20260916,4202176109787108346,-3709647459970693127,C895.812.150.24.D.8.91116224,0,SCHEDULED,0.0,0.0,False,False,False,False,2026-09-16 12:12:47+00:00,2026-09-16 12:12:54.690496+00:00
20260916,7107036069782603127,2452573464316960471,N675.812.150.16.D.10.91743537,0,REPLACEMENT,0.0,0.0,False,False,False,False,2026-09-16 12:12:47+00:00,2026-09-16 12:12:54.690496+00:00
20260916,7107036069782603127,1821911624841613760,N675.812.150.16.D.10.91743537,0,REPLACEMENT,0.0,0.0,False,False,False,False,2026-09-16 12:12:47+00:00,2026-09-16 12:12:54.690496+00:00
20260916,7107036069782603127,-1524378004626864800,N675.812.150.16.D.10.91743537,0,REPLACEMENT,0.0,0.0,False,False,False,False,2026-09-16 12:12:47+00:00,2026-09-16 12:12:54.690496+00:00
20260916,7107036069782603127,-5621762837069403900,N675.812.150.16.D.10.91743537,0,REPLACEMENT,0.0,0.0,False,False,False,False,2026-09-16 12:12:47+00:00,2026-09-16 12:12:54.690496+00:00
20260916,7107036069782603127,6091480518091113241,N675.812.150.16.D.10.91743537,0,REPLACEMENT,0.0,0.0,False,False,False,False,2026-09-16 12:12:47+00:00,2026-09-16 12:12:54.690496+00:00
20260916,7107036069782603127,-8083684398210327495,N675.812.150.16.D.10.91743537,0,REPLACEMENT,0.0,0.0,False,False,False,False,2026-09-16 12:12:47+00:00,2026-09-16 12:12:54.690496+00:00
20260916,7107036069782603127,3341714465681365718,N675.812.150.16.D.10.91743537,0,REPLACEMENT,0.0,0.0,False,False,False,False,2026-09-16 12:12:47+00:00,2026-09-16 12:12:54.690496+00:00
20260916,7107036069782603127,4415106212114718970,N675.812.150.16.D.10.91743537,0,REPLACEMENT,0.0,0.0,False,False,False,False,2026-09-16 12:12:47+00:00,2026-09-16 12:12:54.690496+00:00
20260916,7107036069782603127,8041570361657107919,N675.812.150.16.D.10.91743537,0,REPLACEMENT,0.0,0.0,False,False,False,False,2026-09-16 12:12:47+00:00,2026-09-16 12:12:54.690496+00:00
20260916,7107036069782603127,-7340014484472577951,N675.812.150.16.D.10.91743537,0,REPLACEMENT,0.0,0.0,False,False,False,False,2026-09-16 12:12:47+00:00,2026-09-16 12:12:54.690496+00:00
20260916,7107036069782603127,-6403964468061029576,N675.812.150.16.D.10.91743537,0,REPLACEMENT,17.0,17.0,False,False,False,False,2026-09-16 12:12:47+00:00,2026-09-16 12:12:54.690496+00:00
20260916,7107036069782603127,-6149382851983002653,N675.812.150.16.D.10.91743537,0,REPLACEMENT,17.0,17.0,False,False,False,False,2026-09-16 12:12:47+00:00,2026-09-16 12:12:54.690496+00:00
20260916,7107036069782603127,-5356526370273672056,N675.812.150.16.D.10.91743537,0,REPLACEMENT,17.0,17.0,False,False,False,False,2026-09-16 12:12:47+00:00,2026-09-16 12:12:54.690496+00:00
20260916,7107036069782603127,7043891849206051533,N675.812.150.16.D.10.91743537,0,REPLACEMENT,17.0,17.0,False,False,False,False,2026-09-16 12:12:47+00:00,2026-09-16 12:12:54.690496+00:00
20260916,7107036069782603127,-8196270170076136865,N675.812.150.16.D.10.91743537,0,REPLACEMENT,17.0,17.0,False,False,False,False,2026-09-16 12:12:47+00:00,2026-09-16 12:12:54.690496+00:00
20260916,7107036069782603127,-7824276421162881911,N675.812.150.16.D.10.91743537,0,REPLACEMENT,17.0,17.0,False,False,False,False,2026-09-16 12:12:47+00:00,2026-09-16 12:12:54.690496+00:00
20260916,7107036069782603127,5364992397233623303,N675.812.150.16.D.10.91743537,0,REPLACEMENT,17.0,17.0,False,False,False,False,2026-09-16 12:12:47+00:00,2026-09-16 12:12:54.690496+00:00
20260916,7107036069782603127,-1033042400137353946,N675.812.150.16.D.10.91743537,0,REPLACEMENT,17.0,17.0,False,False,False,False,2026-09-16 12:12:47+00:00,2026-09-16 12:12:54.690496+00:00
20260916,7107036069782603127,-9091648635300439767,N675.812.150.16.D.10.91743537,0,REPLACEMENT,17.0,17.0,False,False,False,False,2026-09-16 12:12:47+00:00,2026-09-16 12:12:54.690496+00:00
20260916,7107036069782603127,-7089916589314454996,N675.812.150.16.D.10.91743537,0,REPLACEMENT,17.0,17.0,False,False,False,False,2026-09-16 12:12:47+00:00,2026-09-16 12:12:54.690496+00:00
20260916,7107036069782603127,-6634203109316215018,N675.812.150.16.D.10.91743537,0,REPLACEMENT,17.0,17.0,False,False,False,False,2026-09-16 12:12:47+00:00,2026-09-16 12:12:54.690496+00:00
20260916,7107036069782603127,6584838841058652888,N675.812.150.16.D.10.91743537,0,REPLACEMENT,17.0,,False,False,False,False,2026-09-16 12:12:47+00:00,2026-09-16 12:12:54.690496+00:00
20260916,7107036069782603127,-6958619773406275623,N675.812.150.16.D.10.91743537,0,REPLACEMENT,17.0,17.0,False,False,False,False,2026-09-16 12:12:47+00:00,2026-09-16 12:12:54.690496+00:00
20260916,4366774083614345187,-7340014484472577951,Y478.812.150.16.D.10.91529893,0,REPLACEMENT,0.0,,False,False,False,False,2026-09-16 12:12:47+00:00,2026-09-16 12:12:54.690496+00:00
20260916,-2936976510359900114,4504583558386924408,59XC.812.150.16.M.4.91118982,0,REPLACEMENT,0.0,0.0,False,False,False,False,2026-09-16 12:12:47+00:00,2026-09-16 12:12:54.690496+00:00
20260916,-2936976510359900114,6144510546960053992,59XC.812.150.16.M.4.91118982,0,REPLACEMENT,0.0,0.0,False,False,False,False,2026-09-16 12:12:47+00:00,2026-09-16 12:12:54.690496+00:00
20260916,-2936976510359900114,7320276821397553074,59XC.812.150.16.M.4.91118982,0,REPLACEMENT,0.0,0.0,False,False,False,False,2026-09-16 12:12:47+00:00,2026-09-16 12:12:54.690496+00:00
20260916,-2936976510359900114,3021749488204407522,59XC.812.150.16.M.4.91118982,0,REPLACEMENT,0.0,0.0,False,False,False,False,2026-09-16 12:12:47+00:00,2026-09-16 12:12:54.690496+00:00
20260916,-2936976510359900114,-4576123028587082005,59XC.812.150.16.M.4.91118982,0,REPLACEMENT,0.0,0.0,False,False,False,False,2026-09-16 12:12:47+00:00,2026-09-16 12:12:54.690496+00:00
20260916,-2936976510359900114,-808579414804246178,59XC.812.150.16.M.4.91118982,0,REPLACEMENT,0.0,0.0,False,False,False,False,2026-09-16 12:12:47+00:00,2026-09-16 12:12:54.690496+00:00
20260916,-2936976510359900114,4585453984912163241,59XC.812.150.16.M.4.91118982,0,REPLACEMENT,0.0,0.0,False,False,False,False,2026-09-16 12:12:47+00:00,2026-09-16 12:12:54.690496+00:00
20260916,-2936976510359900114,7361061893891384773,59XC.812.150.16.M.4.91118982,0,REPLACEMENT,0.0,0.0,False,False,False,False,2026-09-16 12:12:47+00:00,2026-09-16 12:12:54.690496+00:00
20260916,-2936976510359900114,-8544276869249746145,59XC.812.150.16.M.4.91118982,0,REPLACEMENT,0.0,0.0,False,False,False,False,2026-09-16 12:12:47+00:00,2026-09-16 12:12:54.690496+00:00
20260916,-2936976510359900114,5681853388507028000,59XC.812.150.16.M.4.91118982,0,REPLACEMENT,0.0,0.0,False,False,False,False,2026-09-16 12:12:47+00:00,2026-09-16 12:12:54.690496+00:00
20260916,-2936976510359900114,-5665473058949278717,59XC.812.150.16.M.4.91118982,0,REPLACEMENT,0.0,0.0,False,False,False,False,2026-09-16 12:12:47+00:00,2026-09-16 12:12:54.690496+00:00
20260916,-2936976510359900114,-1697801584359906855,59XC.812.150.16.M.4.91118982,0,REPLACEMENT,0.0,0.0,False,False,False,False,2026-09-16 12:12:47+00:00,2026-09-16 12:12:54.690496+00:00
20260916,-2936976510359900114,-1042271929988158547,59XC.812.150.16.M.4.91118982,0,REPLACEMENT,0.0,0.0,False,False,False,False,2026-09-16 12:12:47+00:00,2026-09-16 12:12:54.690496+00:00
20260916,-2936976510359900114,-3669668446431448765,59XC.812.150.16.M.4.91118982,0,REPLACEMENT,0.0,0.0,False,False,False,False,2026-09-16 12:12:47+00:00,2026-09-16 12:12:54.690496+00:00
20260916,-2936976510359900114,3530997658741324356,59XC.812.150.16.M.4.91118982,0,REPLACEMENT,0.0,0.0,False,False,False,False,2026-09-16 12:12:47+00:00,2026-09-16 12:12:54.690496+00:00
20260916,-2936976510359900114,-2525243983006227122,59XC.812.150.16.M.4.91118982,0,REPLACEMENT,0.0,0.0,False,False,False,False,2026-09-16 12:12:47+00:00,2026-09-16 12:12:54.690496+00:00
20260916,-2936976510359900114,-7055428573271396896,59XC.812.150.16.M.4.91118982,0,REPLACEMENT,0.0,0.0,False,False,False,False,2026-09-16 12:12:47+00:00,2026-09-16 12:12:54.690496+00:00
20260916,-2936976510359900114,389124558991816276,59XC.812.150.16.M.4.91118982,0,REPLACEMENT,0.0,0.0,False,False,False,False,2026-09-16 12:12:47+00:00,2026-09-16 12:12:54.690496+00:00
20260916,-2936976510359900114,4909819821664331327,59XC.812.150.16.M.4.91118982,0,REPLACEMENT,0.0,0.0,False,False,False,False,2026-09-16 12:12:47+00:00,2026-09-16 12:12:54.690496+00:00
20260916,-2936976510359900114,4458179205450710602,59XC.812.150.16.M.4.91118982,0,REPLACEMENT,1038.0,,True,False,False,False,2026-09-16 12:12:47+00:00,2026-09-16 12:12:54.690496+00:00
20260916,4202176109787108346,-2237549891709921557,C791.812.150.56.D.4.91116522,0,SCHEDULED,20.0,20.0,False,False,False,False,2026-09-16 12:12:47+00:00,2026-09-16 12:12:54.690496+00:00
20260916,4202176109787108346,5235941531362629401,C791.812.150.56.D.4.91116522,0,SCHEDULED,110.0,110.0,False,False,False,False,2026-09-16 12:12:47+00:00,2026-09-16 12:12:54.690496+00:00
20260916,4202176109787108346,-6489654447956971570,C791.812.150.56.D.4.91116522,0,SCHEDULED,110.0,20.0,False,False,False,False,2026-09-16 12:12:47+00:00,2026-09-16 12:12:54.690496+00:00
20260916,4202176109787108346,2512705171789316978,C791.812.150.56.D.4.91116522,0,SCHEDULED,110.0,110.0,False,False,False,False,2026-09-16 12:12:47+00:00,2026-09-16 12:12:54.690496+00:00
20260916,4202176109787108346,7883039023634258668,C791.812.150.56.D.4.91116522,0,SCHEDULED,110.0,110.0,False,False,False,False,2026-09-16 12:12:47+00:00,2026-09-16 12:12:54.690496+00:00
20260916,4202176109787108346,7803828394838746513,C791.812.150.56.D.4.91116522,0,SCHEDULED,20.0,20.0,False,False,False,False,2026-09-16 12:12:47+00:00,2026-09-16 12:12:54.690496+00:00
20260916,4202176109787108346,-7364633119503500562,C791.812.150.56.D.4.91116522,0,SCHEDULED,20.0,0.0,False,False,False,False,2026-09-16 12:12:47+00:00,2026-09-16 12:12:54.690496+00:00
20260916,4202176109787108346,-7315400607259613426,C791.812.150.56.D.4.91116522,0,SCHEDULED,0.0,0.0,False,False,False,False,2026-09-16 12:12:47+00:00,2026-09-16 12:12:54.690496+00:00
20260916,4202176109787108346,1277584948389827009,C791.812.150.56.D.4.91116522,0,SCHEDULED,0.0,0.0,False,False,False,False,2026-09-16 12:12:47+00:00,2026-09-16 12:12:54.690496+00:00
20260916,4202176109787108346,1065549735589304250,C791.812.150.56.D.4.91116522,0,SCHEDULED,20.0,20.0,False,False,False,False,2026-09-16 12:12:47+00:00,2026-09-16 12:12:54.690496+00:00
20260916,4202176109787108346,8206255193434804528,C791.812.150.56.D.4.91116522,0,SCHEDULED,0.0,0.0,False,False,False,False,2026-09-16 12:12:47+00:00,2026-09-16 12:12:54.690496+00:00
20260916,4202176109787108346,8892766573855646026,C791.812.150.56.D.4.91116522,0,SCHEDULED,0.0,0.0,False,False,False,False,2026-09-16 12:12:47+00:00,2026-09-16 12:12:54.690496+00:00
20260916,4202176109787108346,-3709647459970693127,C791.812.150.56.D.4.91116522,0,SCHEDULED,0.0,0.0,False,False,False,False,2026-09-16 12:12:47+00:00,2026-09-16 12:12:54.690496+00:00
20260916,-5236434750823934246,8041570361657107919,N663.812.150.16.D.10.91114768,0,SCHEDULED,80.0,145.0,False,False,False,False,2026-09-16 12:12:47+00:00,2026-09-16 12:12:54.690496+00:00
20260916,-5236434750823934246,-6403964468061029576,N663.812.150.16.D.10.91114768,0,SCHEDULED,145.0,145.0,False,False,False,False,2026-09-16 12:12:47+00:00,2026-09-16 12:12:54.690496+00:00
20260916,-5236434750823934246,-6149382851983002653,N663.812.150.16.D.10.91114768,0,SCHEDULED,145.0,145.0,False,False,False,False,2026-09-16 12:12:47+00:00,2026-09-16 12:12:54.690496+00:00
20260916,-5236434750823934246,-5356526370273672056,N663.812.150.16.D.10.91114768,0,SCHEDULED,145.0,145.0,False,False,False,False,2026-09-16 12:12:47+00:00,2026-09-16 12:12:54.690496+00:00
20260916,-5236434750823934246,7043891849206051533,N663.812.150.16.D.10.91114768,0,SCHEDULED,145.0,145.0,False,False,False,False,2026-09-16 12:12:47+00:00,2026-09-16 12:12:54.690496+00:00
20260916,-5236434750823934246,-8196270170076136865,N663.812.150.16.D.10.91114768,0,SCHEDULED,145.0,145.0,False,False,False,False,2026-09-16 12:12:47+00:00,2026-09-16 12:12:54.690496+00:00
20260916,-5236434750823934246,-7824276421162881911,N663.812.150.16.D.10.91114768,0,SCHEDULED,145.0,145.0,False,False,False,False,2026-09-16 12:12:47+00:00,2026-09-16 12:12:54.690496+00:00
20260916,-5236434750823934246,5364992397233623303,N663.812.150.16.D.10.91114768,0,SCHEDULED,145.0,145.0,False,False,False,False,2026-09-16 12:12:47+00:00,2026-09-16 12:12:54.690496+00:00
20260916,-5236434750823934246,-1033042400137353946,N663.812.150.16.D.10.91114768,0,SCHEDULED,145.0,145.0,False,False,False,False,2026-09-16 12:12:47+00:00,2026-09-16 12:12:54.690496+00:00
20260916,-5236434750823934246,-9091648635300439767,N663.812.150.16.D.10.91114768,0,SCHEDULED,145.0,145.0,False,False,False,False,2026-09-16 12:12:47+00:00,2026-09-16 12:12:54.690496+00:00
20260916,-5236434750823934246,-7089916589314454996,N663.812.150.16.D.10.91114768,0,SCHEDULED,145.0,145.0,False,False,False,False,2026-09-16 12:12:47+00:00,2026-09-16 12:12:54.690496+00:00
20260916,-5236434750823934246,1252546623115669200,N663.812.150.16.D.10.91114768,0,SCHEDULED,145.0,145.0,False,False,False,False,2026-09-16 12:12:47+00:00,2026-09-16 12:12:54.690496+00:00
20260916,-5236434750823934246,5391668411992063355,N663.812.150.16.D.10.91114768,0,SCHEDULED,145.0,0.0,False,False,False,False,2026-09-16 12:12:47+00:00,2026-09-16 12:12:54.690496+00:00
20260916,-5236434750823934246,-6958619773406275623,N663.812.150.16.D.10.91114768,0,SCHEDULED,145.0,145.0,False,False,False,False,2026-09-16 12:12:47+00:00,2026-09-16 12:12:54.690496+00:00
20260916,7005896456830233422,-8224173642638510748,S778.812.150.48.D.4.91726176,0,REPLACEMENT,1046.0,,True,False,False,False,2026-09-16 12:12:47+00:00,2026-09-16 12:12:54.690496+00:00
20260916,7005896456830233422,3330155286583946050,S778.812.150.48.D.4.91726176,0,REPLACEMENT,0.0,,False,False,False,False,2026-09-16 12:12:47+00:00,2026-09-16 12:12:54.690496+00:00
20260916,4366774083614345187,-6462552768801244686,170V.812.150.48.A.8.91116168,0,REPLACEMENT,0.0,,False,False,False,False,2026-09-16 12:12:47+00:00,2026-09-16 12:12:54.690496+00:00
20260916,8283204442033751644,-1906114871667065914,206X.812.150.48.H.8.91117284,0,SCHEDULED,77.0,47.0,False,False,False,False,2026-09-16 12:12:47+00:00,2026-09-16 12:12:54.690496+00:00
20260916,8283204442033751644,-8903371073604344195,206X.812.150.48.H.8.91117284,0,SCHEDULED,107.0,77.0,False,False,False,False,2026-09-16 12:12:47+00:00,2026-09-16 12:12:54.690496+00:00
20260916,8283204442033751644,-547101269315442553,206X.812.150.48.H.8.91117284,0,SCHEDULED,137.0,107.0,False,False,False,False,2026-09-16 12:12:47+00:00,2026-09-16 12:12:54.690496+00:00
20260916,8283204442033751644,4307401460270953512,206X.812.150.48.H.8.91117284,0,SCHEDULED,167.0,137.0,False,False,False,False,2026-09-16 12:12:47+00:00,2026-09-16 12:12:54.690496+00:00
20260916,8283204442033751644,-5420673490650911212,206X.812.150.48.H.8.91117284,0,SCHEDULED,167.0,167.0,False,False,False,False,2026-09-16 12:12:47+00:00,2026-09-16 12:12:54.690496+00:00
20260916,8283204442033751644,-6475982795972593312,206X.812.150.48.H.8.91117284,0,SCHEDULED,137.0,137.0,False,False,False,False,2026-09-16 12:12:47+00:00,2026-09-16 12:12:54.690496+00:00
20260916,8283204442033751644,-335714526552119841,206X.812.150.48.H.8.91117284,0,SCHEDULED,167.0,167.0,False,False,False,False,2026-09-16 12:12:47+00:00,2026-09-16 12:12:54.690496+00:00
20260916,8283204442033751644,-4248716776482060069,206X.812.150.48.H.8.91117284,0,SCHEDULED,167.0,167.0,False,False,False,False,2026-09-16 12:12:47+00:00,2026-09-16 12:12:54.690496+00:00
20260916,8283204442033751644,6575595418068994273,206X.812.150.48.H.8.91117284,0,SCHEDULED,167.0,167.0,False,False,False,False,2026-09-16 12:12:47+00:00,2026-09-16 12:12:54.690496+00:00
20260916,8283204442033751644,-2876658330315507475,206X.812.150.48.H.8.91117284,0,SCHEDULED,197.0,167.0,False,False,False,False,2026-09-16 12:12:47+00:00,2026-09-16 12:12:54.690496+00:00
20260916,5630525952252418354,6795477399301955320,601E.812.150.60.T.8.91118734,0,SCHEDULED,170.0,96.0,False,False,False,False,2026-09-16 12:12:47+00:00,2026-09-16 12:12:54.690496+00:00
20260916,7005896456830233422,626746800398377953,C794.812.150.60.D.4.91119255,0,REPLACEMENT,235.0,,False,False,False,False,2026-09-16 12:12:47+00:00,2026-09-16 12:12:54.690496+00:00
20260916,7005896456830233422,6740137055522381816,C794.812.150.60.D.4.91119255,0,REPLACEMENT,0.0,0.0,False,False,False,False,2026-09-16 12:12:47+00:00,2026-09-16 12:12:54.690496+00:00
20260916,7005896456830233422,-3254223532483998185,C794.812.150.60.D.4.91119255,0,REPLACEMENT,0.0,0.0,False,False,False,False,2026-09-16 12:12:47+00:00,2026-09-16 12:12:54.690496+00:00
20260916,7005896456830233422,-5401375761184209237,C794.812.150.60.D.4.91119255,0,REPLACEMENT,235.0,235.0,False,False,False,False,2026-09-16 12:12:47+00:00,2026-09-16 12:12:54.690496+00:00
20260916,7005896456830233422,-8773636242941207005,C794.812.150.60.D.4.91119255,0,REPLACEMENT,235.0,235.0,False,False,False,False,2026-09-16 12:12:47+00:00,2026-09-16 12:12:54.690496+00:00
20260916,7005896456830233422,-7611863689835171865,C794.812.150.60.D.4.91119255,0,REPLACEMENT,0.0,0.0,False,False,False,False,2026-09-16 12:12:47+00:00,2026-09-16 12:12:54.690496+00:00
20260916,7005896456830233422,3330155286583946050,C794.812.150.60.D.4.91119255,0,REPLACEMENT,0.0,0.0,False,False,False,False,2026-09-16 12:12:47+00:00,2026-09-16 12:12:54.690496+00:00
20260916,7005896456830233422,8664580878568588180,C794.812.150.60.D.4.91119255,0,REPLACEMENT,0.0,0.0,False,False,False,False,2026-09-16 12:12:47+00:00,2026-09-16 12:12:54.690496+00:00
20260916,7005896456830233422,3843410077624264934,C794.812.150.60.D.4.91119255,0,REPLACEMENT,235.0,235.0,False,False,False,False,2026-09-16 12:12:47+00:00,2026-09-16 12:12:54.690496+00:00
20260916,7005896456830233422,-3119105483601997636,C794.812.150.60.D.4.91119255,0,REPLACEMENT,235.0,235.0,False,False,False,False,2026-09-16 12:12:47+00:00,2026-09-16 12:12:54.690496+00:00
20260916,7005896456830233422,5115607110647749513,C794.812.150.60.D.4.91119255,0,REPLACEMENT,235.0,235.0,False,False,False,False,2026-09-16 12:12:47+00:00,2026-09-16 12:12:54.690496+00:00
20260916,7005896456830233422,540752672892374357,C794.812.150.60.D.4.91119255,0,REPLACEMENT,235.0,235.0,False,False,False,False,2026-09-16 12:12:47+00:00,2026-09-16 12:12:54.690496+00:00
20260916,7005896456830233422,3613243183986271020,C794.812.150.60.D.4.91119255,0,REPLACEMENT,235.0,235.0,False,False,False,False,2026-09-16 12:12:47+00:00,2026-09-16 12:12:54.690496+00:00
20260916,7005896456830233422,-4753082328455167178,C794.812.150.60.D.4.91119255,0,REPLACEMENT,235.0,235.0,False,False,False,False,2026-09-16 12:12:47+00:00,2026-09-16 12:12:54.690496+00:00
20260916,7005896456830233422,2715811946893387125,C794.812.150.60.D.4.91119255,0,REPLACEMENT,235.0,235.0,False,False,False,False,2026-09-16 12:12:47+00:00,2026-09-16 12:12:54.690496+00:00
20260916,7005896456830233422,2458994337497028199,C794.812.150.60.D.4.91119255,0,REPLACEMENT,235.0,235.0,False,False,False,False,2026-09-16 12:12:47+00:00,2026-09-16 12:12:54.690496+00:00
20260916,7005896456830233422,7265596629493052809,C794.812.150.60.D.4.91119255,0,REPLACEMENT,235.0,235.0,False,False,False,False,2026-09-16 12:12:47+00:00,2026-09-16 12:12:54.690496+00:00
20260916,7005896456830233422,6693734793650583897,C794.812.150.60.D.4.91119255,0,REPLACEMENT,235.0,235.0,False,False,False,False,2026-09-16 12:12:47+00:00,2026-09-16 12:12:54.690496+00:00
20260916,7005896456830233422,-8690273198388294068,C794.812.150.60.D.4.91119255,0,REPLACEMENT,235.0,235.0,False,False,False,False,2026-09-16 12:12:47+00:00,2026-09-16 12:12:54.690496+00:00
20260916,7005896456830233422,-4476067195020086168,C794.812.150.60.D.4.91119255,0,REPLACEMENT,235.0,235.0,False,False,False,False,2026-09-16 12:12:47+00:00,2026-09-16 12:12:54.690496+00:00
20260916,7005896456830233422,1118560694099315929,C794.812.150.60.D.4.91119255,0,REPLACEMENT,235.0,235.0,False,False,False,False,2026-09-16 12:12:47+00:00,2026-09-16 12:12:54.690496+00:00
20260916,7005896456830233422,475227438141284008,C794.812.150.60.D.4.91119255,0,REPLACEMENT,235.0,235.0,False,False,False,False,2026-09-16 12:12:47+00:00,2026-09-16 12:12:54.690496+00:00
20260916,7005896456830233422,8908182463098696449,C794.812.150.60.D.4.91119255,0,REPLACEMENT,235.0,235.0,False,False,False,False,2026-09-16 12:12:47+00:00,2026-09-16 12:12:54.690496+00:00
20260916,4366774083614345187,3330155286583946050,K792.812.150.16.H.4.91114801,0,REPLACEMENT,0.0,,False,False,False,False,2026-09-16 12:12:47+00:00,2026-09-16 12:12:54.690496+00:00
20260916,-7312350344749849496,-6253830889052471909,SP35.812.150.88.P.3.91529739,0,SCHEDULED,828.0,828.0,True,False,False,False,2026-09-16 12:12:47+00:00,2026-09-16 12:12:54.690496+00:00
20260916,-7312350344749849496,-2869275988912975447,SP35.812.150.88.P.3.91529739,0,SCHEDULED,828.0,828.0,True,False,False,False,2026-09-16 12:12:47+00:00,2026-09-16 12:12:54.690496+00:00
20260916,-7312350344749849496,5594090472067316080,SP35.812.150.88.P.3.91529739,0,SCHEDULED,828.0,798.0,True,False,False,False,2026-09-16 12:12:47+00:00,2026-09-16 12:12:54.690496+00:00
20260916,-7312350344749849496,8383813514105401412,SP35.812.150.88.P.3.91529739,0,SCHEDULED,798.0,798.0,True,False,False,False,2026-09-16 12:12:47+00:00,2026-09-16 12:12:54.690496+00:00
20260916,-7312350344749849496,-4337461455385190607,SP35.812.150.88.P.3.91529739,0,SCHEDULED,798.0,648.0,True,False,False,False,2026-09-16 12:12:47+00:00,2026-09-16 12:12:54.690496+00:00
20260916,-7312350344749849496,-9169946670225620119,SP35.812.150.88.P.3.91529739,0,SCHEDULED,648.0,648.0,True,False,False,False,2026-09-16 12:12:47+00:00,2026-09-16 12:12:54.690496+00:00
20260916,-7312350344749849496,1603364281635176624,SP35.812.150.88.P.3.91529739,0,SCHEDULED,558.0,558.0,True,False,False,False,2026-09-16 12:12:47+00:00,2026-09-16 12:12:54.690496+00:00
20260916,-7312350344749849496,6795925403477211629,SP35.812.150.88.P.3.91529739,0,SCHEDULED,648.0,558.0,True,False,False,False,2026-09-16 12:12:47+00:00,2026-09-16 12:12:54.690496+00:00
20260916,-7312350344749849496,7360155321496910326,SP35.812.150.88.P.3.91529739,0,SCHEDULED,648.0,648.0,True,False,False,False,2026-09-16 12:12:47+00:00,2026-09-16 12:12:54.690496+00:00
20260916,-2224808403655777439,-6474882195969192492,W787.812.150.16.D.6.91118394,0,SCHEDULED,0.0,0.0,False,False,False,False,2026-09-16 12:12:47+00:00,2026-09-16 12:12:54.690496+00:00
20260916,-2224808403655777439,3884616038272931622,W787.812.150.16.D.6.91118394,0,SCHEDULED,0.0,0.0,False,False,False,False,2026-09-16 12:12:47+00:00,2026-09-16 12:12:54.690496+00:00
20260916,-2224808403655777439,11217950775768314,W787.812.150.16.D.6.91118394,0,SCHEDULED,0.0,0.0,False,False,False,False,2026-09-16 12:12:47+00:00,2026-09-16 12:12:54.690496+00:00
20260916,-2224808403655777439,1639139568355450626,W787.812.150.16.D.6.91118394,0,SCHEDULED,0.0,0.0,False,False,False,False,2026-09-16 12:12:47+00:00,2026-09-16 12:12:54.690496+00:00
20260916,-2224808403655777439,7492056347016962348,W787.812.150.16.D.6.91118394,0,SCHEDULED,0.0,0.0,False,False,False,False,2026-09-16 12:12:47+00:00,2026-09-16 12:12:54.690496+00:00
20260916,4366774083614345187,2452573464316960471,Y823.812.150.92.D.8.91119126,0,REPLACEMENT,0.0,,False,False,False,False,2026-09-16 12:12:47+00:00,2026-09-16 12:12:54.690496+00:00
20260916,-5978113767534294052,7492905660078349455,N486.812.150.48.D.10.91530005,0,SCHEDULED,0.0,0.0,False,False,False,False,2026-09-16 12:12:47+00:00,2026-09-16 12:12:54.690496+00:00
20260916,-5978113767534294052,2009290595935991793,N486.812.150.48.D.10.91530005,0,SCHEDULED,0.0,0.0,False,False,False,False,2026-09-16 12:12:47+00:00,2026-09-16 12:12:54.690496+00:00
20260916,-5978113767534294052,-8145880150075056549,N486.812.150.48.D.10.91530005,0,SCHEDULED,0.0,0.0,False,False,False,False,2026-09-16 12:12:47+00:00,2026-09-16 12:12:54.690496+00:00
20260916,-5978113767534294052,-5576282156968561455,N486.812.150.48.D.10.91530005,0,SCHEDULED,0.0,0.0,False,False,False,False,2026-09-16 12:12:47+00:00,2026-09-16 12:12:54.690496+00:00
20260916,-5978113767534294052,8427169267051637749,N486.812.150.48.D.10.91530005,0,SCHEDULED,0.0,0.0,False,False,False,False,2026-09-16 12:12:47+00:00,2026-09-16 12:12:54.690496+00:00
20260916,-5978113767534294052,7164449179056806387,N486.812.150.48.D.10.91530005,0,SCHEDULED,0.0,0.0,False,False,False,False,2026-09-16 12:12:47+00:00,2026-09-16 12:12:54.690496+00:00
20260916,-5978113767534294052,-6459047070242316305,N486.812.150.48.D.10.91530005,0,SCHEDULED,0.0,0.0,False,False,False,False,2026-09-16 12:12:47+00:00,2026-09-16 12:12:54.690496+00:00
20260916,4366774083614345187,5391668411992063355,Y472.812.150.16.D.10.91119497,0,REPLACEMENT,0.0,,False,False,False,False,2026-09-16 12:12:47+00:00,2026-09-16 12:12:54.690496+00:00
20260916,4622583836084576750,-3113364509630902133,120U.812.150.16.A.8.91541766,0,SCHEDULED,27.0,27.0,False,False,False,False,2026-09-16 12:12:47+00:00,2026-09-16 12:12:54.690496+00:00
20260916,4622583836084576750,-8238392344119364974,120U.812.150.16.A.8.91541766,0,SCHEDULED,57.0,27.0,False,False,False,False,2026-09-16 12:12:47+00:00,2026-09-16 12:12:54.690496+00:00
20260916,4622583836084576750,4735193369246221649,120U.812.150.16.A.8.91541766,0,SCHEDULED,57.0,57.0,False,False,False,False,2026-09-16 12:12:47+00:00,2026-09-16 12:12:54.690496+00:00
20260916,4622583836084576750,1736600095109418446,120U.812.150.16.A.8.91541766,0,SCHEDULED,27.0,27.0,False,False,False,False,2026-09-16 12:12:47+00:00,2026-09-16 12:12:54.690496+00:00
20260916,4622583836084576750,2739414512256273415,120U.812.150.16.A.8.91541766,0,SCHEDULED,27.0,27.0,False,False,False,False,2026-09-16 12:12:47+00:00,2026-09-16 12:12:54.690496+00:00
20260916,4622583836084576750,-320451119006328845,120U.812.150.16.A.8.91541766,0,SCHEDULED,27.0,0.0,False,False,False,False,2026-09-16 12:12:47+00:00,2026-09-16 12:12:54.690496+00:00
20260916,-5236434750823934246,-6403964468061029576,A601.812.149.8.D.10.91529934,0,SCHEDULED,72.0,72.0,False,False,True,False,2026-09-16 12:12:47+00:00,2026-09-16 12:12:54.690496+00:00
20260916,-5236434750823934246,-6149382851983002653,A601.812.149.8.D.10.91529934,0,SCHEDULED,72.0,72.0,False,False,True,False,2026-09-16 12:12:47+00:00,2026-09-16 12:12:54.690496+00:00
20260916,-5236434750823934246,-5356526370273672056,A601.812.149.8.D.10.91529934,0,SCHEDULED,72.0,72.0,False,False,True,False,2026-09-16 12:12:47+00:00,2026-09-16 12:12:54.690496+00:00
20260916,-5236434750823934246,7043891849206051533,A601.812.149.8.D.10.91529934,0,SCHEDULED,72.0,72.0,False,False,True,False,2026-09-16 12:12:47+00:00,2026-09-16 12:12:54.690496+00:00
20260916,-5236434750823934246,-8196270170076136865,A601.812.149.8.D.10.91529934,0,SCHEDULED,72.0,72.0,False,False,True,False,2026-09-16 12:12:47+00:00,2026-09-16 12:12:54.690496+00:00
20260916,-5236434750823934246,-7824276421162881911,A601.812.149.8.D.10.91529934,0,SCHEDULED,72.0,72.0,False,False,True,False,2026-09-16 12:12:47+00:00,2026-09-16 12:12:54.690496+00:00
20260916,-5236434750823934246,5364992397233623303,A601.812.149.8.D.10.91529934,0,SCHEDULED,72.0,72.0,False,False,True,False,2026-09-16 12:12:47+00:00,2026-09-16 12:12:54.690496+00:00
20260916,-5236434750823934246,-1033042400137353946,A601.812.149.8.D.10.91529934,0,SCHEDULED,72.0,72.0,False,False,True,False,2026-09-16 12:12:47+00:00,2026-09-16 12:12:54.690496+00:00
20260916,-5236434750823934246,-9091648635300439767,A601.812.149.8.D.10.91529934,0,SCHEDULED,72.0,72.0,False,False,True,False,2026-09-16 12:12:47+00:00,2026-09-16 12:12:54.690496+00:00
20260916,-5236434750823934246,-7089916589314454996,A601.812.149.8.D.10.91529934,0,SCHEDULED,72.0,72.0,False,False,True,False,2026-09-16 12:12:47+00:00,2026-09-16 12:12:54.690496+00:00
20260916,-5236434750823934246,1252546623115669200,A601.812.149.8.D.10.91529934,0,SCHEDULED,72.0,72.0,False,False,True,False,2026-09-16 12:12:47+00:00,2026-09-16 12:12:54.690496+00:00
20260916,-5236434750823934246,-1808477083268811256,A601.812.149.8.D.10.91529934,0,SCHEDULED,72.0,0.0,False,False,True,False,2026-09-16 12:12:47+00:00,2026-09-16 12:12:54.690496+00:00
20260916,-5236434750823934246,-6958619773406275623,A601.812.149.8.D.10.91529934,0,SCHEDULED,72.0,72.0,False,False,True,False,2026-09-16 12:12:47+00:00,2026-09-16 12:12:54.690496+00:00
20260916,4366774083614345187,-1808477083268811256,Y418.812.150.16.D.10.91116353,0,REPLACEMENT,0.0,,False,False,False,False,2026-09-16 12:12:47+00:00,2026-09-16 12:12:54.690496+00:00
20260916,-3539652250674250885,626746800398377953,C391.812.150.16.H.4.91114778,0,SCHEDULED,0.0,0.0,False,False,False,False,2026-09-16 12:12:47+00:00,2026-09-16 12:12:54.690496+00:00
20260916,-3539652250674250885,-2237549891709921557,C391.812.150.16.H.4.91114778,0,SCHEDULED,0.0,0.0,False,False,False,False,2026-09-16 12:12:47+00:00,2026-09-16 12:12:54.690496+00:00
20260916,-3539652250674250885,5235941531362629401,C391.812.150.16.H.4.91114778,0,SCHEDULED,0.0,0.0,False,False,False,False,2026-09-16 12:12:47+00:00,2026-09-16 12:12:54.690496+00:00
20260916,-3539652250674250885,-6489654447956971570,C391.812.150.16.H.4.91114778,0,SCHEDULED,0.0,0.0,False,False,False,False,2026-09-16 12:12:47+00:00,2026-09-16 12:12:54.690496+00:00
20260916,-3539652250674250885,-7611863689835171865,C391.812.150.16.H.4.91114778,0,SCHEDULED,0.0,0.0,False,False,False,False,2026-09-16 12:12:47+00:00,2026-09-16 12:12:54.690496+00:00
20260916,-3539652250674250885,3330155286583946050,C391.812.150.16.H.4.91114778,0,SCHEDULED,0.0,0.0,False,False,False,False,2026-09-16 12:12:47+00:00,2026-09-16 12:12:54.690496+00:00
20260916,-3539652250674250885,8495081945799119549,C391.812.150.16.H.4.91114778,0,SCHEDULED,0.0,0.0,False,False,False,False,2026-09-16 12:12:47+00:00,2026-09-16 12:12:54.690496+00:00
20260916,-3539652250674250885,-380561669406276413,C391.812.150.16.H.4.91114778,0,SCHEDULED,0.0,0.0,False,False,False,False,2026-09-16 12:12:47+00:00,2026-09-16 12:12:54.690496+00:00
20260916,-3539652250674250885,-6957614401158036483,C391.812.150.16.H.4.91114778,0,SCHEDULED,0.0,0.0,False,False,False,False,2026-09-16 12:12:47+00:00,2026-09-16 12:12:54.690496+00:00
20260916,-3539652250674250885,2512705171789316978,C391.812.150.16.H.4.91114778,0,SCHEDULED,0.0,0.0,False,False,False,False,2026-09-16 12:12:47+00:00,2026-09-16 12:12:54.690496+00:00
20260916,-3539652250674250885,3494105156940744729,C391.812.150.16.H.4.91114778,0,SCHEDULED,0.0,0.0,False,False,False,False,2026-09-16 12:12:47+00:00,2026-09-16 12:12:54.690496+00:00
20260916,-3539652250674250885,3820482148989844021,C391.812.150.16.H.4.91114778,0,SCHEDULED,0.0,0.0,False,False,False,False,2026-09-16 12:12:47+00:00,2026-09-16 12:12:54.690496+00:00
20260916,-3539652250674250885,-3511889679239990422,C391.812.150.16.H.4.91114778,0,SCHEDULED,0.0,0.0,False,False,False,False,2026-09-16 12:12:47+00:00,2026-09-16 12:12:54.690496+00:00
20260916,-3539652250674250885,-3594825175136695073,C391.812.150.16.H.4.91114778,0,SCHEDULED,0.0,0.0,False,False,False,False,2026-09-16 12:12:47+00:00,2026-09-16 12:12:54.690496+00:00
20260916,-3539652250674250885,-3136251228103413272,C391.812.150.16.H.4.91114778,0,SCHEDULED,0.0,0.0,False,False,False,False,2026-09-16 12:12:47+00:00,2026-09-16 12:12:54.690496+00:00
20260916,-3539652250674250885,7883039023634258668,C391.812.150.16.H.4.91114778,0,SCHEDULED,0.0,0.0,False,False,False,False,2026-09-16 12:12:47+00:00,2026-09-16 12:12:54.690496+00:00
20260916,-3539652250674250885,3569573201056283940,C391.812.150.16.H.4.91114778,0,SCHEDULED,0.0,0.0,False,False,False,False,2026-09-16 12:12:47+00:00,2026-09-16 12:12:54.690496+00:00
20260916,-3539652250674250885,6693734793650583897,C391.812.150.16.H.4.91114778,0,SCHEDULED,0.0,0.0,False,False,False,False,2026-09-16 12:12:47+00:00,2026-09-16 12:12:54.690496+00:00
20260916,-3539652250674250885,-8690273198388294068,C391.812.150.16.H.4.91114778,0,SCHEDULED,0.0,0.0,False,False,False,False,2026-09-16 12:12:47+00:00,2026-09-16 12:12:54.690496+00:00
20260916,-3539652250674250885,-4476067195020086168,C391.812.150.16.H.4.91114778,0,SCHEDULED,0.0,0.0,False,False,False,False,2026-09-16 12:12:47+00:00,2026-09-16 12:12:54.690496+00:00
20260916,-3539652250674250885,1118560694099315929,C391.812.150.16.H.4.91114778,0,SCHEDULED,0.0,0.0,False,False,False,False,2026-09-16 12:12:47+00:00,2026-09-16 12:12:54.690496+00:00
20260916,-3539652250674250885,2640178580055445606,C391.812.150.16.H.4.91114778,0,SCHEDULED,0.0,0.0,False,False,False,False,2026-09-16 12:12:47+00:00,2026-09-16 12:12:54.690496+00:00
20260916,-3539652250674250885,6896529127051888212,C391.812.150.16.H.4.91114778,0,SCHEDULED,0.0,0.0,False,False,False,False,2026-09-16 12:12:47+00:00,2026-09-16 12:12:54.690496+00:00
20260916,7835924838457624329,8480872264950089100,SN71.812.150.16.N.2.91115806,0,SCHEDULED,58.0,58.0,False,False,False,False,2026-09-16 12:12:47+00:00,2026-09-16 12:12:54.690496+00:00
20260916,7835924838457624329,4267512304945807725,SN71.812.150.16.N.2.91115806,0,SCHEDULED,58.0,58.0,False,False,False,False,2026-09-16 12:12:47+00:00,2026-09-16 12:12:54.690496+00:00
20260916,7835924838457624329,-3449903928000400842,SN71.812.150.16.N.2.91115806,0,SCHEDULED,58.0,58.0,False,False,False,False,2026-09-16 12:12:47+00:00,2026-09-16 12:12:54.690496+00:00
20260916,7835924838457624329,6282046429495235662,SN71.812.150.16.N.2.91115806,0,SCHEDULED,58.0,58.0,False,False,False,False,2026-09-16 12:12:47+00:00,2026-09-16 12:12:54.690496+00:00
20260916,7835924838457624329,7344101488936075901,SN71.812.150.16.N.2.91115806,0,SCHEDULED,58.0,58.0,False,False,False,False,2026-09-16 12:12:47+00:00,2026-09-16 12:12:54.690496+00:00
20260916,7835924838457624329,3902356506063082889,SN71.812.150.16.N.2.91115806,0,SCHEDULED,58.0,58.0,False,False,False,False,2026-09-16 12:12:47+00:00,2026-09-16 12:12:54.690496+00:00
20260916,7835924838457624329,-6253830889052471909,SN71.812.150.16.N.2.91115806,0,SCHEDULED,58.0,58.0,False,False,False,False,2026-09-16 12:12:47+00:00,2026-09-16 12:12:54.690496+00:00
20260916,7835924838457624329,-6425801247087022956,SN71.812.150.16.N.2.91115806,0,SCHEDULED,58.0,58.0,False,False,False,False,2026-09-16 12:12:47+00:00,2026-09-16 12:12:54.690496+00:00
20260916,7835924838457624329,-2869275988912975447,SN71.812.150.16.N.2.91115806,0,SCHEDULED,58.0,58.0,False,False,False,False,2026-09-16 12:12:47+00:00,2026-09-16 12:12:54.690496+00:00
20260916,7835924838457624329,8312711558947007430,SN71.812.150.16.N.2.91115806,0,SCHEDULED,58.0,58.0,False,False,False,False,2026-09-16 12:12:47+00:00,2026-09-16 12:12:54.690496+00:00
20260916,7835924838457624329,5594090472067316080,SN71.812.150.16.N.2.91115806,0,SCHEDULED,58.0,0.0,False,False,False,False,2026-09-16 12:12:47+00:00,2026-09-16 12:12:54.690496+00:00
20260916,799312986268590053,-2771100076130190385,C884.812.150.24.D.8.91116222,0,SCHEDULED,47.0,0.0,False,False,False,False,2026-09-16 12:12:47+00:00,2026-09-16 12:12:54.690496+00:00
20260916,799312986268590053,3517710065677633281,C884.812.150.24.D.8.91116222,0,SCHEDULED,47.0,47.0,False,False,False,False,2026-09-16 12:12:47+00:00,2026-09-16 12:12:54.690496+00:00
20260916,799312986268590053,-844883588419371563,C884.812.150.24.D.8.91116222,0,SCHEDULED,47.0,47.0,False,False,False,False,2026-09-16 12:12:47+00:00,2026-09-16 12:12:54.690496+00:00
20260916,799312986268590053,1378952111334263434,C884.812.150.24.D.8.91116222,0,SCHEDULED,77.0,47.0,False,False,False,False,2026-09-16 12:12:47+00:00,2026-09-16 12:12:54.690496+00:00
20260916,799312986268590053,3612356486350744060,C884.812.150.24.D.8.91116222,0,SCHEDULED,107.0,77.0,False,False,False,False,2026-09-16 12:12:47+00:00,2026-09-16 12:12:54.690496+00:00
20260916,799312986268590053,-3119105483601997636,C884.812.150.24.D.8.91116222,0,SCHEDULED,107.0,107.0,False,False,False,False,2026-09-16 12:12:47+00:00,2026-09-16 12:12:54.690496+00:00
20260916,4366774083614345187,3330155286583946050,K374.812.150.24.H.4.91114948,0,REPLACEMENT,0.0,,False,False,False,False,2026-09-16 12:12:47+00:00,2026-09-16 12:12:54.690496+00:00
20260916,7107036069782603127,8041570361657107919,N601.812.150.16.D.10.91116125,0,SCHEDULED,0.0,0.0,False,False,False,False,2026-09-16 12:12:47+00:00,2026-09-16 12:12:54.690496+00:00
20260916,7107036069782603127,-6403964468061029576,N601.812.150.16.D.10.91116125,0,SCHEDULED,0.0,0.0,False,False,False,False,2026-09-16 12:12:47+00:00,2026-09-16 12:12:54.690496+00:00
20260916,7107036069782603127,-6149382851983002653,N601.812.150.16.D.10.91116125,0,SCHEDULED,0.0,0.0,False,False,False,False,2026-09-16 12:12:47+00:00,2026-09-16 12:12:54.690496+00:00
20260916,7107036069782603127,-5356526370273672056,N601.812.150.16.D.10.91116125,0,SCHEDULED,0.0,0.0,False,False,False,False,2026-09-16 12:12:47+00:00,2026-09-16 12:12:54.690496+00:00
20260916,7107036069782603127,7043891849206051533,N601.812.150.16.D.10.91116125,0,SCHEDULED,0.0,0.0,False,False,False,False,2026-09-16 12:12:47+00:00,2026-09-16 12:12:54.690496+00:00
20260916,7107036069782603127,-8196270170076136865,N601.812.150.16.D.10.91116125,0,SCHEDULED,0.0,0.0,False,False,False,False,2026-09-16 12:12:47+00:00,2026-09-16 12:12:54.690496+00:00
20260916,7107036069782603127,-7824276421162881911,N601.812.150.16.D.10.91116125,0,SCHEDULED,0.0,0.0,False,False,False,False,2026-09-16 12:12:47+00:00,2026-09-16 12:12:54.690496+00:00
20260916,7107036069782603127,5364992397233623303,N601.812.150.16.D.10.91116125,0,SCHEDULED,0.0,0.0,False,False,False,False,2026-09-16 12:12:47+00:00,2026-09-16 12:12:54.690496+00:00
20260916,7107036069782603127,-1033042400137353946,N601.812.150.16.D.10.91116125,0,SCHEDULED,0.0,0.0,False,False,False,False,2026-09-16 12:12:47+00:00,2026-09-16 12:12:54.690496+00:00
20260916,7107036069782603127,-9091648635300439767,N601.812.150.16.D.10.91116125,0,SCHEDULED,0.0,0.0,False,False,False,False,2026-09-16 12:12:47+00:00,2026-09-16 12:12:54.690496+00:00
20260916,7107036069782603127,-7089916589314454996,N601.812.150.16.D.10.91116125,0,SCHEDULED,0.0,0.0,False,False,False,False,2026-09-16 12:12:47+00:00,2026-09-16 12:12:54.690496+00:00
20260916,7107036069782603127,1252546623115669200,N601.812.150.16.D.10.91116125,0,SCHEDULED,0.0,0.0,False,False,False,False,2026-09-16 12:12:47+00:00,2026-09-16 12:12:54.690496+00:00
20260916,7107036069782603127,-1808477083268811256,N601.812.150.16.D.10.91116125,0,SCHEDULED,0.0,0.0,False,False,False,False,2026-09-16 12:12:47+00:00,2026-09-16 12:12:54.690496+00:00
20260916,7107036069782603127,-6958619773406275623,N601.812.150.16.D.10.91116125,0,SCHEDULED,0.0,0.0,False,False,False,False,2026-09-16 12:12:47+00:00,2026-09-16 12:12:54.690496+00:00
20260916,-7316505829012677515,181633557305635578,SN78.812.150.16.N.2.91115683,0,SCHEDULED,552.0,0.0,True,False,False,False,2026-09-16 12:12:47+00:00,2026-09-16 12:12:54.690496+00:00
20260916,-7316505829012677515,-3226494801219101891,SN78.812.150.16.N.2.91115683,0,SCHEDULED,131.0,552.0,False,False,False,False,2026-09-16 12:12:47+00:00,2026-09-16 12:12:54.690496+00:00
20260916,8283204442033751644,-6817342502955226366,130U.812.150.16.A.8.91728684,0,SCHEDULED,0.0,0.0,False,False,False,False,2026-09-16 12:12:47+00:00,2026-09-16 12:12:54.690496+00:00
20260916,8283204442033751644,-8109062943416768923,130U.812.150.16.A.8.91728684,0,SCHEDULED,0.0,0.0,False,False,False,False,2026-09-16 12:12:47+00:00,2026-09-16 12:12:54.690496+00:00
20260916,8283204442033751644,5910429933619948288,130U.812.150.16.A.8.91728684,0,SCHEDULED,0.0,0.0,False,False,False,False,2026-09-16 12:12:47+00:00,2026-09-16 12:12:54.690496+00:00
20260916,8283204442033751644,6293317781789769049,130U.812.150.16.A.8.91728684,0,SCHEDULED,0.0,0.0,False,False,False,False,2026-09-16 12:12:47+00:00,2026-09-16 12:12:54.690496+00:00
20260916,8283204442033751644,-504663660726119441,130U.812.150.16.A.8.91728684,0,SCHEDULED,0.0,0.0,False,False,False,False,2026-09-16 12:12:47+00:00,2026-09-16 12:12:54.690496+00:00
20260916,8283204442033751644,-5490767611701501781,130U.812.150.16.A.8.91728684,0,SCHEDULED,0.0,0.0,False,False,False,False,2026-09-16 12:12:47+00:00,2026-09-16 12:12:54.690496+00:00
20260916,8283204442033751644,-7067462509829325937,130U.812.150.16.A.8.91728684,0,SCHEDULED,0.0,0.0,False,False,False,False,2026-09-16 12:12:47+00:00,2026-09-16 12:12:54.690496+00:00
20260916,8283204442033751644,-1159576259008233442,130U.812.150.16.A.8.91728684,0,SCHEDULED,0.0,0.0,False,False,False,False,2026-09-16 12:12:47+00:00,2026-09-16 12:12:54.690496+00:00
20260916,8283204442033751644,1249086895157883493,130U.812.150.16.A.8.91728684,0,SCHEDULED,0.0,0.0,False,False,False,False,2026-09-16 12:12:47+00:00,2026-09-16 12:12:54.690496+00:00
20260916,8283204442033751644,-7066026016142092038,130U.812.150.16.A.8.91728684,0,SCHEDULED,0.0,0.0,False,False,False,False,2026-09-16 12:12:47+00:00,2026-09-16 12:12:54.690496+00:00
20260916,8283204442033751644,-2244068803689482245,130U.812.150.16.A.8.91728684,0,SCHEDULED,0.0,0.0,False,False,False,False,2026-09-16 12:12:47+00:00,2026-09-16 12:12:54.690496+00:00
20260916,8283204442033751644,6712238427155524772,130U.812.150.16.A.8.91728684,0,SCHEDULED,0.0,0.0,False,False,False,False,2026-09-16 12:12:47+00:00,2026-09-16 12:12:54.690496+00:00
20260916,8283204442033751644,-3661915164080710936,130U.812.150.16.A.8.91728684,0,SCHEDULED,0.0,0.0,False,False,False,False,2026-09-16 12:12:47+00:00,2026-09-16 12:12:54.690496+00:00
20260916,8283204442033751644,4232244489046419403,130U.812.150.16.A.8.91728684,0,SCHEDULED,0.0,0.0,False,False,False,False,2026-09-16 12:12:47+00:00,2026-09-16 12:12:54.690496+00:00
20260916,-8074707193682375787,-6270797141784471995,14-M.812.150.48.B.8.91116379,0,SCHEDULED,0.0,0.0,False,False,False,False,2026-09-16 12:12:47+00:00,2026-09-16 12:12:54.690496+00:00
20260916,-8074707193682375787,8116839606302592422,14-M.812.150.48.B.8.91116379,0,SCHEDULED,0.0,0.0,False,False,False,False,2026-09-16 12:12:47+00:00,2026-09-16 12:12:54.690496+00:00
20260916,-8074707193682375787,-8371165257693926976,14-M.812.150.48.B.8.91116379,0,SCHEDULED,0.0,0.0,False,False,False,False,2026-09-16 12:12:47+00:00,2026-09-16 12:12:54.690496+00:00
20260916,-8074707193682375787,-1499590784136314024,14-M.812.150.48.B.8.91116379,0,SCHEDULED,0.0,0.0,False,False,False,False,2026-09-16 12:12:47+00:00,2026-09-16 12:12:54.690496+00:00
20260916,-8074707193682375787,8534557404726925046,14-M.812.150.48.B.8.91116379,0,SCHEDULED,0.0,0.0,False,False,False,False,2026-09-16 12:12:47+00:00,2026-09-16 12:12:54.690496+00:00
20260916,-8074707193682375787,6792093193056792515,14-M.812.150.48.B.8.91116379,0,SCHEDULED,0.0,0.0,False,False,False,False,2026-09-16 12:12:47+00:00,2026-09-16 12:12:54.690496+00:00
20260916,-8074707193682375787,4993455570594642710,14-M.812.150.48.B.8.91116379,0,SCHEDULED,0.0,0.0,False,False,False,False,2026-09-16 12:12:47+00:00,2026-09-16 12:12:54.690496+00:00
20260916,-8074707193682375787,5644835936414964127,14-M.812.150.48.B.8.91116379,0,SCHEDULED,0.0,0.0,False,False,False,False,2026-09-16 12:12:47+00:00,2026-09-16 12:12:54.690496+00:00
20260916,-8074707193682375787,-5754989209665518283,14-M.812.150.48.B.8.91116379,0,SCHEDULED,0.0,0.0,False,False,False,False,2026-09-16 12:12:47+00:00,2026-09-16 12:12:54.690496+00:00
20260916,-8074707193682375787,-6198597879138005252,14-M.812.150.48.B.8.91116379,0,SCHEDULED,0.0,0.0,False,False,False,False,2026-09-16 12:12:47+00:00,2026-09-16 12:12:54.690496+00:00
20260916,-8074707193682375787,4641946326572440052,14-M.812.150.48.B.8.91116379,0,SCHEDULED,0.0,0.0,False,False,False,False,2026-09-16 12:12:47+00:00,2026-09-16 12:12:54.690496+00:00
20260916,-8074707193682375787,-8119129655364501779,14-M.812.150.48.B.8.91116379,0,SCHEDULED,0.0,0.0,False,False,False,False,2026-09-16 12:12:47+00:00,2026-09-16 12:12:54.690496+00:00
20260916,-8074707193682375787,-5925274722480050083,14-M.812.150.48.B.8.91116379,0,SCHEDULED,0.0,0.0,False,False,False,False,2026-09-16 12:12:47+00:00,2026-09-16 12:12:54.690496+00:00
20260916,-8074707193682375787,-1472947109262562106,14-M.812.150.48.B.8.91116379,0,SCHEDULED,0.0,0.0,False,False,False,False,2026-09-16 12:12:47+00:00,2026-09-16 12:12:54.690496+00:00
20260916,-8074707193682375787,-4870470968172307795,14-M.812.150.48.B.8.91116379,0,SCHEDULED,0.0,0.0,False,False,False,False,2026-09-16 12:12:47+00:00,2026-09-16 12:12:54.690496+00:00
20260916,3536717535841731573,7043891849206051533,NT33.812.150.124.X.7.91116886,0,SCHEDULED,,75.0,,False,False,,2026-09-16 12:12:47+00:00,2026-09-16 12:12:54.690496+00:00
20260916,3536717535841731573,1252546623115669200,NT33.812.150.124.X.7.91116886,0,SCHEDULED,75.0,15.0,False,False,False,False,2026-09-16 12:12:47+00:00,2026-09-16 12:12:54.690496+00:00
20260916,3536717535841731573,3909981882789740269,NT33.812.150.124.X.7.91116886,0,SCHEDULED,15.0,0.0,False,False,False,False,2026-09-16 12:12:47+00:00,2026-09-16 12:12:54.690496+00:00
20260916,3536717535841731573,1698585907573654397,NT33.812.150.124.X.7.91116886,0,SCHEDULED,0.0,0.0,False,False,False,False,2026-09-16 12:12:47+00:00,2026-09-16 12:12:54.690496+00:00
20260916,3536717535841731573,-8062837161647338335,NT33.812.150.124.X.7.91116886,0,SCHEDULED,0.0,0.0,False,False,False,False,2026-09-16 12:12:47+00:00,2026-09-16 12:12:54.690496+00:00
20260916,3536717535841731573,3059937689321059292,NT33.812.150.124.X.7.91116886,0,SCHEDULED,0.0,0.0,False,False,False,False,2026-09-16 12:12:47+00:00,2026-09-16 12:12:54.690496+00:00
20260916,3536717535841731573,7080714280975614380,NT33.812.150.124.X.7.91116886,0,SCHEDULED,0.0,0.0,False,False,False,False,2026-09-16 12:12:47+00:00,2026-09-16 12:12:54.690496+00:00
20260916,3536717535841731573,-1885701883808349068,NT33.812.150.124.X.7.91116886,0,SCHEDULED,0.0,0.0,False,False,False,False,2026-09-16 12:12:47+00:00,2026-09-16 12:12:54.690496+00:00
20260916,3536717535841731573,-8689467695340882911,NT33.812.150.124.X.7.91116886,0,SCHEDULED,0.0,0.0,False,False,False,False,2026-09-16 12:12:47+00:00,2026-09-16 12:12:54.690496+00:00
20260916,3536717535841731573,-774737931110462098,NT33.812.150.124.X.7.91116886,0,SCHEDULED,0.0,0.0,False,False,False,False,2026-09-16 12:12:47+00:00,2026-09-16 12:12:54.690496+00:00
20260916,3536717535841731573,5524745222017179941,NT33.812.150.124.X.7.91116886,0,SCHEDULED,0.0,0.0,False,False,False,False,2026-09-16 12:12:47+00:00,2026-09-16 12:12:54.690496+00:00
20260916,3536717535841731573,8054730317046764538,NT33.812.150.124.X.7.91116886,0,SCHEDULED,0.0,0.0,False,False,False,False,2026-09-16 12:12:47+00:00,2026-09-16 12:12:54.690496+00:00
20260916,3536717535841731573,608974098622889897,NT33.812.150.124.X.7.91116886,0,SCHEDULED,0.0,0.0,False,False,False,False,2026-09-16 12:12:47+00:00,2026-09-16 12:12:54.690496+00:00
20260916,3536717535841731573,7204494286705356942,NT33.812.150.124.X.7.91116886,0,SCHEDULED,0.0,0.0,False,False,False,False,2026-09-16 12:12:47+00:00,2026-09-16 12:12:54.690496+00:00
20260916,3536717535841731573,-1360443701500691573,NT33.812.150.124.X.7.91116886,0,SCHEDULED,0.0,0.0,False,False,False,False,2026-09-16 12:12:47+00:00,2026-09-16 12:12:54.690496+00:00
20260916,3536717535841731573,1008245328140172903,NT33.812.150.124.X.7.91116886,0,SCHEDULED,0.0,0.0,False,False,False,False,2026-09-16 12:12:47+00:00,2026-09-16 12:12:54.690496+00:00
20260916,3536717535841731573,-9155555090668096282,NT33.812.150.124.X.7.91116886,0,SCHEDULED,0.0,0.0,False,False,False,False,2026-09-16 12:12:47+00:00,2026-09-16 12:12:54.690496+00:00
20260916,3536717535841731573,385214815048495830,NT33.812.150.124.X.7.91116886,0,SCHEDULED,0.0,0.0,False,False,False,False,2026-09-16 12:12:47+00:00,2026-09-16 12:12:54.690496+00:00
20260916,-4689984939195006273,3508940945860787276,162N.812.150.16.A.8.91115133,0,SCHEDULED,0.0,0.0,False,False,False,False,2026-09-16 12:12:47+00:00,2026-09-16 12:12:54.690496+00:00
20260916,-4689984939195006273,4683999382729454313,162N.812.150.16.A.8.91115133,0,SCHEDULED,0.0,0.0,False,False,False,False,2026-09-16 12:12:47+00:00,2026-09-16 12:12:54.690496+00:00
20260916,-4689984939195006273,1546226603274301800,162N.812.150.16.A.8.91115133,0,SCHEDULED,0.0,0.0,False,False,False,False,2026-09-16 12:12:47+00:00,2026-09-16 12:12:54.690496+00:00
20260916,-4689984939195006273,118992300971026198,162N.812.150.16.A.8.91115133,0,SCHEDULED,0.0,0.0,False,False,False,False,2026-09-16 12:12:47+00:00,2026-09-16 12:12:54.690496+00:00
20260916,-4689984939195006273,-8381759690622684572,162N.812.150.16.A.8.91115133,0,SCHEDULED,0.0,0.0,False,False,False,False,2026-09-16 12:12:47+00:00,2026-09-16 12:12:54.690496+00:00
20260916,-4689984939195006273,492133320578950194,162N.812.150.16.A.8.91115133,0,SCHEDULED,0.0,0.0,False,False,False,False,2026-09-16 12:12:47+00:00,2026-09-16 12:12:54.690496+00:00
20260916,-4689984939195006273,6960865287121943885,162N.812.150.16.A.8.91115133,0,SCHEDULED,0.0,0.0,False,False,False,False,2026-09-16 12:12:47+00:00,2026-09-16 12:12:54.690496+00:00
20260916,627028831985276158,-7340014484472577951,A418.812.149.8.D.10.91118366,0,SCHEDULED,0.0,0.0,False,False,True,False,2026-09-16 12:12:47+00:00,2026-09-16 12:12:54.690496+00:00
20260916,-4689984939195006273,3508940945860787276,198J.812.150.16.B.8.91119134,0,SCHEDULED,0.0,0.0,False,False,False,False,2026-09-16 12:12:47+00:00,2026-09-16 12:12:54.690496+00:00
20260916,-4689984939195006273,4683999382729454313,198J.812.150.16.B.8.91119134,0,SCHEDULED,0.0,0.0,False,False,False,False,2026-09-16 12:12:47+00:00,2026-09-16 12:12:54.690496+00:00
20260916,-4689984939195006273,1546226603274301800,198J.812.150.16.B.8.91119134,0,SCHEDULED,0.0,0.0,False,False,False,False,2026-09-16 12:12:47+00:00,2026-09-16 12:12:54.690496+00:00
20260916,-4689984939195006273,118992300971026198,198J.812.150.16.B.8.91119134,0,SCHEDULED,0.0,0.0,False,False,False,False,2026-09-16 12:12:47+00:00,2026-09-16 12:12:54.690496+00:00
20260916,-4689984939195006273,-8381759690622684572,198J.812.150.16.B.8.91119134,0,SCHEDULED,0.0,0.0,False,False,False,False,2026-09-16 12:12:47+00:00,2026-09-16 12:12:54.690496+00:00
20260916,-4689984939195006273,492133320578950194,198J.812.150.16.B.8.91119134,0,SCHEDULED,0.0,0.0,False,False,False,False,2026-09-16 12:12:47+00:00,2026-09-16 12:12:54.690496+00:00
20260916,-4689984939195006273,6960865287121943885,198J.812.150.16.B.8.91119134,0,SCHEDULED,0.0,0.0,False,False,False,False,2026-09-16 12:12:47+00:00,2026-09-16 12:12:54.690496+00:00
20260916,-4689984939195006273,4504583558386924408,198J.812.150.16.B.8.91119134,0,SCHEDULED,0.0,0.0,False,False,False,False,2026-09-16 12:12:47+00:00,2026-09-16 12:12:54.690496+00:00
20260916,-4689984939195006273,6144510546960053992,198J.812.150.16.B.8.91119134,0,SCHEDULED,0.0,0.0,False,False,False,False,2026-09-16 12:12:47+00:00,2026-09-16 12:12:54.690496+00:00
20260916,-4689984939195006273,7320276821397553074,198J.812.150.16.B.8.91119134,0,SCHEDULED,0.0,0.0,False,False,False,False,2026-09-16 12:12:47+00:00,2026-09-16 12:12:54.690496+00:00
20260916,-4689984939195006273,3021749488204407522,198J.812.150.16.B.8.91119134,0,SCHEDULED,0.0,0.0,False,False,False,False,2026-09-16 12:12:47+00:00,2026-09-16 12:12:54.690496+00:00
20260916,-4689984939195006273,-4576123028587082005,198J.812.150.16.B.8.91119134,0,SCHEDULED,0.0,0.0,False,False,False,False,2026-09-16 12:12:47+00:00,2026-09-16 12:12:54.690496+00:00
20260916,-4689984939195006273,-6627378620640566393,198J.812.150.16.B.8.91119134,0,SCHEDULED,0.0,0.0,False,False,False,False,2026-09-16 12:12:47+00:00,2026-09-16 12:12:54.690496+00:00
20260916,-4689984939195006273,-5510222690186109640,198J.812.150.16.B.8.91119134,0,SCHEDULED,0.0,0.0,False,False,False,False,2026-09-16 12:12:47+00:00,2026-09-16 12:12:54.690496+00:00
20260916,-4689984939195006273,-2125918043849023823,198J.812.150.16.B.8.91119134,0,SCHEDULED,0.0,0.0,False,False,False,False,2026-09-16 12:12:47+00:00,2026-09-16 12:12:54.690496+00:00
20260916,-4689984939195006273,-6607814288058595011,198J.812.150.16.B.8.91119134,0,SCHEDULED,0.0,0.0,False,False,False,False,2026-09-16 12:12:47+00:00,2026-09-16 12:12:54.690496+00:00
20260916,-4689984939195006273,-8917331883398452363,198J.812.150.16.B.8.91119134,0,SCHEDULED,116.0,0.0,False,False,False,False,2026-09-16 12:12:47+00:00,2026-09-16 12:12:54.690496+00:00
20260916,-4689984939195006273,-9024629707393703762,198J.812.150.16.B.8.91119134,0,SCHEDULED,0.0,0.0,False,False,False,False,2026-09-16 12:12:47+00:00,2026-09-16 12:12:54.690496+00:00
20260916,-4689984939195006273,-904133297077372003,198J.812.150.16.B.8.91119134,0,SCHEDULED,0.0,0.0,False,False,False,False,2026-09-16 12:12:47+00:00,2026-09-16 12:12:54.690496+00:00
20260916,-4689984939195006273,8926528296280516372,198J.812.150.16.B.8.91119134,0,SCHEDULED,0.0,0.0,False,False,False,False,2026-09-16 12:12:47+00:00,2026-09-16 12:12:54.690496+00:00
20260916,-4689984939195006273,-5570979485462827657,198J.812.150.16.B.8.91119134,0,SCHEDULED,0.0,0.0,False,False,False,False,2026-09-16 12:12:47+00:00,2026-09-16 12:12:54.690496+00:00
20260916,-4689984939195006273,6952433621366055465,198J.812.150.16.B.8.91119134,0,SCHEDULED,0.0,0.0,False,False,False,False,2026-09-16 12:12:47+00:00,2026-09-16 12:12:54.690496+00:00
20260916,-8074707193682375787,-6270797141784471995,24-L.812.150.48.B.8.91118733,0,SCHEDULED,0.0,0.0,False,False,False,False,2026-09-16 12:12:47+00:00,2026-09-16 12:12:54.690496+00:00
20260916,-8074707193682375787,8116839606302592422,24-L.812.150.48.B.8.91118733,0,SCHEDULED,0.0,0.0,False,False,False,False,2026-09-16 12:12:47+00:00,2026-09-16 12:12:54.690496+00:00
20260916,-8074707193682375787,-8371165257693926976,24-L.812.150.48.B.8.91118733,0,SCHEDULED,0.0,0.0,False,False,False,False,2026-09-16 12:12:47+00:00,2026-09-16 12:12:54.690496+00:00
20260916,-8074707193682375787,-1499590784136314024,24-L.812.150.48.B.8.91118733,0,SCHEDULED,0.0,0.0,False,False,False,False,2026-09-16 12:12:47+00:00,2026-09-16 12:12:54.690496+00:00
20260916,-8074707193682375787,8534557404726925046,24-L.812.150.48.B.8.91118733,0,SCHEDULED,0.0,0.0,False,False,False,False,2026-09-16 12:12:47+00:00,2026-09-16 12:12:54.690496+00:00
20260916,-8074707193682375787,-7347023239969974439,24-L.812.150.48.B.8.91118733,0,SCHEDULED,0.0,0.0,False,False,False,False,2026-09-16 12:12:47+00:00,2026-09-16 12:12:54.690496+00:00
20260916,-8074707193682375787,3685960514656409399,24-L.812.150.48.B.8.91118733,0,SCHEDULED,0.0,0.0,False,False,False,False,2026-09-16 12:12:47+00:00,2026-09-16 12:12:54.690496+00:00
20260916,-8074707193682375787,6792093193056792515,24-L.812.150.48.B.8.91118733,0,SCHEDULED,0.0,0.0,False,False,False,False,2026-09-16 12:12:47+00:00,2026-09-16 12:12:54.690496+00:00
20260916,-8074707193682375787,4993455570594642710,24-L.812.150.48.B.8.91118733,0,SCHEDULED,0.0,0.0,False,False,False,False,2026-09-16 12:12:47+00:00,2026-09-16 12:12:54.690496+00:00
20260916,-8074707193682375787,5644835936414964127,24-L.812.150.48.B.8.91118733,0,SCHEDULED,0.0,0.0,False,False,False,False,2026-09-16 12:12:47+00:00,2026-09-16 12:12:54.690496+00:00
20260916,-8074707193682375787,-5754989209665518283,24-L.812.150.48.B.8.91118733,0,SCHEDULED,0.0,0.0,False,False,False,False,2026-09-16 12:12:47+00:00,2026-09-16 12:12:54.690496+00:00
20260916,-8074707193682375787,-6198597879138005252,24-L.812.150.48.B.8.91118733,0,SCHEDULED,0.0,0.0,False,False,False,False,2026-09-16 12:12:47+00:00,2026-09-16 12:12:54.690496+00:00
20260916,-8074707193682375787,4641946326572440052,24-L.812.150.48.B.8.91118733,0,SCHEDULED,0.0,0.0,False,False,False,False,2026-09-16 12:12:47+00:00,2026-09-16 12:12:54.690496+00:00
20260916,-8074707193682375787,-8119129655364501779,24-L.812.150.48.B.8.91118733,0,SCHEDULED,0.0,0.0,False,False,False,False,2026-09-16 12:12:47+00:00,2026-09-16 12:12:54.690496+00:00
20260916,-8074707193682375787,-5925274722480050083,24-L.812.150.48.B.8.91118733,0,SCHEDULED,0.0,0.0,False,False,False,False,2026-09-16 12:12:47+00:00,2026-09-16 12:12:54.690496+00:00
20260916,-8074707193682375787,-1472947109262562106,24-L.812.150.48.B.8.91118733,0,SCHEDULED,0.0,0.0,False,False,False,False,2026-09-16 12:12:47+00:00,2026-09-16 12:12:54.690496+00:00
20260916,-8074707193682375787,-4870470968172307795,24-L.812.150.48.B.8.91118733,0,SCHEDULED,0.0,0.0,False,False,False,False,2026-09-16 12:12:47+00:00,2026-09-16 12:12:54.690496+00:00
20260916,-8074707193682375787,3194506089115629230,24-L.812.150.48.B.8.91118733,0,SCHEDULED,0.0,0.0,False,False,False,False,2026-09-16 12:12:47+00:00,2026-09-16 12:12:54.690496+00:00
20260916,-8074707193682375787,5352561739320346629,24-L.812.150.48.B.8.91118733,0,SCHEDULED,0.0,0.0,False,False,False,False,2026-09-16 12:12:47+00:00,2026-09-16 12:12:54.690496+00:00
20260916,2213430644432283724,-8878885375073503370,610M.812.150.16.T.8.91118060,0,SCHEDULED,0.0,0.0,False,False,False,False,2026-09-16 12:12:47+00:00,2026-09-16 12:12:54.690496+00:00
20260916,2213430644432283724,-5408461935977997803,610M.812.150.16.T.8.91118060,0,SCHEDULED,0.0,0.0,False,False,False,False,2026-09-16 12:12:47+00:00,2026-09-16 12:12:54.690496+00:00
20260916,2213430644432283724,5175978725872556493,610M.812.150.16.T.8.91118060,0,SCHEDULED,0.0,0.0,False,False,False,False,2026-09-16 12:12:47+00:00,2026-09-16 12:12:54.690496+00:00
20260916,2213430644432283724,2400575194895508650,610M.812.150.16.T.8.91118060,0,SCHEDULED,0.0,0.0,False,False,False,False,2026-09-16 12:12:47+00:00,2026-09-16 12:12:54.690496+00:00
20260916,2213430644432283724,-5027013652357604356,610M.812.150.16.T.8.91118060,0,SCHEDULED,0.0,0.0,False,False,False,False,2026-09-16 12:12:47+00:00,2026-09-16 12:12:54.690496+00:00
20260916,2213430644432283724,-3921659768394918962,610M.812.150.16.T.8.91118060,0,SCHEDULED,0.0,0.0,False,False,False,False,2026-09-16 12:12:47+00:00,2026-09-16 12:12:54.690496+00:00
20260916,2213430644432283724,6260316331497457735,610M.812.150.16.T.8.91118060,0,SCHEDULED,0.0,0.0,False,False,False,False,2026-09-16 12:12:47+00:00,2026-09-16 12:12:54.690496+00:00
20260916,2213430644432283724,4677734749154617412,610M.812.150.16.T.8.91118060,0,SCHEDULED,0.0,0.0,False,False,False,False,2026-09-16 12:12:47+00:00,2026-09-16 12:12:54.690496+00:00
20260916,2213430644432283724,-7110789718912403642,610M.812.150.16.T.8.91118060,0,SCHEDULED,0.0,0.0,False,False,False,False,2026-09-16 12:12:47+00:00,2026-09-16 12:12:54.690496+00:00
20260916,2213430644432283724,-5207432050937040547,610M.812.150.16.T.8.91118060,0,SCHEDULED,0.0,0.0,False,False,False,False,2026-09-16 12:12:47+00:00,2026-09-16 12:12:54.690496+00:00
20260916,2213430644432283724,-9006256556337552063,610M.812.150.16.T.8.91118060,0,SCHEDULED,0.0,0.0,False,False,False,False,2026-09-16 12:12:47+00:00,2026-09-16 12:12:54.690496+00:00
20260916,2213430644432283724,-527062628457462638,610M.812.150.16.T.8.91118060,0,SCHEDULED,0.0,0.0,False,False,False,False,2026-09-16 12:12:47+00:00,2026-09-16 12:12:54.690496+00:00
20260916,2213430644432283724,6234760950908674113,610M.812.150.16.T.8.91118060,0,SCHEDULED,0.0,0.0,False,False,False,False,2026-09-16 12:12:47+00:00,2026-09-16 12:12:54.690496+00:00
20260916,2213430644432283724,-7764139941610294159,610M.812.150.16.T.8.91118060,0,SCHEDULED,0.0,0.0,False,False,False,False,2026-09-16 12:12:47+00:00,2026-09-16 12:12:54.690496+00:00
20260916,2213430644432283724,5056884671245604652,610M.812.150.16.T.8.91118060,0,SCHEDULED,0.0,0.0,False,False,False,False,2026-09-16 12:12:47+00:00,2026-09-16 12:12:54.690496+00:00
20260916,2213430644432283724,5076508847195848498,610M.812.150.16.T.8.91118060,0,SCHEDULED,0.0,0.0,False,False,False,False,2026-09-16 12:12:47+00:00,2026-09-16 12:12:54.690496+00:00
20260916,2213430644432283724,103000179220261358,610M.812.150.16.T.8.91118060,0,SCHEDULED,0.0,0.0,False,False,False,False,2026-09-16 12:12:47+00:00,2026-09-16 12:12:54.690496+00:00
20260916,4366774083614345187,-1697801584359906855,722R.812.150.48.B.8.91115671,0,REPLACEMENT,0.0,,False,False,False,False,2026-09-16 12:12:47+00:00,2026-09-16 12:12:54.690496+00:00
20260916,8355324188916703396,3508940945860787276,123V.812.150.24.A.8.91405260,0,SCHEDULED,0.0,0.0,False,False,False,False,2026-09-16 12:12:47+00:00,2026-09-16 12:12:54.690496+00:00
20260916,8355324188916703396,4683999382729454313,123V.812.150.24.A.8.91405260,0,SCHEDULED,0.0,0.0,False,False,False,False,2026-09-16 12:12:47+00:00,2026-09-16 12:12:54.690496+00:00
20260916,8355324188916703396,2014667102838996453,123V.812.150.24.A.8.91405260,0,SCHEDULED,0.0,0.0,False,False,False,False,2026-09-16 12:12:47+00:00,2026-09-16 12:12:54.690496+00:00
20260916,8355324188916703396,-4373510304712658864,123V.812.150.24.A.8.91405260,0,SCHEDULED,26.0,0.0,False,False,False,False,2026-09-16 12:12:47+00:00,2026-09-16 12:12:54.690496+00:00
20260916,8355324188916703396,1167482730168436994,123V.812.150.24.A.8.91405260,0,SCHEDULED,26.0,26.0,False,False,False,False,2026-09-16 12:12:47+00:00,2026-09-16 12:12:54.690496+00:00
20260916,8355324188916703396,-2521707211368327806,123V.812.150.24.A.8.91405260,0,SCHEDULED,13.0,26.0,False,False,False,False,2026-09-16 12:12:47+00:00,2026-09-16 12:12:54.690496+00:00
20260916,-4689984939195006273,3508940945860787276,163P.812.150.16.A.8.91116059,0,REPLACEMENT,0.0,,False,False,False,False,2026-09-16 12:12:47+00:00,2026-09-16 12:12:54.690496+00:00
20260916,-4689984939195006273,4683999382729454313,163P.812.150.16.A.8.91116059,0,REPLACEMENT,0.0,0.0,False,False,False,False,2026-09-16 12:12:47+00:00,2026-09-16 12:12:54.690496+00:00
20260916,-4689984939195006273,1546226603274301800,163P.812.150.16.A.8.91116059,0,REPLACEMENT,0.0,0.0,False,False,False,False,2026-09-16 12:12:47+00:00,2026-09-16 12:12:54.690496+00:00
20260916,-4689984939195006273,118992300971026198,163P.812.150.16.A.8.91116059,0,REPLACEMENT,0.0,0.0,False,False,False,False,2026-09-16 12:12:47+00:00,2026-09-16 12:12:54.690496+00:00
20260916,-4689984939195006273,-8381759690622684572,163P.812.150.16.A.8.91116059,0,REPLACEMENT,0.0,0.0,False,False,False,False,2026-09-16 12:12:47+00:00,2026-09-16 12:12:54.690496+00:00
20260916,-4689984939195006273,492133320578950194,163P.812.150.16.A.8.91116059,0,REPLACEMENT,0.0,0.0,False,False,False,False,2026-09-16 12:12:47+00:00,2026-09-16 12:12:54.690496+00:00
20260916,-4689984939195006273,6960865287121943885,163P.812.150.16.A.8.91116059,0,REPLACEMENT,0.0,0.0,False,False,False,False,2026-09-16 12:12:47+00:00,2026-09-16 12:12:54.690496+00:00
20260916,-4689984939195006273,4504583558386924408,163P.812.150.16.A.8.91116059,0,REPLACEMENT,0.0,0.0,False,False,False,False,2026-09-16 12:12:47+00:00,2026-09-16 12:12:54.690496+00:00
20260916,-4689984939195006273,6144510546960053992,163P.812.150.16.A.8.91116059,0,REPLACEMENT,0.0,0.0,False,False,False,False,2026-09-16 12:12:47+00:00,2026-09-16 12:12:54.690496+00:00
20260916,-4689984939195006273,7320276821397553074,163P.812.150.16.A.8.91116059,0,REPLACEMENT,0.0,0.0,False,False,False,False,2026-09-16 12:12:47+00:00,2026-09-16 12:12:54.690496+00:00
20260916,-4689984939195006273,3021749488204407522,163P.812.150.16.A.8.91116059,0,REPLACEMENT,0.0,0.0,False,False,False,False,2026-09-16 12:12:47+00:00,2026-09-16 12:12:54.690496+00:00
20260916,-4689984939195006273,-4576123028587082005,163P.812.150.16.A.8.91116059,0,REPLACEMENT,0.0,0.0,False,False,False,False,2026-09-16 12:12:47+00:00,2026-09-16 12:12:54.690496+00:00
20260916,-4689984939195006273,-6627378620640566393,163P.812.150.16.A.8.91116059,0,REPLACEMENT,0.0,0.0,False,False,False,False,2026-09-16 12:12:47+00:00,2026-09-16 12:12:54.690496+00:00
20260916,-4689984939195006273,-5510222690186109640,163P.812.150.16.A.8.91116059,0,REPLACEMENT,0.0,0.0,False,False,False,False,2026-09-16 12:12:47+00:00,2026-09-16 12:12:54.690496+00:00
20260916,-4689984939195006273,-2125918043849023823,163P.812.150.16.A.8.91116059,0,REPLACEMENT,0.0,0.0,False,False,False,False,2026-09-16 12:12:47+00:00,2026-09-16 12:12:54.690496+00:00
20260916,-4689984939195006273,-6607814288058595011,163P.812.150.16.A.8.91116059,0,REPLACEMENT,0.0,0.0,False,False,False,False,2026-09-16 12:12:47+00:00,2026-09-16 12:12:54.690496+00:00
20260916,-4689984939195006273,-8917331883398452363,163P.812.150.16.A.8.91116059,0,REPLACEMENT,0.0,0.0,False,False,False,False,2026-09-16 12:12:47+00:00,2026-09-16 12:12:54.690496+00:00
20260916,-4689984939195006273,-9024629707393703762,163P.812.150.16.A.8.91116059,0,REPLACEMENT,0.0,0.0,False,False,False,False,2026-09-16 12:12:47+00:00,2026-09-16 12:12:54.690496+00:00
20260916,-4689984939195006273,-7175679468428617339,163P.812.150.16.A.8.91116059,0,REPLACEMENT,0.0,0.0,False,False,False,False,2026-09-16 12:12:47+00:00,2026-09-16 12:12:54.690496+00:00
20260916,-4689984939195006273,8926528296280516372,163P.812.150.16.A.8.91116059,0,REPLACEMENT,0.0,0.0,False,False,False,False,2026-09-16 12:12:47+00:00,2026-09-16 12:12:54.690496+00:00
20260916,-4689984939195006273,-5570979485462827657,163P.812.150.16.A.8.91116059,0,REPLACEMENT,0.0,0.0,False,False,False,False,2026-09-16 12:12:47+00:00,2026-09-16 12:12:54.690496+00:00
20260916,-4689984939195006273,6952433621366055465,163P.812.150.16.A.8.91116059,0,REPLACEMENT,0.0,0.0,False,False,False,False,2026-09-16 12:12:47+00:00,2026-09-16 12:12:54.690496+00:00
20260916,-8074707193682375787,-6270797141784471995,23-L.812.150.48.B.8.91116981,0,SCHEDULED,0.0,0.0,False,False,False,False,2026-09-16 12:12:47+00:00,2026-09-16 12:12:54.690496+00:00
20260916,-8074707193682375787,8116839606302592422,23-L.812.150.48.B.8.91116981,0,SCHEDULED,0.0,0.0,False,False,False,False,2026-09-16 12:12:47+00:00,2026-09-16 12:12:54.690496+00:00
20260916,-8074707193682375787,-1499590784136314024,23-L.812.150.48.B.8.91116981,0,SCHEDULED,0.0,0.0,False,False,False,False,2026-09-16 12:12:47+00:00,2026-09-16 12:12:54.690496+00:00
20260916,4366774083614345187,-7309827273581882508,610S.812.149.8.T.8.91116752,0,SCHEDULED,0.0,0.0,False,False,True,False,2026-09-16 12:12:47+00:00,2026-09-16 12:12:54.690496+00:00
20260916,4366774083614345187,6584838841058652888,Y420.812.150.48.D.10.91116150,0,REPLACEMENT,0.0,,False,False,False,False,2026-09-16 12:12:47+00:00,2026-09-16 12:12:54.690496+00:00
20260916,-8590447049958111075,-8676524930632608389,81-T.812.149.8.A.8.91114351,0,SCHEDULED,7.0,0.0,False,False,True,False,2026-09-16 12:12:47+00:00,2026-09-16 12:12:54.690496+00:00
20260916,8283204442033751644,-8109062943416768923,140W.812.150.16.A.8.91728652,0,SCHEDULED,0.0,0.0,False,False,False,False,2026-09-16 12:12:47+00:00,2026-09-16 12:12:54.690496+00:00
20260916,2213430644432283724,195996996370985595,601K.812.150.60.T.8.91116821,0,SCHEDULED,0.0,0.0,False,False,False,False,2026-09-16 12:12:47+00:00,2026-09-16 12:12:54.690496+00:00
20260916,2213430644432283724,-6319264484958793723,601K.812.150.60.T.8.91116821,0,SCHEDULED,18.0,18.0,False,False,False,False,2026-09-16 12:12:47+00:00,2026-09-16 12:12:54.690496+00:00
20260916,2213430644432283724,7441593026655814830,601K.812.150.60.T.8.91116821,0,SCHEDULED,18.0,0.0,False,False,False,False,2026-09-16 12:12:47+00:00,2026-09-16 12:12:54.690496+00:00
20260916,799312986268590053,3230408859105453451,KN92.812.150.16.N.2.91119931,0,REPLACEMENT,0.0,,False,False,False,False,2026-09-16 12:12:47+00:00,2026-09-16 12:12:54.690496+00:00
20260916,799312986268590053,8892766573855646026,KN92.812.150.16.N.2.91119931,0,REPLACEMENT,0.0,,False,False,False,False,2026-09-16 12:12:47+00:00,2026-09-16 12:12:54.690496+00:00
20260916,2347072026132267080,5795784222285602736,R794.812.150.16.D.6.91117354,0,REPLACEMENT,0.0,,False,False,False,False,2026-09-16 12:12:47+00:00,2026-09-16 12:12:54.690496+00:00
20260916,2347072026132267080,7492056347016962348,R794.812.150.16.D.6.91117354,0,REPLACEMENT,0.0,,False,False,False,False,2026-09-16 12:12:47+00:00,2026-09-16 12:12:54.690496+00:00
20260916,4366774083614345187,7770777499069084181,104C.812.150.124.T.8.91115753,0,REPLACEMENT,0.0,,False,False,False,False,2026-09-16 12:12:47+00:00,2026-09-16 12:12:54.690496+00:00
20260916,7107036069782603127,6091480518091113241,285G.812.150.16.H.8.91998990,0,SCHEDULED,0.0,0.0,False,False,False,False,2026-09-16 12:12:47+00:00,2026-09-16 12:12:54.690496+00:00
20260916,7107036069782603127,7571014054794640443,285G.812.150.16.H.8.91998990,0,SCHEDULED,0.0,0.0,False,False,False,False,2026-09-16 12:12:47+00:00,2026-09-16 12:12:54.690496+00:00
20260916,7107036069782603127,2882994503520754983,285G.812.150.16.H.8.91998990,0,SCHEDULED,0.0,0.0,False,False,False,False,2026-09-16 12:12:47+00:00,2026-09-16 12:12:54.690496+00:00
20260916,7107036069782603127,-2921896602186022664,285G.812.150.16.H.8.91998990,0,SCHEDULED,0.0,0.0,False,False,False,False,2026-09-16 12:12:47+00:00,2026-09-16 12:12:54.690496+00:00
20260916,7107036069782603127,-8802747951913464798,285G.812.150.16.H.8.91998990,0,SCHEDULED,0.0,0.0,False,False,False,False,2026-09-16 12:12:47+00:00,2026-09-16 12:12:54.690496+00:00
20260916,7107036069782603127,3341714465681365718,285G.812.150.16.H.8.91998990,0,SCHEDULED,0.0,0.0,False,False,False,False,2026-09-16 12:12:47+00:00,2026-09-16 12:12:54.690496+00:00
20260916,7107036069782603127,-7340014484472577951,285G.812.150.16.H.8.91998990,0,SCHEDULED,0.0,0.0,False,False,False,False,2026-09-16 12:12:47+00:00,2026-09-16 12:12:54.690496+00:00
20260916,-5236434750823934246,-6403964468061029576,N673.812.150.16.D.10.91530015,0,SCHEDULED,135.0,135.0,False,False,False,False,2026-09-16 12:12:47+00:00,2026-09-16 12:12:54.690496+00:00
20260916,-5236434750823934246,-6149382851983002653,N673.812.150.16.D.10.91530015,0,SCHEDULED,135.0,135.0,False,False,False,False,2026-09-16 12:12:47+00:00,2026-09-16 12:12:54.690496+00:00
20260916,-5236434750823934246,-5356526370273672056,N673.812.150.16.D.10.91530015,0,SCHEDULED,135.0,135.0,False,False,False,False,2026-09-16 12:12:47+00:00,2026-09-16 12:12:54.690496+00:00
20260916,-5236434750823934246,7043891849206051533,N673.812.150.16.D.10.91530015,0,SCHEDULED,135.0,135.0,False,False,False,False,2026-09-16 12:12:47+00:00,2026-09-16 12:12:54.690496+00:00
20260916,-5236434750823934246,-8196270170076136865,N673.812.150.16.D.10.91530015,0,SCHEDULED,135.0,135.0,False,False,False,False,2026-09-16 12:12:47+00:00,2026-09-16 12:12:54.690496+00:00
20260916,-5236434750823934246,-7824276421162881911,N673.812.150.16.D.10.91530015,0,SCHEDULED,135.0,135.0,False,False,False,False,2026-09-16 12:12:47+00:00,2026-09-16 12:12:54.690496+00:00
20260916,-5236434750823934246,5364992397233623303,N673.812.150.16.D.10.91530015,0,SCHEDULED,135.0,135.0,False,False,False,False,2026-09-16 12:12:47+00:00,2026-09-16 12:12:54.690496+00:00
20260916,-5236434750823934246,-1033042400137353946,N673.812.150.16.D.10.91530015,0,SCHEDULED,135.0,135.0,False,False,False,False,2026-09-16 12:12:47+00:00,2026-09-16 12:12:54.690496+00:00
20260916,-5236434750823934246,-9091648635300439767,N673.812.150.16.D.10.91530015,0,SCHEDULED,135.0,135.0,False,False,False,False,2026-09-16 12:12:47+00:00,2026-09-16 12:12:54.690496+00:00
20260916,-5236434750823934246,-7089916589314454996,N673.812.150.16.D.10.91530015,0,SCHEDULED,135.0,135.0,False,False,False,False,2026-09-16 12:12:47+00:00,2026-09-16 12:12:54.690496+00:00
20260916,-5236434750823934246,1252546623115669200,N673.812.150.16.D.10.91530015,0,SCHEDULED,135.0,135.0,False,False,False,False,2026-09-16 12:12:47+00:00,2026-09-16 12:12:54.690496+00:00
20260916,-5236434750823934246,5391668411992063355,N673.812.150.16.D.10.91530015,0,SCHEDULED,135.0,0.0,False,False,False,False,2026-09-16 12:12:47+00:00,2026-09-16 12:12:54.690496+00:00
20260916,-5236434750823934246,-6958619773406275623,N673.812.150.16.D.10.91530015,0,SCHEDULED,135.0,135.0,False,False,False,False,2026-09-16 12:12:47+00:00,2026-09-16 12:12:54.690496+00:00
20260916,5630525952252418354,4599181785305926972,600L.812.150.48.T.8.91118046,0,SCHEDULED,0.0,0.0,False,False,False,False,2026-09-16 12:12:47+00:00,2026-09-16 12:12:54.690496+00:00
20260916,5630525952252418354,-2840977376138885669,600L.812.150.48.T.8.91118046,0,SCHEDULED,0.0,0.0,False,False,False,False,2026-09-16 12:12:47+00:00,2026-09-16 12:12:54.690496+00:00
20260916,5630525952252418354,-5250691378248803399,600L.812.150.48.T.8.91118046,0,SCHEDULED,0.0,0.0,False,False,False,False,2026-09-16 12:12:47+00:00,2026-09-16 12:12:54.690496+00:00
20260916,5630525952252418354,5283802069566271788,600L.812.150.48.T.8.91118046,0,SCHEDULED,0.0,0.0,False,False,False,False,2026-09-16 12:12:47+00:00,2026-09-16 12:12:54.690496+00:00
20260916,5630525952252418354,3049108295002465205,600L.812.150.48.T.8.91118046,0,SCHEDULED,0.0,0.0,False,False,False,False,2026-09-16 12:12:47+00:00,2026-09-16 12:12:54.690496+00:00
20260916,5630525952252418354,6795477399301955320,600L.812.150.48.T.8.91118046,0,SCHEDULED,0.0,0.0,False,False,False,False,2026-09-16 12:12:47+00:00,2026-09-16 12:12:54.690496+00:00
20260916,5630525952252418354,4034867515855622552,600L.812.150.48.T.8.91118046,0,SCHEDULED,0.0,0.0,False,False,False,False,2026-09-16 12:12:47+00:00,2026-09-16 12:12:54.690496+00:00
20260916,-3539652250674250885,626746800398377953,C793.812.150.60.D.4.91115324,0,SCHEDULED,235.0,0.0,False,False,False,False,2026-09-16 12:12:47+00:00,2026-09-16 12:12:54.690496+00:00
20260916,-3539652250674250885,-2237549891709921557,C793.812.150.60.D.4.91115324,0,SCHEDULED,0.0,0.0,False,False,False,False,2026-09-16 12:12:47+00:00,2026-09-16 12:12:54.690496+00:00
20260916,-3539652250674250885,5235941531362629401,C793.812.150.60.D.4.91115324,0,SCHEDULED,0.0,0.0,False,False,False,False,2026-09-16 12:12:47+00:00,2026-09-16 12:12:54.690496+00:00
20260916,-3539652250674250885,-6489654447956971570,C793.812.150.60.D.4.91115324,0,SCHEDULED,0.0,0.0,False,False,False,False,2026-09-16 12:12:47+00:00,2026-09-16 12:12:54.690496+00:00
20260916,-3539652250674250885,-7611863689835171865,C793.812.150.60.D.4.91115324,0,SCHEDULED,0.0,0.0,False,False,False,False,2026-09-16 12:12:47+00:00,2026-09-16 12:12:54.690496+00:00
20260916,-3539652250674250885,3330155286583946050,C793.812.150.60.D.4.91115324,0,SCHEDULED,0.0,0.0,False,False,False,False,2026-09-16 12:12:47+00:00,2026-09-16 12:12:54.690496+00:00
20260916,-3539652250674250885,8495081945799119549,C793.812.150.60.D.4.91115324,0,SCHEDULED,0.0,0.0,False,False,False,False,2026-09-16 12:12:47+00:00,2026-09-16 12:12:54.690496+00:00
20260916,-3539652250674250885,-380561669406276413,C793.812.150.60.D.4.91115324,0,SCHEDULED,0.0,0.0,False,False,False,False,2026-09-16 12:12:47+00:00,2026-09-16 12:12:54.690496+00:00
20260916,-3539652250674250885,-6957614401158036483,C793.812.150.60.D.4.91115324,0,SCHEDULED,0.0,0.0,False,False,False,False,2026-09-16 12:12:47+00:00,2026-09-16 12:12:54.690496+00:00
20260916,-3539652250674250885,2512705171789316978,C793.812.150.60.D.4.91115324,0,SCHEDULED,0.0,0.0,False,False,False,False,2026-09-16 12:12:47+00:00,2026-09-16 12:12:54.690496+00:00
20260916,-3539652250674250885,3494105156940744729,C793.812.150.60.D.4.91115324,0,SCHEDULED,0.0,0.0,False,False,False,False,2026-09-16 12:12:47+00:00,2026-09-16 12:12:54.690496+00:00
20260916,-3539652250674250885,3820482148989844021,C793.812.150.60.D.4.91115324,0,SCHEDULED,0.0,0.0,False,False,False,False,2026-09-16 12:12:47+00:00,2026-09-16 12:12:54.690496+00:00
20260916,-3539652250674250885,-3511889679239990422,C793.812.150.60.D.4.91115324,0,SCHEDULED,0.0,0.0,False,False,False,False,2026-09-16 12:12:47+00:00,2026-09-16 12:12:54.690496+00:00
20260916,-3539652250674250885,-3594825175136695073,C793.812.150.60.D.4.91115324,0,SCHEDULED,0.0,0.0,False,False,False,False,2026-09-16 12:12:47+00:00,2026-09-16 12:12:54.690496+00:00
20260916,-3539652250674250885,-3136251228103413272,C793.812.150.60.D.4.91115324,0,SCHEDULED,0.0,0.0,False,False,False,False,2026-09-16 12:12:47+00:00,2026-09-16 12:12:54.690496+00:00
20260916,-3539652250674250885,7883039023634258668,C793.812.150.60.D.4.91115324,0,SCHEDULED,0.0,0.0,False,False,False,False,2026-09-16 12:12:47+00:00,2026-09-16 12:12:54.690496+00:00
20260916,-3539652250674250885,3569573201056283940,C793.812.150.60.D.4.91115324,0,SCHEDULED,0.0,0.0,False,False,False,False,2026-09-16 12:12:47+00:00,2026-09-16 12:12:54.690496+00:00
20260916,-3539652250674250885,6693734793650583897,C793.812.150.60.D.4.91115324,0,SCHEDULED,0.0,0.0,False,False,False,False,2026-09-16 12:12:47+00:00,2026-09-16 12:12:54.690496+00:00
20260916,-3539652250674250885,-8690273198388294068,C793.812.150.60.D.4.91115324,0,SCHEDULED,0.0,0.0,False,False,False,False,2026-09-16 12:12:47+00:00,2026-09-16 12:12:54.690496+00:00
20260916,-3539652250674250885,-4476067195020086168,C793.812.150.60.D.4.91115324,0,SCHEDULED,0.0,0.0,False,False,False,False,2026-09-16 12:12:47+00:00,2026-09-16 12:12:54.690496+00:00
20260916,-3539652250674250885,1118560694099315929,C793.812.150.60.D.4.91115324,0,SCHEDULED,0.0,0.0,False,False,False,False,2026-09-16 12:12:47+00:00,2026-09-16 12:12:54.690496+00:00
20260916,-3539652250674250885,2640178580055445606,C793.812.150.60.D.4.91115324,0,SCHEDULED,0.0,0.0,False,False,False,False,2026-09-16 12:12:47+00:00,2026-09-16 12:12:54.690496+00:00
20260916,-3539652250674250885,6896529127051888212,C793.812.150.60.D.4.91115324,0,SCHEDULED,0.0,0.0,False,False,False,False,2026-09-16 12:12:47+00:00,2026-09-16 12:12:54.690496+00:00
20260916,4366774083614345187,5391668411992063355,Y480.812.150.16.D.10.91690983,0,REPLACEMENT,0.0,,False,False,False,False,2026-09-16 12:12:47+00:00,2026-09-16 12:12:54.690496+00:00
20260916,4366774083614345187,7770777499069084181,104D.812.150.124.T.8.91115752,0,REPLACEMENT,0.0,,False,False,False,False,2026-09-16 12:12:47+00:00,2026-09-16 12:12:54.690496+00:00
20260916,-6150595769256102763,-4219429803445836875,605P.812.150.56.T.8.91119541,0,SCHEDULED,200.0,200.0,False,False,False,False,2026-09-16 12:12:47+00:00,2026-09-16 12:12:54.690496+00:00
20260916,-6150595769256102763,297624820277252912,605P.812.150.56.T.8.91119541,0,SCHEDULED,200.0,200.0,False,False,False,False,2026-09-16 12:12:47+00:00,2026-09-16 12:12:54.690496+00:00
20260916,-6150595769256102763,-195346573647412588,605P.812.150.56.T.8.91119541,0,SCHEDULED,200.0,200.0,False,False,False,False,2026-09-16 12:12:47+00:00,2026-09-16 12:12:54.690496+00:00
20260916,-6150595769256102763,-6009883719623835607,605P.812.150.56.T.8.91119541,0,SCHEDULED,200.0,0.0,False,False,False,False,2026-09-16 12:12:47+00:00,2026-09-16 12:12:54.690496+00:00
20260916,-6150595769256102763,6652955438869669195,605P.812.150.56.T.8.91119541,0,SCHEDULED,200.0,200.0,False,False,False,False,2026-09-16 12:12:47+00:00,2026-09-16 12:12:54.690496+00:00
20260916,-6150595769256102763,3498701763899896230,605P.812.150.56.T.8.91119541,0,SCHEDULED,200.0,200.0,False,False,False,False,2026-09-16 12:12:47+00:00,2026-09-16 12:12:54.690496+00:00
20260916,7107036069782603127,8041570361657107919,N781.812.150.16.D.4.91529927,0,SCHEDULED,0.0,0.0,False,False,False,False,2026-09-16 12:12:47+00:00,2026-09-16 12:12:54.690496+00:00
20260916,7107036069782603127,-6403964468061029576,N781.812.150.16.D.4.91529927,0,SCHEDULED,86.0,86.0,False,False,False,False,2026-09-16 12:12:47+00:00,2026-09-16 12:12:54.690496+00:00
20260916,7107036069782603127,-6149382851983002653,N781.812.150.16.D.4.91529927,0,SCHEDULED,86.0,86.0,False,False,False,False,2026-09-16 12:12:47+00:00,2026-09-16 12:12:54.690496+00:00
20260916,7107036069782603127,-5356526370273672056,N781.812.150.16.D.4.91529927,0,SCHEDULED,86.0,86.0,False,False,False,False,2026-09-16 12:12:47+00:00,2026-09-16 12:12:54.690496+00:00
20260916,7107036069782603127,7043891849206051533,N781.812.150.16.D.4.91529927,0,SCHEDULED,86.0,86.0,False,False,False,False,2026-09-16 12:12:47+00:00,2026-09-16 12:12:54.690496+00:00
20260916,7107036069782603127,-8196270170076136865,N781.812.150.16.D.4.91529927,0,SCHEDULED,86.0,86.0,False,False,False,False,2026-09-16 12:12:47+00:00,2026-09-16 12:12:54.690496+00:00
20260916,7107036069782603127,-7824276421162881911,N781.812.150.16.D.4.91529927,0,SCHEDULED,86.0,86.0,False,False,False,False,2026-09-16 12:12:47+00:00,2026-09-16 12:12:54.690496+00:00
20260916,7107036069782603127,5364992397233623303,N781.812.150.16.D.4.91529927,0,SCHEDULED,86.0,86.0,False,False,False,False,2026-09-16 12:12:47+00:00,2026-09-16 12:12:54.690496+00:00
20260916,7107036069782603127,-1033042400137353946,N781.812.150.16.D.4.91529927,0,SCHEDULED,86.0,86.0,False,False,False,False,2026-09-16 12:12:47+00:00,2026-09-16 12:12:54.690496+00:00
20260916,7107036069782603127,-9091648635300439767,N781.812.150.16.D.4.91529927,0,SCHEDULED,86.0,86.0,False,False,False,False,2026-09-16 12:12:47+00:00,2026-09-16 12:12:54.690496+00:00
20260916,7107036069782603127,-7089916589314454996,N781.812.150.16.D.4.91529927,0,SCHEDULED,86.0,86.0,False,False,False,False,2026-09-16 12:12:47+00:00,2026-09-16 12:12:54.690496+00:00
20260916,7107036069782603127,1252546623115669200,N781.812.150.16.D.4.91529927,0,SCHEDULED,86.0,86.0,False,False,False,False,2026-09-16 12:12:47+00:00,2026-09-16 12:12:54.690496+00:00
20260916,7107036069782603127,-1808477083268811256,N781.812.150.16.D.4.91529927,0,SCHEDULED,86.0,0.0,False,False,False,False,2026-09-16 12:12:47+00:00,2026-09-16 12:12:54.690496+00:00
20260916,7107036069782603127,-6958619773406275623,N781.812.150.16.D.4.91529927,0,SCHEDULED,86.0,86.0,False,False,False,False,2026-09-16 12:12:47+00:00,2026-09-16 12:12:54.690496+00:00
20260916,-2224808403655777439,4531506200413837868,W791.812.150.16.D.6.91119611,0,SCHEDULED,47.0,74.0,False,False,False,False,2026-09-16 12:12:47+00:00,2026-09-16 12:12:54.690496+00:00
20260916,-2224808403655777439,5750275029793367300,W791.812.150.16.D.6.91119611,0,SCHEDULED,74.0,74.0,False,False,False,False,2026-09-16 12:12:47+00:00,2026-09-16 12:12:54.690496+00:00
20260916,-2224808403655777439,-626614968598221823,W791.812.150.16.D.6.91119611,0,SCHEDULED,74.0,74.0,False,False,False,False,2026-09-16 12:12:47+00:00,2026-09-16 12:12:54.690496+00:00
20260916,-2224808403655777439,-1618440737550352620,W791.812.150.16.D.6.91119611,0,SCHEDULED,74.0,74.0,False,False,False,False,2026-09-16 12:12:47+00:00,2026-09-16 12:12:54.690496+00:00
20260916,-2224808403655777439,-5162018253951180662,W791.812.150.16.D.6.91119611,0,SCHEDULED,74.0,74.0,False,False,False,False,2026-09-16 12:12:47+00:00,2026-09-16 12:12:54.690496+00:00
20260916,-2224808403655777439,-6433623161466783565,W791.812.150.16.D.6.91119611,0,SCHEDULED,74.0,74.0,False,False,False,False,2026-09-16 12:12:47+00:00,2026-09-16 12:12:54.690496+00:00
20260916,-2224808403655777439,5686081304253461363,W791.812.150.16.D.6.91119611,0,SCHEDULED,74.0,74.0,False,False,False,False,2026-09-16 12:12:47+00:00,2026-09-16 12:12:54.690496+00:00
20260916,-2224808403655777439,7880124208405357719,W791.812.150.16.D.6.91119611,0,SCHEDULED,74.0,74.0,False,False,False,False,2026-09-16 12:12:47+00:00,2026-09-16 12:12:54.690496+00:00
20260916,-2224808403655777439,-3834719462094020986,W791.812.150.16.D.6.91119611,0,SCHEDULED,74.0,74.0,False,False,False,False,2026-09-16 12:12:47+00:00,2026-09-16 12:12:54.690496+00:00
20260916,-2224808403655777439,-240685897190665279,W791.812.150.16.D.6.91119611,0,SCHEDULED,74.0,74.0,False,False,False,False,2026-09-16 12:12:47+00:00,2026-09-16 12:12:54.690496+00:00
20260916,-2224808403655777439,-6079045902917181400,W791.812.150.16.D.6.91119611,0,SCHEDULED,74.0,74.0,False,False,False,False,2026-09-16 12:12:47+00:00,2026-09-16 12:12:54.690496+00:00
20260916,-2224808403655777439,-4225341880319433815,W791.812.150.16.D.6.91119611,0,SCHEDULED,74.0,74.0,False,False,False,False,2026-09-16 12:12:47+00:00,2026-09-16 12:12:54.690496+00:00
20260916,-2224808403655777439,-6474882195969192492,W791.812.150.16.D.6.91119611,0,SCHEDULED,74.0,74.0,False,False,False,False,2026-09-16 12:12:47+00:00,2026-09-16 12:12:54.690496+00:00
20260916,-2224808403655777439,204110664030150266,W791.812.150.16.D.6.91119611,0,SCHEDULED,74.0,74.0,False,False,False,False,2026-09-16 12:12:47+00:00,2026-09-16 12:12:54.690496+00:00
20260916,-2224808403655777439,7110827612088687853,W791.812.150.16.D.6.91119611,0,SCHEDULED,74.0,74.0,False,False,False,False,2026-09-16 12:12:47+00:00,2026-09-16 12:12:54.690496+00:00
20260916,-2224808403655777439,-5045458827246372555,W791.812.150.16.D.6.91119611,0,SCHEDULED,74.0,74.0,False,False,False,False,2026-09-16 12:12:47+00:00,2026-09-16 12:12:54.690496+00:00
20260916,-2224808403655777439,3884616038272931622,W791.812.150.16.D.6.91119611,0,SCHEDULED,74.0,74.0,False,False,False,False,2026-09-16 12:12:47+00:00,2026-09-16 12:12:54.690496+00:00
20260916,-2224808403655777439,1639139568355450626,W791.812.150.16.D.6.91119611,0,SCHEDULED,74.0,0.0,False,False,False,False,2026-09-16 12:12:47+00:00,2026-09-16 12:12:54.690496+00:00
20260916,4366774083614345187,6624991143862136785,Y685.812.150.80.D.10.91530018,0,SCHEDULED,86.0,0.0,False,False,False,False,2026-09-16 12:12:47+00:00,2026-09-16 12:12:54.690496+00:00
20260916,4366774083614345187,8446654175270410506,104A.812.150.124.T.8.91115864,0,REPLACEMENT,0.0,,False,False,False,False,2026-09-16 12:12:47+00:00,2026-09-16 12:12:54.690496+00:00
20260916,4366774083614345187,-1179123144834419479,R775.812.150.16.D.4.91115544,0,REPLACEMENT,0.0,,False,False,False,False,2026-09-16 12:12:47+00:00,2026-09-16 12:12:54.690496+00:00
20260916,8283204442033751644,-1906114871667065914,182Z.812.150.48.B.8.91119185,0,REPLACEMENT,0.0,0.0,False,False,False,False,2026-09-16 12:12:47+00:00,2026-09-16 12:12:54.690496+00:00
20260916,8283204442033751644,-8042109189266427146,182Z.812.150.48.B.8.91119185,0,REPLACEMENT,0.0,0.0,False,False,False,False,2026-09-16 12:12:47+00:00,2026-09-16 12:12:54.690496+00:00
20260916,8283204442033751644,-6817342502955226366,182Z.812.150.48.B.8.91119185,0,REPLACEMENT,0.0,0.0,False,False,False,False,2026-09-16 12:12:47+00:00,2026-09-16 12:12:54.690496+00:00
20260916,8283204442033751644,-8109062943416768923,182Z.812.150.48.B.8.91119185,0,REPLACEMENT,0.0,,False,False,False,False,2026-09-16 12:12:47+00:00,2026-09-16 12:12:54.690496+00:00
20260916,8283204442033751644,5910429933619948288,182Z.812.150.48.B.8.91119185,0,REPLACEMENT,0.0,0.0,False,False,False,False,2026-09-16 12:12:47+00:00,2026-09-16 12:12:54.690496+00:00
20260916,8283204442033751644,6293317781789769049,182Z.812.150.48.B.8.91119185,0,REPLACEMENT,0.0,0.0,False,False,False,False,2026-09-16 12:12:47+00:00,2026-09-16 12:12:54.690496+00:00
20260916,8283204442033751644,-504663660726119441,182Z.812.150.48.B.8.91119185,0,REPLACEMENT,0.0,0.0,False,False,False,False,2026-09-16 12:12:47+00:00,2026-09-16 12:12:54.690496+00:00
20260916,8283204442033751644,-5490767611701501781,182Z.812.150.48.B.8.91119185,0,REPLACEMENT,0.0,0.0,False,False,False,False,2026-09-16 12:12:47+00:00,2026-09-16 12:12:54.690496+00:00
20260916,8283204442033751644,-7067462509829325937,182Z.812.150.48.B.8.91119185,0,REPLACEMENT,0.0,0.0,False,False,False,False,2026-09-16 12:12:47+00:00,2026-09-16 12:12:54.690496+00:00
20260916,8283204442033751644,-1159576259008233442,182Z.812.150.48.B.8.91119185,0,REPLACEMENT,0.0,0.0,False,False,False,False,2026-09-16 12:12:47+00:00,2026-09-16 12:12:54.690496+00:00
20260916,8283204442033751644,1249086895157883493,182Z.812.150.48.B.8.91119185,0,REPLACEMENT,0.0,0.0,False,False,False,False,2026-09-16 12:12:47+00:00,2026-09-16 12:12:54.690496+00:00
20260916,8283204442033751644,-7066026016142092038,182Z.812.150.48.B.8.91119185,0,REPLACEMENT,0.0,0.0,False,False,False,False,2026-09-16 12:12:47+00:00,2026-09-16 12:12:54.690496+00:00
20260916,8283204442033751644,-2244068803689482245,182Z.812.150.48.B.8.91119185,0,REPLACEMENT,0.0,0.0,False,False,False,False,2026-09-16 12:12:47+00:00,2026-09-16 12:12:54.690496+00:00
20260916,8283204442033751644,3467698014067900630,182Z.812.150.48.B.8.91119185,0,REPLACEMENT,0.0,0.0,False,False,False,False,2026-09-16 12:12:47+00:00,2026-09-16 12:12:54.690496+00:00
20260916,8283204442033751644,1171768796122015062,182Z.812.150.48.B.8.91119185,0,REPLACEMENT,0.0,0.0,False,False,False,False,2026-09-16 12:12:47+00:00,2026-09-16 12:12:54.690496+00:00
20260916,8283204442033751644,6712238427155524772,182Z.812.150.48.B.8.91119185,0,REPLACEMENT,0.0,0.0,False,False,False,False,2026-09-16 12:12:47+00:00,2026-09-16 12:12:54.690496+00:00
20260916,8283204442033751644,-3661915164080710936,182Z.812.150.48.B.8.91119185,0,REPLACEMENT,0.0,0.0,False,False,False,False,2026-09-16 12:12:47+00:00,2026-09-16 12:12:54.690496+00:00
20260916,8283204442033751644,4232244489046419403,182Z.812.150.48.B.8.91119185,0,REPLACEMENT,0.0,0.0,False,False,False,False,2026-09-16 12:12:47+00:00,2026-09-16 12:12:54.690496+00:00
20260916,4622583836084576750,3508940945860787276,110J.812.150.124.T.8.91116931,0,REPLACEMENT,0.0,0.0,False,False,False,False,2026-09-16 12:12:47+00:00,2026-09-16 12:12:54.690496+00:00
20260916,4622583836084576750,7536020881108338221,110J.812.150.124.T.8.91116931,0,REPLACEMENT,0.0,0.0,False,False,False,False,2026-09-16 12:12:47+00:00,2026-09-16 12:12:54.690496+00:00
20260916,4622583836084576750,6202105477384046620,110J.812.150.124.T.8.91116931,0,REPLACEMENT,0.0,0.0,False,False,False,False,2026-09-16 12:12:47+00:00,2026-09-16 12:12:54.690496+00:00
20260916,4622583836084576750,5011251645022536307,110J.812.150.124.T.8.91116931,0,REPLACEMENT,0.0,0.0,False,False,False,False,2026-09-16 12:12:47+00:00,2026-09-16 12:12:54.690496+00:00
20260916,4622583836084576750,-6788983780378711223,110J.812.150.124.T.8.91116931,0,REPLACEMENT,0.0,0.0,False,False,False,False,2026-09-16 12:12:47+00:00,2026-09-16 12:12:54.690496+00:00
20260916,4622583836084576750,-2180087523068539759,110J.812.150.124.T.8.91116931,0,REPLACEMENT,0.0,0.0,False,False,False,False,2026-09-16 12:12:47+00:00,2026-09-16 12:12:54.690496+00:00
20260916,4622583836084576750,3978548535571031105,110J.812.150.124.T.8.91116931,0,REPLACEMENT,0.0,0.0,False,False,False,False,2026-09-16 12:12:47+00:00,2026-09-16 12:12:54.690496+00:00
20260916,4622583836084576750,-1484803317195334805,110J.812.150.124.T.8.91116931,0,REPLACEMENT,0.0,0.0,False,False,False,False,2026-09-16 12:12:47+00:00,2026-09-16 12:12:54.690496+00:00
20260916,4622583836084576750,-8795747107871235027,110J.812.150.124.T.8.91116931,0,REPLACEMENT,0.0,0.0,False,False,False,False,2026-09-16 12:12:47+00:00,2026-09-16 12:12:54.690496+00:00
20260916,4622583836084576750,-6507277496142926151,110J.812.150.124.T.8.91116931,0,REPLACEMENT,0.0,0.0,False,False,False,False,2026-09-16 12:12:47+00:00,2026-09-16 12:12:54.690496+00:00
20260916,4622583836084576750,-4719705806519373114,110J.812.150.124.T.8.91116931,0,REPLACEMENT,0.0,0.0,False,False,False,False,2026-09-16 12:12:47+00:00,2026-09-16 12:12:54.690496+00:00
20260916,4622583836084576750,2300098939432968099,110J.812.150.124.T.8.91116931,0,REPLACEMENT,0.0,0.0,False,False,False,False,2026-09-16 12:12:47+00:00,2026-09-16 12:12:54.690496+00:00
20260916,4622583836084576750,-8021387233322566415,110J.812.150.124.T.8.91116931,0,REPLACEMENT,0.0,0.0,False,False,False,False,2026-09-16 12:12:47+00:00,2026-09-16 12:12:54.690496+00:00
20260916,4622583836084576750,-8189528268114724594,110J.812.150.124.T.8.91116931,0,REPLACEMENT,0.0,0.0,False,False,False,False,2026-09-16 12:12:47+00:00,2026-09-16 12:12:54.690496+00:00
20260916,4622583836084576750,8463204548138423096,110J.812.150.124.T.8.91116931,0,REPLACEMENT,0.0,0.0,False,False,False,False,2026-09-16 12:12:47+00:00,2026-09-16 12:12:54.690496+00:00
20260916,4622583836084576750,976421500923668027,110J.812.150.124.T.8.91116931,0,REPLACEMENT,0.0,0.0,False,False,False,False,2026-09-16 12:12:47+00:00,2026-09-16 12:12:54.690496+00:00
20260916,4622583836084576750,6868354577700387348,110J.812.150.124.T.8.91116931,0,REPLACEMENT,0.0,0.0,False,False,False,False,2026-09-16 12:12:47+00:00,2026-09-16 12:12:54.690496+00:00
20260916,4622583836084576750,-2175101314296702230,110J.812.150.124.T.8.91116931,0,REPLACEMENT,0.0,0.0,False,False,False,False,2026-09-16 12:12:47+00:00,2026-09-16 12:12:54.690496+00:00
20260916,4622583836084576750,-8238392344119364974,110J.812.150.124.T.8.91116931,0,REPLACEMENT,163.0,,False,False,False,False,2026-09-16 12:12:47+00:00,2026-09-16 12:12:54.690496+00:00
20260916,4622583836084576750,4735193369246221649,110J.812.150.124.T.8.91116931,0,REPLACEMENT,0.0,0.0,False,False,False,False,2026-09-16 12:12:47+00:00,2026-09-16 12:12:54.690496+00:00
20260916,-7246217427817351284,-7153867206641337415,81-P.812.150.48.A.8.91116115,0,SCHEDULED,153.0,123.0,False,False,False,False,2026-09-16 12:12:47+00:00,2026-09-16 12:12:54.690496+00:00
20260916,-7246217427817351284,-5009032479495747979,81-P.812.150.48.A.8.91116115,0,SCHEDULED,153.0,153.0,False,False,False,False,2026-09-16 12:12:47+00:00,2026-09-16 12:12:54.690496+00:00
20260916,-7246217427817351284,7906477756664692617,81-P.812.150.48.A.8.91116115,0,SCHEDULED,153.0,153.0,False,False,False,False,2026-09-16 12:12:47+00:00,2026-09-16 12:12:54.690496+00:00
20260916,-7246217427817351284,7025016748622994863,81-P.812.150.48.A.8.91116115,0,SCHEDULED,153.0,153.0,False,False,False,False,2026-09-16 12:12:47+00:00,2026-09-16 12:12:54.690496+00:00
20260916,-7246217427817351284,8635166941213022922,81-P.812.150.48.A.8.91116115,0,SCHEDULED,153.0,153.0,False,False,False,False,2026-09-16 12:12:47+00:00,2026-09-16 12:12:54.690496+00:00
20260916,-7246217427817351284,2077048829488502200,81-P.812.150.48.A.8.91116115,0,SCHEDULED,183.0,153.0,False,False,False,False,2026-09-16 12:12:47+00:00,2026-09-16 12:12:54.690496+00:00
20260916,-7246217427817351284,4454737578788425732,81-P.812.150.48.A.8.91116115,0,SCHEDULED,183.0,183.0,False,False,False,False,2026-09-16 12:12:47+00:00,2026-09-16 12:12:54.690496+00:00
20260916,-7246217427817351284,4873211797596941675,81-P.812.150.48.A.8.91116115,0,SCHEDULED,183.0,183.0,False,False,False,False,2026-09-16 12:12:47+00:00,2026-09-16 12:12:54.690496+00:00
20260916,-6221745689490968550,1048280793838685142,ST23.812.150.112.X.7.91529725,0,SCHEDULED,0.0,0.0,False,False,False,False,2026-09-16 12:12:47+00:00,2026-09-16 12:12:54.690496+00:00
20260916,-6221745689490968550,8999946313069962505,ST23.812.150.112.X.7.91529725,0,SCHEDULED,0.0,0.0,False,False,False,False,2026-09-16 12:12:47+00:00,2026-09-16 12:12:54.690496+00:00
20260916,-6221745689490968550,5507929326770945937,ST23.812.150.112.X.7.91529725,0,SCHEDULED,0.0,0.0,False,False,False,False,2026-09-16 12:12:47+00:00,2026-09-16 12:12:54.690496+00:00
20260916,-6221745689490968550,-9046360717315089638,ST23.812.150.112.X.7.91529725,0,SCHEDULED,0.0,0.0,False,False,False,False,2026-09-16 12:12:47+00:00,2026-09-16 12:12:54.690496+00:00
20260916,-6221745689490968550,-7544388259149659356,ST23.812.150.112.X.7.91529725,0,SCHEDULED,0.0,0.0,False,False,False,False,2026-09-16 12:12:47+00:00,2026-09-16 12:12:54.690496+00:00
20260916,-6221745689490968550,5594090472067316080,ST23.812.150.112.X.7.91529725,0,SCHEDULED,223.0,133.0,False,False,False,False,2026-09-16 12:12:47+00:00,2026-09-16 12:12:54.690496+00:00
20260916,-6221745689490968550,-4215070570825713297,ST23.812.150.112.X.7.91529725,0,SCHEDULED,133.0,43.0,False,False,False,False,2026-09-16 12:12:47+00:00,2026-09-16 12:12:54.690496+00:00
20260916,-6221745689490968550,-4245897116525681373,ST23.812.150.112.X.7.91529725,0,SCHEDULED,43.0,43.0,False,False,False,False,2026-09-16 12:12:47+00:00,2026-09-16 12:12:54.690496+00:00
20260916,-6221745689490968550,-9014864440119915937,ST23.812.150.112.X.7.91529725,0,SCHEDULED,43.0,0.0,False,False,False,False,2026-09-16 12:12:47+00:00,2026-09-16 12:12:54.690496+00:00
20260916,-6221745689490968550,-4464085945803201387,ST23.812.150.112.X.7.91529725,0,SCHEDULED,0.0,0.0,False,False,False,False,2026-09-16 12:12:47+00:00,2026-09-16 12:12:54.690496+00:00
20260916,-6221745689490968550,2861133072835355442,ST23.812.150.112.X.7.91529725,0,SCHEDULED,0.0,0.0,False,False,False,False,2026-09-16 12:12:47+00:00,2026-09-16 12:12:54.690496+00:00
20260916,-6221745689490968550,-7576476589388505962,ST23.812.150.112.X.7.91529725,0,SCHEDULED,0.0,0.0,False,False,False,False,2026-09-16 12:12:47+00:00,2026-09-16 12:12:54.690496+00:00
20260916,-6221745689490968550,6829906344003623794,ST23.812.150.112.X.7.91529725,0,SCHEDULED,0.0,0.0,False,False,False,False,2026-09-16 12:12:47+00:00,2026-09-16 12:12:54.690496+00:00
20260916,-6221745689490968550,1660767294129399999,ST23.812.150.112.X.7.91529725,0,SCHEDULED,0.0,0.0,False,False,False,False,2026-09-16 12:12:47+00:00,2026-09-16 12:12:54.690496+00:00
20260916,-6221745689490968550,1816715991090178110,ST23.812.150.112.X.7.91529725,0,SCHEDULED,0.0,0.0,False,False,False,False,2026-09-16 12:12:47+00:00,2026-09-16 12:12:54.690496+00:00
20260916,-6221745689490968550,7120448861424223905,ST23.812.150.112.X.7.91529725,0,SCHEDULED,0.0,0.0,False,False,False,False,2026-09-16 12:12:47+00:00,2026-09-16 12:12:54.690496+00:00
20260916,-6221745689490968550,5841106658092049649,ST23.812.150.112.X.7.91529725,0,SCHEDULED,0.0,0.0,False,False,False,False,2026-09-16 12:12:47+00:00,2026-09-16 12:12:54.690496+00:00
20260916,6965782384900562698,-1906114871667065914,120V.812.150.16.A.8.92172584,0,SCHEDULED,0.0,0.0,False,False,False,False,2026-09-16 12:12:47+00:00,2026-09-16 12:12:54.690496+00:00
20260916,6965782384900562698,-8903371073604344195,120V.812.150.16.A.8.92172584,0,SCHEDULED,0.0,0.0,False,False,False,False,2026-09-16 12:12:47+00:00,2026-09-16 12:12:54.690496+00:00
20260916,6965782384900562698,-547101269315442553,120V.812.150.16.A.8.92172584,0,SCHEDULED,0.0,0.0,False,False,False,False,2026-09-16 12:12:47+00:00,2026-09-16 12:12:54.690496+00:00
20260916,6965782384900562698,4307401460270953512,120V.812.150.16.A.8.92172584,0,SCHEDULED,0.0,0.0,False,False,False,False,2026-09-16 12:12:47+00:00,2026-09-16 12:12:54.690496+00:00
20260916,6965782384900562698,-5420673490650911212,120V.812.150.16.A.8.92172584,0,SCHEDULED,0.0,0.0,False,False,False,False,2026-09-16 12:12:47+00:00,2026-09-16 12:12:54.690496+00:00
20260916,6965782384900562698,-6475982795972593312,120V.812.150.16.A.8.92172584,0,SCHEDULED,0.0,0.0,False,False,False,False,2026-09-16 12:12:47+00:00,2026-09-16 12:12:54.690496+00:00
20260916,6965782384900562698,-335714526552119841,120V.812.150.16.A.8.92172584,0,SCHEDULED,0.0,0.0,False,False,False,False,2026-09-16 12:12:47+00:00,2026-09-16 12:12:54.690496+00:00
20260916,6965782384900562698,-4248716776482060069,120V.812.150.16.A.8.92172584,0,SCHEDULED,0.0,0.0,False,False,False,False,2026-09-16 12:12:47+00:00,2026-09-16 12:12:54.690496+00:00
20260916,6965782384900562698,6575595418068994273,120V.812.150.16.A.8.92172584,0,SCHEDULED,0.0,0.0,False,False,False,False,2026-09-16 12:12:47+00:00,2026-09-16 12:12:54.690496+00:00
20260916,6965782384900562698,-2876658330315507475,120V.812.150.16.A.8.92172584,0,SCHEDULED,0.0,0.0,False,False,False,False,2026-09-16 12:12:47+00:00,2026-09-16 12:12:54.690496+00:00
20260916,6965782384900562698,-1584445096477889585,120V.812.150.16.A.8.92172584,0,SCHEDULED,0.0,0.0,False,False,False,False,2026-09-16 12:12:47+00:00,2026-09-16 12:12:54.690496+00:00
20260916,6965782384900562698,9127642123165832803,120V.812.150.16.A.8.92172584,0,SCHEDULED,0.0,0.0,False,False,False,False,2026-09-16 12:12:47+00:00,2026-09-16 12:12:54.690496+00:00
20260916,6965782384900562698,-1406341277626263536,120V.812.150.16.A.8.92172584,0,SCHEDULED,0.0,0.0,False,False,False,False,2026-09-16 12:12:47+00:00,2026-09-16 12:12:54.690496+00:00
20260916,6965782384900562698,2405703856655622994,120V.812.150.16.A.8.92172584,0,SCHEDULED,0.0,0.0,False,False,False,False,2026-09-16 12:12:47+00:00,2026-09-16 12:12:54.690496+00:00
20260916,6965782384900562698,-2661336592951695888,120V.812.150.16.A.8.92172584,0,SCHEDULED,0.0,0.0,False,False,False,False,2026-09-16 12:12:47+00:00,2026-09-16 12:12:54.690496+00:00
20260916,6965782384900562698,-8077340478999660585,120V.812.150.16.A.8.92172584,0,SCHEDULED,0.0,0.0,False,False,False,False,2026-09-16 12:12:47+00:00,2026-09-16 12:12:54.690496+00:00
20260916,6965782384900562698,-7067197113145369398,120V.812.150.16.A.8.92172584,0,SCHEDULED,0.0,0.0,False,False,False,False,2026-09-16 12:12:47+00:00,2026-09-16 12:12:54.690496+00:00
20260916,6965782384900562698,5187515741913650712,120V.812.150.16.A.8.92172584,0,SCHEDULED,0.0,0.0,False,False,False,False,2026-09-16 12:12:47+00:00,2026-09-16 12:12:54.690496+00:00
20260916,6965782384900562698,7253436937350935639,120V.812.150.16.A.8.92172584,0,SCHEDULED,0.0,0.0,False,False,False,False,2026-09-16 12:12:47+00:00,2026-09-16 12:12:54.690496+00:00
20260916,6965782384900562698,5934731588982600981,120V.812.150.16.A.8.92172584,0,SCHEDULED,0.0,0.0,False,False,False,False,2026-09-16 12:12:47+00:00,2026-09-16 12:12:54.690496+00:00
20260916,6965782384900562698,8750284778735267708,120V.812.150.16.A.8.92172584,0,SCHEDULED,0.0,0.0,False,False,False,False,2026-09-16 12:12:47+00:00,2026-09-16 12:12:54.690496+00:00
20260916,6965782384900562698,-977305394673960002,120V.812.150.16.A.8.92172584,0,SCHEDULED,0.0,0.0,False,False,False,False,2026-09-16 12:12:47+00:00,2026-09-16 12:12:54.690496+00:00
20260916,6965782384900562698,-8431182368565123632,120V.812.150.16.A.8.92172584,0,SCHEDULED,0.0,0.0,False,False,False,False,2026-09-16 12:12:47+00:00,2026-09-16 12:12:54.690496+00:00
20260916,6965782384900562698,-320451119006328845,120V.812.150.16.A.8.92172584,0,SCHEDULED,27.0,0.0,False,False,False,False,2026-09-16 12:12:47+00:00,2026-09-16 12:12:54.690496+00:00
20260916,4366774083614345187,-8238392344119364974,197P.812.150.48.B.8.91684388,0,REPLACEMENT,0.0,,False,False,False,False,2026-09-16 12:12:47+00:00,2026-09-16 12:12:54.690496+00:00
20260916,-6150595769256102763,195996996370985595,612T.812.150.60.T.8.91114797,0,SCHEDULED,0.0,0.0,False,False,False,False,2026-09-16 12:12:47+00:00,2026-09-16 12:12:54.690496+00:00
20260916,-6150595769256102763,-6319264484958793723,612T.812.150.60.T.8.91114797,0,SCHEDULED,0.0,0.0,False,False,False,False,2026-09-16 12:12:47+00:00,2026-09-16 12:12:54.690496+00:00
20260916,-6150595769256102763,7441593026655814830,612T.812.150.60.T.8.91114797,0,SCHEDULED,0.0,0.0,False,False,False,False,2026-09-16 12:12:47+00:00,2026-09-16 12:12:54.690496+00:00
20260916,-6150595769256102763,-2222922355244971541,612T.812.150.60.T.8.91114797,0,SCHEDULED,0.0,0.0,False,False,False,False,2026-09-16 12:12:47+00:00,2026-09-16 12:12:54.690496+00:00
20260916,-6150595769256102763,4549896384088506662,612T.812.150.60.T.8.91114797,0,SCHEDULED,0.0,0.0,False,False,False,False,2026-09-16 12:12:47+00:00,2026-09-16 12:12:54.690496+00:00
20260916,-6150595769256102763,7298766431076032142,612T.812.150.60.T.8.91114797,0,SCHEDULED,0.0,0.0,False,False,False,False,2026-09-16 12:12:47+00:00,2026-09-16 12:12:54.690496+00:00
20260916,-6150595769256102763,-9175316127581631929,612T.812.150.60.T.8.91114797,0,SCHEDULED,0.0,0.0,False,False,False,False,2026-09-16 12:12:47+00:00,2026-09-16 12:12:54.690496+00:00
20260916,-6150595769256102763,-8878885375073503370,612T.812.150.60.T.8.91114797,0,SCHEDULED,0.0,0.0,False,False,False,False,2026-09-16 12:12:47+00:00,2026-09-16 12:12:54.690496+00:00
20260916,-6150595769256102763,5175978725872556493,612T.812.150.60.T.8.91114797,0,SCHEDULED,0.0,0.0,False,False,False,False,2026-09-16 12:12:47+00:00,2026-09-16 12:12:54.690496+00:00
20260916,-6150595769256102763,-3921659768394918962,612T.812.150.60.T.8.91114797,0,SCHEDULED,0.0,0.0,False,False,False,False,2026-09-16 12:12:47+00:00,2026-09-16 12:12:54.690496+00:00
20260916,-6150595769256102763,6260316331497457735,612T.812.150.60.T.8.91114797,0,SCHEDULED,0.0,0.0,False,False,False,False,2026-09-16 12:12:47+00:00,2026-09-16 12:12:54.690496+00:00
20260916,-6150595769256102763,4677734749154617412,612T.812.150.60.T.8.91114797,0,SCHEDULED,0.0,0.0,False,False,False,False,2026-09-16 12:12:47+00:00,2026-09-16 12:12:54.690496+00:00
20260916,-6150595769256102763,-7110789718912403642,612T.812.150.60.T.8.91114797,0,SCHEDULED,0.0,0.0,False,False,False,False,2026-09-16 12:12:47+00:00,2026-09-16 12:12:54.690496+00:00
20260916,-6150595769256102763,-5207432050937040547,612T.812.150.60.T.8.91114797,0,SCHEDULED,0.0,0.0,False,False,False,False,2026-09-16 12:12:47+00:00,2026-09-16 12:12:54.690496+00:00
20260916,-6150595769256102763,-9006256556337552063,612T.812.150.60.T.8.91114797,0,SCHEDULED,0.0,0.0,False,False,False,False,2026-09-16 12:12:47+00:00,2026-09-16 12:12:54.690496+00:00
20260916,-6150595769256102763,-527062628457462638,612T.812.150.60.T.8.91114797,0,SCHEDULED,0.0,0.0,False,False,False,False,2026-09-16 12:12:47+00:00,2026-09-16 12:12:54.690496+00:00
20260916,-6150595769256102763,2486720923796449727,612T.812.150.60.T.8.91114797,0,SCHEDULED,0.0,0.0,False,False,False,False,2026-09-16 12:12:47+00:00,2026-09-16 12:12:54.690496+00:00
20260916,-6150595769256102763,-8921732873728039140,612T.812.150.60.T.8.91114797,0,SCHEDULED,0.0,0.0,False,False,False,False,2026-09-16 12:12:47+00:00,2026-09-16 12:12:54.690496+00:00
20260916,-6150595769256102763,2836247165269935309,612T.812.150.60.T.8.91114797,0,SCHEDULED,0.0,0.0,False,False,False,False,2026-09-16 12:12:47+00:00,2026-09-16 12:12:54.690496+00:00
20260916,-6150595769256102763,-4219429803445836875,612T.812.150.60.T.8.91114797,0,SCHEDULED,0.0,0.0,False,False,False,False,2026-09-16 12:12:47+00:00,2026-09-16 12:12:54.690496+00:00
20260916,-6150595769256102763,297624820277252912,612T.812.150.60.T.8.91114797,0,SCHEDULED,0.0,0.0,False,False,False,False,2026-09-16 12:12:47+00:00,2026-09-16 12:12:54.690496+00:00
20260916,-6150595769256102763,-195346573647412588,612T.812.150.60.T.8.91114797,0,SCHEDULED,0.0,0.0,False,False,False,False,2026-09-16 12:12:47+00:00,2026-09-16 12:12:54.690496+00:00
20260916,-6150595769256102763,-6009883719623835607,612T.812.150.60.T.8.91114797,0,SCHEDULED,0.0,0.0,False,False,False,False,2026-09-16 12:12:47+00:00,2026-09-16 12:12:54.690496+00:00
20260916,-6150595769256102763,6652955438869669195,612T.812.150.60.T.8.91114797,0,SCHEDULED,0.0,0.0,False,False,False,False,2026-09-16 12:12:47+00:00,2026-09-16 12:12:54.690496+00:00
20260916,-6150595769256102763,3498701763899896230,612T.812.150.60.T.8.91114797,0,SCHEDULED,0.0,0.0,False,False,False,False,2026-09-16 12:12:47+00:00,2026-09-16 12:12:54.690496+00:00
20260916,-6150595769256102763,-7764139941610294159,612T.812.150.60.T.8.91114797,0,SCHEDULED,0.0,0.0,False,False,False,False,2026-09-16 12:12:47+00:00,2026-09-16 12:12:54.690496+00:00
20260916,4366774083614345187,7492056347016962348,R786.812.150.16.D.6.91119849,0,REPLACEMENT,0.0,,False,False,False,False,2026-09-16 12:12:47+00:00,2026-09-16 12:12:54.690496+00:00
20260916,-7364126812600970332,4293098971405897316,L1ES.812.150.56.M.4.91549715,0,SCHEDULED,0.0,0.0,False,False,False,False,2026-09-16 12:12:47+00:00,2026-09-16 12:12:54.690496+00:00
20260916,-7364126812600970332,3687435592522817353,L1ES.812.150.56.M.4.91549715,0,SCHEDULED,0.0,0.0,False,False,False,False,2026-09-16 12:12:47+00:00,2026-09-16 12:12:54.690496+00:00
20260916,7107036069782603127,-8109062943416768923,N683.812.150.16.D.10.91529925,0,SCHEDULED,0.0,0.0,False,False,False,False,2026-09-16 12:12:47+00:00,2026-09-16 12:12:54.690496+00:00
20260916,7107036069782603127,2881518867304474700,N683.812.150.16.D.10.91529925,0,SCHEDULED,0.0,0.0,False,False,False,False,2026-09-16 12:12:47+00:00,2026-09-16 12:12:54.690496+00:00
20260916,7107036069782603127,2596648877091631911,N683.812.150.16.D.10.91529925,0,SCHEDULED,0.0,0.0,False,False,False,False,2026-09-16 12:12:47+00:00,2026-09-16 12:12:54.690496+00:00
20260916,7107036069782603127,-6050211025501503354,N683.812.150.16.D.10.91529925,0,SCHEDULED,0.0,0.0,False,False,False,False,2026-09-16 12:12:47+00:00,2026-09-16 12:12:54.690496+00:00
20260916,7107036069782603127,-1524378004626864800,N683.812.150.16.D.10.91529925,0,SCHEDULED,0.0,0.0,False,False,False,False,2026-09-16 12:12:47+00:00,2026-09-16 12:12:54.690496+00:00
20260916,7107036069782603127,6091480518091113241,N683.812.150.16.D.10.91529925,0,SCHEDULED,0.0,0.0,False,False,False,False,2026-09-16 12:12:47+00:00,2026-09-16 12:12:54.690496+00:00
20260916,7107036069782603127,7571014054794640443,N683.812.150.16.D.10.91529925,0,SCHEDULED,0.0,0.0,False,False,False,False,2026-09-16 12:12:47+00:00,2026-09-16 12:12:54.690496+00:00
20260916,7107036069782603127,2882994503520754983,N683.812.150.16.D.10.91529925,0,SCHEDULED,0.0,0.0,False,False,False,False,2026-09-16 12:12:47+00:00,2026-09-16 12:12:54.690496+00:00
20260916,7107036069782603127,-2921896602186022664,N683.812.150.16.D.10.91529925,0,SCHEDULED,0.0,0.0,False,False,False,False,2026-09-16 12:12:47+00:00,2026-09-16 12:12:54.690496+00:00
20260916,7107036069782603127,-5713020700918079249,N683.812.150.16.D.10.91529925,0,SCHEDULED,0.0,0.0,False,False,False,False,2026-09-16 12:12:47+00:00,2026-09-16 12:12:54.690496+00:00
20260916,7107036069782603127,-3751741815189765275,N683.812.150.16.D.10.91529925,0,SCHEDULED,0.0,0.0,False,False,False,False,2026-09-16 12:12:47+00:00,2026-09-16 12:12:54.690496+00:00
20260916,7107036069782603127,2255533403479074051,N683.812.150.16.D.10.91529925,0,SCHEDULED,0.0,0.0,False,False,False,False,2026-09-16 12:12:47+00:00,2026-09-16 12:12:54.690496+00:00
20260916,7107036069782603127,-8083684398210327495,N683.812.150.16.D.10.91529925,0,SCHEDULED,0.0,0.0,False,False,False,False,2026-09-16 12:12:47+00:00,2026-09-16 12:12:54.690496+00:00
20260916,7107036069782603127,-8802747951913464798,N683.812.150.16.D.10.91529925,0,SCHEDULED,0.0,0.0,False,False,False,False,2026-09-16 12:12:47+00:00,2026-09-16 12:12:54.690496+00:00
20260916,7107036069782603127,3341714465681365718,N683.812.150.16.D.10.91529925,0,SCHEDULED,0.0,0.0,False,False,False,False,2026-09-16 12:12:47+00:00,2026-09-16 12:12:54.690496+00:00
20260916,7107036069782603127,4415106212114718970,N683.812.150.16.D.10.91529925,0,SCHEDULED,0.0,0.0,False,False,False,False,2026-09-16 12:12:47+00:00,2026-09-16 12:12:54.690496+00:00
20260916,7107036069782603127,8041570361657107919,N683.812.150.16.D.10.91529925,0,SCHEDULED,0.0,0.0,False,False,False,False,2026-09-16 12:12:47+00:00,2026-09-16 12:12:54.690496+00:00
20260916,7107036069782603127,-7340014484472577951,N683.812.150.16.D.10.91529925,0,SCHEDULED,0.0,0.0,False,False,False,False,2026-09-16 12:12:47+00:00,2026-09-16 12:12:54.690496+00:00
20260916,7107036069782603127,-6403964468061029576,N683.812.150.16.D.10.91529925,0,SCHEDULED,0.0,0.0,False,False,False,False,2026-09-16 12:12:47+00:00,2026-09-16 12:12:54.690496+00:00
20260916,7107036069782603127,-6149382851983002653,N683.812.150.16.D.10.91529925,0,SCHEDULED,0.0,0.0,False,False,False,False,2026-09-16 12:12:47+00:00,2026-09-16 12:12:54.690496+00:00
20260916,7107036069782603127,-5356526370273672056,N683.812.150.16.D.10.91529925,0,SCHEDULED,0.0,0.0,False,False,False,False,2026-09-16 12:12:47+00:00,2026-09-16 12:12:54.690496+00:00
20260916,7107036069782603127,7043891849206051533,N683.812.150.16.D.10.91529925,0,SCHEDULED,0.0,0.0,False,False,False,False,2026-09-16 12:12:47+00:00,2026-09-16 12:12:54.690496+00:00
20260916,7107036069782603127,-8196270170076136865,N683.812.150.16.D.10.91529925,0,SCHEDULED,0.0,0.0,False,False,False,False,2026-09-16 12:12:47+00:00,2026-09-16 12:12:54.690496+00:00
20260916,7107036069782603127,-7824276421162881911,N683.812.150.16.D.10.91529925,0,SCHEDULED,0.0,0.0,False,False,False,False,2026-09-16 12:12:47+00:00,2026-09-16 12:12:54.690496+00:00
20260916,7107036069782603127,5364992397233623303,N683.812.150.16.D.10.91529925,0,SCHEDULED,0.0,0.0,False,False,False,False,2026-09-16 12:12:47+00:00,2026-09-16 12:12:54.690496+00:00
20260916,7107036069782603127,-1033042400137353946,N683.812.150.16.D.10.91529925,0,SCHEDULED,0.0,0.0,False,False,False,False,2026-09-16 12:12:47+00:00,2026-09-16 12:12:54.690496+00:00
20260916,7107036069782603127,-9091648635300439767,N683.812.150.16.D.10.91529925,0,SCHEDULED,0.0,0.0,False,False,False,False,2026-09-16 12:12:47+00:00,2026-09-16 12:12:54.690496+00:00
20260916,7107036069782603127,-7089916589314454996,N683.812.150.16.D.10.91529925,0,SCHEDULED,0.0,0.0,False,False,False,False,2026-09-16 12:12:47+00:00,2026-09-16 12:12:54.690496+00:00
20260916,7107036069782603127,1252546623115669200,N683.812.150.16.D.10.91529925,0,SCHEDULED,0.0,0.0,False,False,False,False,2026-09-16 12:12:47+00:00,2026-09-16 12:12:54.690496+00:00
20260916,7107036069782603127,6584838841058652888,N683.812.150.16.D.10.91529925,0,SCHEDULED,0.0,0.0,False,False,False,False,2026-09-16 12:12:47+00:00,2026-09-16 12:12:54.690496+00:00
20260916,7107036069782603127,-6958619773406275623,N683.812.150.16.D.10.91529925,0,SCHEDULED,0.0,0.0,False,False,False,False,2026-09-16 12:12:47+00:00,2026-09-16 12:12:54.690496+00:00
20260916,4366774083614345187,-4667185445057793362,775P.812.149.8.A.8.91114674,0,SCHEDULED,0.0,0.0,False,False,True,False,2026-09-16 12:12:47+00:00,2026-09-16 12:12:54.690496+00:00
20260916,4366774083614345187,610129093749931789,R787.812.150.16.D.6.91728178,0,SCHEDULED,0.0,0.0,False,False,False,False,2026-09-16 12:12:47+00:00,2026-09-16 12:12:54.690496+00:00
20260916,-3539652250674250885,-8773636242941207005,S869.812.150.16.D.8.91117426,0,REPLACEMENT,0.0,,False,False,False,False,2026-09-16 12:12:47+00:00,2026-09-16 12:12:54.690496+00:00
20260916,-3539652250674250885,3330155286583946050,S869.812.150.16.D.8.91117426,0,REPLACEMENT,386.0,,True,False,False,False,2026-09-16 12:12:47+00:00,2026-09-16 12:12:54.690496+00:00
20260916,4366774083614345187,2201632669708387783,762S.812.149.8.A.8.91754169,0,SCHEDULED,0.0,,False,False,True,False,2026-09-16 12:12:47+00:00,2026-09-16 12:12:54.690496+00:00
20260916,-5236434750823934246,-6403964468061029576,N687.812.149.8.D.10.91540210,0,SCHEDULED,10.0,10.0,False,False,True,False,2026-09-16 12:12:47+00:00,2026-09-16 12:12:54.690496+00:00
20260916,-5236434750823934246,-6149382851983002653,N687.812.149.8.D.10.91540210,0,SCHEDULED,10.0,10.0,False,False,True,False,2026-09-16 12:12:47+00:00,2026-09-16 12:12:54.690496+00:00
20260916,-5236434750823934246,-5356526370273672056,N687.812.149.8.D.10.91540210,0,SCHEDULED,10.0,10.0,False,False,True,False,2026-09-16 12:12:47+00:00,2026-09-16 12:12:54.690496+00:00
20260916,-5236434750823934246,7043891849206051533,N687.812.149.8.D.10.91540210,0,SCHEDULED,10.0,10.0,False,False,True,False,2026-09-16 12:12:47+00:00,2026-09-16 12:12:54.690496+00:00
20260916,-5236434750823934246,-8196270170076136865,N687.812.149.8.D.10.91540210,0,SCHEDULED,10.0,10.0,False,False,True,False,2026-09-16 12:12:47+00:00,2026-09-16 12:12:54.690496+00:00
20260916,-5236434750823934246,-7824276421162881911,N687.812.149.8.D.10.91540210,0,SCHEDULED,10.0,10.0,False,False,True,False,2026-09-16 12:12:47+00:00,2026-09-16 12:12:54.690496+00:00
20260916,-5236434750823934246,5364992397233623303,N687.812.149.8.D.10.91540210,0,SCHEDULED,10.0,10.0,False,False,True,False,2026-09-16 12:12:47+00:00,2026-09-16 12:12:54.690496+00:00
20260916,-5236434750823934246,-1033042400137353946,N687.812.149.8.D.10.91540210,0,SCHEDULED,10.0,10.0,False,False,True,False,2026-09-16 12:12:47+00:00,2026-09-16 12:12:54.690496+00:00
20260916,-5236434750823934246,-9091648635300439767,N687.812.149.8.D.10.91540210,0,SCHEDULED,10.0,10.0,False,False,True,False,2026-09-16 12:12:47+00:00,2026-09-16 12:12:54.690496+00:00
20260916,-5236434750823934246,-7089916589314454996,N687.812.149.8.D.10.91540210,0,SCHEDULED,10.0,10.0,False,False,True,False,2026-09-16 12:12:47+00:00,2026-09-16 12:12:54.690496+00:00
20260916,-5236434750823934246,1252546623115669200,N687.812.149.8.D.10.91540210,0,SCHEDULED,10.0,10.0,False,False,True,False,2026-09-16 12:12:47+00:00,2026-09-16 12:12:54.690496+00:00
20260916,-5236434750823934246,6584838841058652888,N687.812.149.8.D.10.91540210,0,SCHEDULED,10.0,0.0,False,False,True,False,2026-09-16 12:12:47+00:00,2026-09-16 12:12:54.690496+00:00
20260916,-5236434750823934246,-6958619773406275623,N687.812.149.8.D.10.91540210,0,SCHEDULED,10.0,10.0,False,False,True,False,2026-09-16 12:12:47+00:00,2026-09-16 12:12:54.690496+00:00
20260916,4366774083614345187,-3170609648460521670,286Y.812.150.124.H.8.91119234,0,SCHEDULED,0.0,0.0,False,False,False,False,2026-09-16 12:12:47+00:00,2026-09-16 12:12:54.690496+00:00
20260916,7835924838457624329,8480872264950089100,SN47.812.150.60.N.2.91116770,0,SCHEDULED,59.0,59.0,False,False,False,False,2026-09-16 12:12:47+00:00,2026-09-16 12:12:54.690496+00:00
20260916,7835924838457624329,4267512304945807725,SN47.812.150.60.N.2.91116770,0,SCHEDULED,59.0,59.0,False,False,False,False,2026-09-16 12:12:47+00:00,2026-09-16 12:12:54.690496+00:00
20260916,7835924838457624329,-3449903928000400842,SN47.812.150.60.N.2.91116770,0,SCHEDULED,59.0,59.0,False,False,False,False,2026-09-16 12:12:47+00:00,2026-09-16 12:12:54.690496+00:00
20260916,7835924838457624329,6282046429495235662,SN47.812.150.60.N.2.91116770,0,SCHEDULED,59.0,59.0,False,False,False,False,2026-09-16 12:12:47+00:00,2026-09-16 12:12:54.690496+00:00
20260916,7835924838457624329,7344101488936075901,SN47.812.150.60.N.2.91116770,0,SCHEDULED,59.0,59.0,False,False,False,False,2026-09-16 12:12:47+00:00,2026-09-16 12:12:54.690496+00:00
20260916,7835924838457624329,3902356506063082889,SN47.812.150.60.N.2.91116770,0,SCHEDULED,59.0,59.0,False,False,False,False,2026-09-16 12:12:47+00:00,2026-09-16 12:12:54.690496+00:00
20260916,7835924838457624329,-6253830889052471909,SN47.812.150.60.N.2.91116770,0,SCHEDULED,59.0,59.0,False,False,False,False,2026-09-16 12:12:47+00:00,2026-09-16 12:12:54.690496+00:00
20260916,7835924838457624329,-6425801247087022956,SN47.812.150.60.N.2.91116770,0,SCHEDULED,59.0,59.0,False,False,False,False,2026-09-16 12:12:47+00:00,2026-09-16 12:12:54.690496+00:00
20260916,7835924838457624329,-2869275988912975447,SN47.812.150.60.N.2.91116770,0,SCHEDULED,59.0,59.0,False,False,False,False,2026-09-16 12:12:47+00:00,2026-09-16 12:12:54.690496+00:00
20260916,7835924838457624329,8312711558947007430,SN47.812.150.60.N.2.91116770,0,SCHEDULED,59.0,59.0,False,False,False,False,2026-09-16 12:12:47+00:00,2026-09-16 12:12:54.690496+00:00
20260916,7835924838457624329,5594090472067316080,SN47.812.150.60.N.2.91116770,0,SCHEDULED,59.0,0.0,False,False,False,False,2026-09-16 12:12:47+00:00,2026-09-16 12:12:54.690496+00:00
20260916,7400251048012378211,-2090049041071879965,727R.812.150.48.B.8.91117587,0,REPLACEMENT,0.0,,False,False,False,False,2026-09-16 12:12:47+00:00,2026-09-16 12:12:54.690496+00:00
20260916,7400251048012378211,5559968963547238181,727R.812.150.48.B.8.91117587,0,REPLACEMENT,0.0,,False,False,False,False,2026-09-16 12:12:47+00:00,2026-09-16 12:12:54.690496+00:00
20260916,4366774083614345187,-3119105483601997636,P432.812.150.16.D.10.92075637,0,SCHEDULED,0.0,0.0,False,False,False,False,2026-09-16 12:12:47+00:00,2026-09-16 12:12:54.690496+00:00
20260916,-2224808403655777439,7492056347016962348,W783.812.150.16.D.6.91119652,0,SCHEDULED,0.0,0.0,False,False,False,False,2026-09-16 12:12:47+00:00,2026-09-16 12:12:54.690496+00:00
20260916,-2224808403655777439,-4502807027699252010,W783.812.150.16.D.6.91119652,0,SCHEDULED,0.0,0.0,False,False,False,False,2026-09-16 12:12:47+00:00,2026-09-16 12:12:54.690496+00:00
20260916,-7364126812600970332,-3964177008133029664,L2EJ.812.150.60.M.4.91549843,0,SCHEDULED,0.0,0.0,False,False,False,False,2026-09-16 12:12:47+00:00,2026-09-16 12:12:54.690496+00:00
20260916,-7364126812600970332,3687435592522817353,L2EJ.812.150.60.M.4.91549843,0,SCHEDULED,20.0,0.0,False,False,False,False,2026-09-16 12:12:47+00:00,2026-09-16 12:12:54.690496+00:00
20260916,3536717535841731573,7043891849206051533,NT35.812.150.16.X.7.91119608,0,SCHEDULED,,290.0,,False,False,,2026-09-16 12:12:47+00:00,2026-09-16 12:12:54.690496+00:00
20260916,3536717535841731573,1252546623115669200,NT35.812.150.16.X.7.91119608,0,SCHEDULED,290.0,140.0,False,False,False,False,2026-09-16 12:12:47+00:00,2026-09-16 12:12:54.690496+00:00
20260916,3536717535841731573,3909981882789740269,NT35.812.150.16.X.7.91119608,0,SCHEDULED,140.0,50.0,False,False,False,False,2026-09-16 12:12:47+00:00,2026-09-16 12:12:54.690496+00:00
20260916,3536717535841731573,1698585907573654397,NT35.812.150.16.X.7.91119608,0,SCHEDULED,50.0,20.0,False,False,False,False,2026-09-16 12:12:47+00:00,2026-09-16 12:12:54.690496+00:00
20260916,3536717535841731573,-8062837161647338335,NT35.812.150.16.X.7.91119608,0,SCHEDULED,20.0,0.0,False,False,False,False,2026-09-16 12:12:47+00:00,2026-09-16 12:12:54.690496+00:00
20260916,3536717535841731573,3059937689321059292,NT35.812.150.16.X.7.91119608,0,SCHEDULED,0.0,0.0,False,False,False,False,2026-09-16 12:12:47+00:00,2026-09-16 12:12:54.690496+00:00
20260916,3536717535841731573,7080714280975614380,NT35.812.150.16.X.7.91119608,0,SCHEDULED,0.0,0.0,False,False,False,False,2026-09-16 12:12:47+00:00,2026-09-16 12:12:54.690496+00:00
20260916,3536717535841731573,-1885701883808349068,NT35.812.150.16.X.7.91119608,0,SCHEDULED,0.0,0.0,False,False,False,False,2026-09-16 12:12:47+00:00,2026-09-16 12:12:54.690496+00:00
20260916,3536717535841731573,-8689467695340882911,NT35.812.150.16.X.7.91119608,0,SCHEDULED,0.0,0.0,False,False,False,False,2026-09-16 12:12:47+00:00,2026-09-16 12:12:54.690496+00:00
20260916,3536717535841731573,-774737931110462098,NT35.812.150.16.X.7.91119608,0,SCHEDULED,0.0,0.0,False,False,False,False,2026-09-16 12:12:47+00:00,2026-09-16 12:12:54.690496+00:00
20260916,3536717535841731573,5524745222017179941,NT35.812.150.16.X.7.91119608,0,SCHEDULED,0.0,0.0,False,False,False,False,2026-09-16 12:12:47+00:00,2026-09-16 12:12:54.690496+00:00
20260916,3536717535841731573,8054730317046764538,NT35.812.150.16.X.7.91119608,0,SCHEDULED,0.0,0.0,False,False,False,False,2026-09-16 12:12:47+00:00,2026-09-16 12:12:54.690496+00:00
20260916,3536717535841731573,608974098622889897,NT35.812.150.16.X.7.91119608,0,SCHEDULED,0.0,0.0,False,False,False,False,2026-09-16 12:12:47+00:00,2026-09-16 12:12:54.690496+00:00
20260916,3536717535841731573,7204494286705356942,NT35.812.150.16.X.7.91119608,0,SCHEDULED,0.0,0.0,False,False,False,False,2026-09-16 12:12:47+00:00,2026-09-16 12:12:54.690496+00:00
20260916,3536717535841731573,-1360443701500691573,NT35.812.150.16.X.7.91119608,0,SCHEDULED,0.0,0.0,False,False,False,False,2026-09-16 12:12:47+00:00,2026-09-16 12:12:54.690496+00:00
20260916,3536717535841731573,1008245328140172903,NT35.812.150.16.X.7.91119608,0,SCHEDULED,0.0,0.0,False,False,False,False,2026-09-16 12:12:47+00:00,2026-09-16 12:12:54.690496+00:00
20260916,3536717535841731573,-9155555090668096282,NT35.812.150.16.X.7.91119608,0,SCHEDULED,0.0,0.0,False,False,False,False,2026-09-16 12:12:47+00:00,2026-09-16 12:12:54.690496+00:00
20260916,4366774083614345187,2452573464316960471,Y631.812.150.16.D.10.91799515,0,SCHEDULED,0.0,0.0,False,False,False,False,2026-09-16 12:12:47+00:00,2026-09-16 12:12:54.690496+00:00
20260916,8355324188916703396,3508940945860787276,124V.812.150.16.A.8.91998982,0,SCHEDULED,0.0,0.0,False,False,False,False,2026-09-16 12:12:47+00:00,2026-09-16 12:12:54.690496+00:00
20260916,8355324188916703396,4683999382729454313,124V.812.150.16.A.8.91998982,0,SCHEDULED,0.0,0.0,False,False,False,False,2026-09-16 12:12:47+00:00,2026-09-16 12:12:54.690496+00:00
20260916,8355324188916703396,3508940945860787276,139X.812.150.48.A.8.91728661,0,SCHEDULED,0.0,0.0,False,False,False,False,2026-09-16 12:12:47+00:00,2026-09-16 12:12:54.690496+00:00
20260916,8355324188916703396,4683999382729454313,139X.812.150.48.A.8.91728661,0,SCHEDULED,0.0,0.0,False,False,False,False,2026-09-16 12:12:47+00:00,2026-09-16 12:12:54.690496+00:00
20260916,8355324188916703396,-3821882046814432517,139X.812.150.48.A.8.91728661,0,SCHEDULED,0.0,0.0,False,False,False,False,2026-09-16 12:12:47+00:00,2026-09-16 12:12:54.690496+00:00
20260916,8355324188916703396,2009290595935991793,139X.812.150.48.A.8.91728661,0,SCHEDULED,0.0,0.0,False,False,False,False,2026-09-16 12:12:47+00:00,2026-09-16 12:12:54.690496+00:00
20260916,8355324188916703396,4472726259178862105,139X.812.150.48.A.8.91728661,0,SCHEDULED,0.0,0.0,False,False,False,False,2026-09-16 12:12:47+00:00,2026-09-16 12:12:54.690496+00:00
20260916,8355324188916703396,7187578140246689664,139X.812.150.48.A.8.91728661,0,SCHEDULED,0.0,0.0,False,False,False,False,2026-09-16 12:12:47+00:00,2026-09-16 12:12:54.690496+00:00
20260916,8355324188916703396,-7120808365413477974,139X.812.150.48.A.8.91728661,0,SCHEDULED,0.0,0.0,False,False,False,False,2026-09-16 12:12:47+00:00,2026-09-16 12:12:54.690496+00:00
20260916,8355324188916703396,-8571378753500433838,139X.812.150.48.A.8.91728661,0,SCHEDULED,0.0,0.0,False,False,False,False,2026-09-16 12:12:47+00:00,2026-09-16 12:12:54.690496+00:00
20260916,8355324188916703396,-1162238988480917943,139X.812.150.48.A.8.91728661,0,SCHEDULED,0.0,0.0,False,False,False,False,2026-09-16 12:12:47+00:00,2026-09-16 12:12:54.690496+00:00
20260916,8355324188916703396,4889555416201875715,139X.812.150.48.A.8.91728661,0,SCHEDULED,0.0,0.0,False,False,False,False,2026-09-16 12:12:47+00:00,2026-09-16 12:12:54.690496+00:00
20260916,8355324188916703396,-4257824939545587053,139X.812.150.48.A.8.91728661,0,SCHEDULED,0.0,0.0,False,False,False,False,2026-09-16 12:12:47+00:00,2026-09-16 12:12:54.690496+00:00
20260916,8355324188916703396,7164449179056806387,139X.812.150.48.A.8.91728661,0,SCHEDULED,0.0,0.0,False,False,False,False,2026-09-16 12:12:47+00:00,2026-09-16 12:12:54.690496+00:00
20260916,8355324188916703396,-9188848871294614877,139X.812.150.48.A.8.91728661,0,SCHEDULED,0.0,0.0,False,False,False,False,2026-09-16 12:12:47+00:00,2026-09-16 12:12:54.690496+00:00
20260916,8355324188916703396,2014667102838996453,139X.812.150.48.A.8.91728661,0,SCHEDULED,0.0,0.0,False,False,False,False,2026-09-16 12:12:47+00:00,2026-09-16 12:12:54.690496+00:00
20260916,8355324188916703396,-4373510304712658864,139X.812.150.48.A.8.91728661,0,SCHEDULED,0.0,0.0,False,False,False,False,2026-09-16 12:12:47+00:00,2026-09-16 12:12:54.690496+00:00
20260916,8355324188916703396,1167482730168436994,139X.812.150.48.A.8.91728661,0,SCHEDULED,0.0,0.0,False,False,False,False,2026-09-16 12:12:47+00:00,2026-09-16 12:12:54.690496+00:00
20260916,8355324188916703396,-2521707211368327806,139X.812.150.48.A.8.91728661,0,SCHEDULED,0.0,0.0,False,False,False,False,2026-09-16 12:12:47+00:00,2026-09-16 12:12:54.690496+00:00
20260916,8355324188916703396,-7610831748566492844,139X.812.150.48.A.8.91728661,0,SCHEDULED,0.0,0.0,False,False,False,False,2026-09-16 12:12:47+00:00,2026-09-16 12:12:54.690496+00:00
20260916,627028831985276158,7702210253278732611,N480.812.150.16.D.10.91529902,0,SCHEDULED,0.0,0.0,False,False,False,False,2026-09-16 12:12:47+00:00,2026-09-16 12:12:54.690496+00:00
20260916,627028831985276158,7417687110002263833,N480.812.150.16.D.10.91529902,0,SCHEDULED,0.0,0.0,False,False,False,False,2026-09-16 12:12:47+00:00,2026-09-16 12:12:54.690496+00:00
20260916,627028831985276158,-7869306847512253556,N480.812.150.16.D.10.91529902,0,SCHEDULED,0.0,0.0,False,False,False,False,2026-09-16 12:12:47+00:00,2026-09-16 12:12:54.690496+00:00
20260916,627028831985276158,-3558309048562273742,N480.812.150.16.D.10.91529902,0,SCHEDULED,0.0,0.0,False,False,False,False,2026-09-16 12:12:47+00:00,2026-09-16 12:12:54.690496+00:00
20260916,627028831985276158,3130055419211912873,N480.812.150.16.D.10.91529902,0,SCHEDULED,0.0,0.0,False,False,False,False,2026-09-16 12:12:47+00:00,2026-09-16 12:12:54.690496+00:00
20260916,627028831985276158,8915202367786511296,N480.812.150.16.D.10.91529902,0,SCHEDULED,0.0,0.0,False,False,False,False,2026-09-16 12:12:47+00:00,2026-09-16 12:12:54.690496+00:00
20260916,627028831985276158,-5788262129987764300,N480.812.150.16.D.10.91529902,0,SCHEDULED,0.0,0.0,False,False,False,False,2026-09-16 12:12:47+00:00,2026-09-16 12:12:54.690496+00:00
20260916,627028831985276158,-4615844623113816953,N480.812.150.16.D.10.91529902,0,SCHEDULED,0.0,0.0,False,False,False,False,2026-09-16 12:12:47+00:00,2026-09-16 12:12:54.690496+00:00
20260916,627028831985276158,-3598930975951158041,N480.812.150.16.D.10.91529902,0,SCHEDULED,0.0,0.0,False,False,False,False,2026-09-16 12:12:47+00:00,2026-09-16 12:12:54.690496+00:00
20260916,627028831985276158,6108796178031686733,N480.812.150.16.D.10.91529902,0,SCHEDULED,0.0,0.0,False,False,False,False,2026-09-16 12:12:47+00:00,2026-09-16 12:12:54.690496+00:00
20260916,627028831985276158,-576863512574985064,N480.812.150.16.D.10.91529902,0,SCHEDULED,0.0,0.0,False,False,False,False,2026-09-16 12:12:47+00:00,2026-09-16 12:12:54.690496+00:00
20260916,627028831985276158,-7804721849683396481,N480.812.150.16.D.10.91529902,0,SCHEDULED,0.0,0.0,False,False,False,False,2026-09-16 12:12:47+00:00,2026-09-16 12:12:54.690496+00:00
20260916,627028831985276158,-8380702314981354408,N480.812.150.16.D.10.91529902,0,SCHEDULED,0.0,0.0,False,False,False,False,2026-09-16 12:12:47+00:00,2026-09-16 12:12:54.690496+00:00
20260916,627028831985276158,6977817391261009369,N480.812.150.16.D.10.91529902,0,SCHEDULED,0.0,0.0,False,False,False,False,2026-09-16 12:12:47+00:00,2026-09-16 12:12:54.690496+00:00
20260916,627028831985276158,-3092232023325490759,N480.812.150.16.D.10.91529902,0,SCHEDULED,0.0,0.0,False,False,False,False,2026-09-16 12:12:47+00:00,2026-09-16 12:12:54.690496+00:00
20260916,627028831985276158,-4442532456630702560,N480.812.150.16.D.10.91529902,0,SCHEDULED,0.0,0.0,False,False,False,False,2026-09-16 12:12:47+00:00,2026-09-16 12:12:54.690496+00:00
20260916,627028831985276158,-4325723758676276721,N480.812.150.16.D.10.91529902,0,SCHEDULED,0.0,0.0,False,False,False,False,2026-09-16 12:12:47+00:00,2026-09-16 12:12:54.690496+00:00
20260916,627028831985276158,7388059054280827874,N480.812.150.16.D.10.91529902,0,SCHEDULED,0.0,0.0,False,False,False,False,2026-09-16 12:12:47+00:00,2026-09-16 12:12:54.690496+00:00
20260916,627028831985276158,-3149729460281711852,N480.812.150.16.D.10.91529902,0,SCHEDULED,0.0,0.0,False,False,False,False,2026-09-16 12:12:47+00:00,2026-09-16 12:12:54.690496+00:00
20260916,627028831985276158,-6634203109316215018,N480.812.150.16.D.10.91529902,0,SCHEDULED,0.0,0.0,False,False,False,False,2026-09-16 12:12:47+00:00,2026-09-16 12:12:54.690496+00:00
20260916,627028831985276158,6584838841058652888,N480.812.150.16.D.10.91529902,0,SCHEDULED,17.0,0.0,False,False,False,False,2026-09-16 12:12:47+00:00,2026-09-16 12:12:54.690496+00:00
20260916,627028831985276158,-4188665324499107382,N480.812.150.16.D.10.91529902,0,SCHEDULED,0.0,0.0,False,False,False,False,2026-09-16 12:12:47+00:00,2026-09-16 12:12:54.690496+00:00
20260916,4366774083614345187,7702210253278732611,Y679.812.150.16.D.10.91529904,0,REPLACEMENT,0.0,,False,False,False,False,2026-09-16 12:12:47+00:00,2026-09-16 12:12:54.690496+00:00
20260916,4366774083614345187,-808579414804246178,707T.812.150.48.T.8.91114447,0,REPLACEMENT,0.0,,False,False,False,False,2026-09-16 12:12:47+00:00,2026-09-16 12:12:54.690496+00:00
20260916,8355324188916703396,-8109062943416768923,174Y.812.150.16.A.8.91754150,0,REPLACEMENT,0.0,,False,False,False,False,2026-09-16 12:12:47+00:00,2026-09-16 12:12:54.690496+00:00
20260916,8355324188916703396,-970864714992148263,174Y.812.150.16.A.8.91754150,0,REPLACEMENT,0.0,,False,False,False,False,2026-09-16 12:12:47+00:00,2026-09-16 12:12:54.690496+00:00
20260916,-3539652250674250885,-8773636242941207005,K395.812.150.24.H.4.91117811,0,REPLACEMENT,0.0,,False,False,False,False,2026-09-16 12:12:47+00:00,2026-09-16 12:12:54.690496+00:00
20260916,-3539652250674250885,3330155286583946050,K395.812.150.24.H.4.91117811,0,REPLACEMENT,0.0,,False,False,False,False,2026-09-16 12:12:47+00:00,2026-09-16 12:12:54.690496+00:00
20260916,4202176109787108346,-7364633119503500562,C187.812.150.16.H.4.91871013,0,SCHEDULED,359.0,179.0,True,False,False,False,2026-09-16 12:12:47+00:00,2026-09-16 12:12:54.690496+00:00
20260916,4202176109787108346,-7315400607259613426,C187.812.150.16.H.4.91871013,0,SCHEDULED,179.0,179.0,False,False,False,False,2026-09-16 12:12:47+00:00,2026-09-16 12:12:54.690496+00:00
20260916,4202176109787108346,1277584948389827009,C187.812.150.16.H.4.91871013,0,SCHEDULED,179.0,179.0,False,False,False,False,2026-09-16 12:12:47+00:00,2026-09-16 12:12:54.690496+00:00
20260916,4202176109787108346,1065549735589304250,C187.812.150.16.H.4.91871013,0,SCHEDULED,359.0,359.0,True,False,False,False,2026-09-16 12:12:47+00:00,2026-09-16 12:12:54.690496+00:00
20260916,4202176109787108346,8206255193434804528,C187.812.150.16.H.4.91871013,0,SCHEDULED,179.0,179.0,False,False,False,False,2026-09-16 12:12:47+00:00,2026-09-16 12:12:54.690496+00:00
20260916,4202176109787108346,-8588484290905149023,C187.812.150.16.H.4.91871013,0,SCHEDULED,179.0,0.0,False,False,False,False,2026-09-16 12:12:47+00:00,2026-09-16 12:12:54.690496+00:00
20260916,4202176109787108346,-3709647459970693127,C187.812.150.16.H.4.91871013,0,SCHEDULED,179.0,179.0,False,False,False,False,2026-09-16 12:12:47+00:00,2026-09-16 12:12:54.690496+00:00
20260916,2372143633426116796,869925268614413277,781U.812.149.8.A.8.91114350,0,SCHEDULED,0.0,0.0,False,False,True,False,2026-09-16 12:12:47+00:00,2026-09-16 12:12:54.690496+00:00
20260916,4366774083614345187,869925268614413277,781V.812.149.8.A.8.91115937,0,SCHEDULED,0.0,0.0,False,False,True,False,2026-09-16 12:12:47+00:00,2026-09-16 12:12:54.690496+00:00
20260916,7107036069782603127,2452573464316960471,N647.812.150.16.D.10.91116351,0,REPLACEMENT,0.0,0.0,False,False,False,False,2026-09-16 12:12:47+00:00,2026-09-16 12:12:54.690496+00:00
20260916,7107036069782603127,1821911624841613760,N647.812.150.16.D.10.91116351,0,REPLACEMENT,0.0,0.0,False,False,False,False,2026-09-16 12:12:47+00:00,2026-09-16 12:12:54.690496+00:00
20260916,7107036069782603127,-1524378004626864800,N647.812.150.16.D.10.91116351,0,REPLACEMENT,0.0,0.0,False,False,False,False,2026-09-16 12:12:47+00:00,2026-09-16 12:12:54.690496+00:00
20260916,7107036069782603127,-5621762837069403900,N647.812.150.16.D.10.91116351,0,REPLACEMENT,0.0,0.0,False,False,False,False,2026-09-16 12:12:47+00:00,2026-09-16 12:12:54.690496+00:00
20260916,7107036069782603127,6091480518091113241,N647.812.150.16.D.10.91116351,0,REPLACEMENT,0.0,0.0,False,False,False,False,2026-09-16 12:12:47+00:00,2026-09-16 12:12:54.690496+00:00
20260916,7107036069782603127,-8083684398210327495,N647.812.150.16.D.10.91116351,0,REPLACEMENT,0.0,0.0,False,False,False,False,2026-09-16 12:12:47+00:00,2026-09-16 12:12:54.690496+00:00
20260916,7107036069782603127,3341714465681365718,N647.812.150.16.D.10.91116351,0,REPLACEMENT,0.0,0.0,False,False,False,False,2026-09-16 12:12:47+00:00,2026-09-16 12:12:54.690496+00:00
20260916,7107036069782603127,-7340014484472577951,N647.812.150.16.D.10.91116351,0,REPLACEMENT,0.0,0.0,False,False,False,False,2026-09-16 12:12:47+00:00,2026-09-16 12:12:54.690496+00:00
20260916,7107036069782603127,-6149382851983002653,N647.812.150.16.D.10.91116351,0,REPLACEMENT,489.0,489.0,True,False,False,False,2026-09-16 12:12:47+00:00,2026-09-16 12:12:54.690496+00:00
20260916,7107036069782603127,7043891849206051533,N647.812.150.16.D.10.91116351,0,REPLACEMENT,489.0,489.0,True,False,False,False,2026-09-16 12:12:47+00:00,2026-09-16 12:12:54.690496+00:00
20260916,7107036069782603127,-1033042400137353946,N647.812.150.16.D.10.91116351,0,REPLACEMENT,489.0,489.0,True,False,False,False,2026-09-16 12:12:47+00:00,2026-09-16 12:12:54.690496+00:00
20260916,7107036069782603127,1252546623115669200,N647.812.150.16.D.10.91116351,0,REPLACEMENT,489.0,489.0,True,False,False,False,2026-09-16 12:12:47+00:00,2026-09-16 12:12:54.690496+00:00
20260916,7107036069782603127,-1808477083268811256,N647.812.150.16.D.10.91116351,0,REPLACEMENT,489.0,,True,False,False,False,2026-09-16 12:12:47+00:00,2026-09-16 12:12:54.690496+00:00
20260916,7107036069782603127,-6958619773406275623,N647.812.150.16.D.10.91116351,0,REPLACEMENT,489.0,489.0,True,False,False,False,2026-09-16 12:12:47+00:00,2026-09-16 12:12:54.690496+00:00
20260916,7835924838457624329,8480872264950089100,SN73.812.150.60.N.2.91114603,0,SCHEDULED,67.0,67.0,False,False,False,False,2026-09-16 12:12:47+00:00,2026-09-16 12:12:54.690496+00:00
20260916,7835924838457624329,4267512304945807725,SN73.812.150.60.N.2.91114603,0,SCHEDULED,67.0,67.0,False,False,False,False,2026-09-16 12:12:47+00:00,2026-09-16 12:12:54.690496+00:00
20260916,7835924838457624329,-3449903928000400842,SN73.812.150.60.N.2.91114603,0,SCHEDULED,67.0,67.0,False,False,False,False,2026-09-16 12:12:47+00:00,2026-09-16 12:12:54.690496+00:00
20260916,7835924838457624329,6282046429495235662,SN73.812.150.60.N.2.91114603,0,SCHEDULED,67.0,67.0,False,False,False,False,2026-09-16 12:12:47+00:00,2026-09-16 12:12:54.690496+00:00
20260916,7835924838457624329,7344101488936075901,SN73.812.150.60.N.2.91114603,0,SCHEDULED,67.0,67.0,False,False,False,False,2026-09-16 12:12:47+00:00,2026-09-16 12:12:54.690496+00:00
20260916,7835924838457624329,3902356506063082889,SN73.812.150.60.N.2.91114603,0,SCHEDULED,67.0,67.0,False,False,False,False,2026-09-16 12:12:47+00:00,2026-09-16 12:12:54.690496+00:00
20260916,7835924838457624329,-6253830889052471909,SN73.812.150.60.N.2.91114603,0,SCHEDULED,67.0,67.0,False,False,False,False,2026-09-16 12:12:47+00:00,2026-09-16 12:12:54.690496+00:00
20260916,7835924838457624329,-6425801247087022956,SN73.812.150.60.N.2.91114603,0,SCHEDULED,67.0,67.0,False,False,False,False,2026-09-16 12:12:47+00:00,2026-09-16 12:12:54.690496+00:00
20260916,7835924838457624329,-2869275988912975447,SN73.812.150.60.N.2.91114603,0,SCHEDULED,67.0,67.0,False,False,False,False,2026-09-16 12:12:47+00:00,2026-09-16 12:12:54.690496+00:00
20260916,7835924838457624329,8312711558947007430,SN73.812.150.60.N.2.91114603,0,SCHEDULED,67.0,67.0,False,False,False,False,2026-09-16 12:12:47+00:00,2026-09-16 12:12:54.690496+00:00
20260916,7835924838457624329,5594090472067316080,SN73.812.150.60.N.2.91114603,0,SCHEDULED,67.0,7.0,False,False,False,False,2026-09-16 12:12:47+00:00,2026-09-16 12:12:54.690496+00:00
20260916,7835924838457624329,181633557305635578,SN77.812.150.16.N.2.91118665,0,SCHEDULED,552.0,0.0,True,False,False,False,2026-09-16 12:12:47+00:00,2026-09-16 12:12:54.690496+00:00
20260916,7835924838457624329,-7889193868046082307,SN77.812.150.16.N.2.91118665,0,SCHEDULED,0.0,0.0,False,False,False,False,2026-09-16 12:12:47+00:00,2026-09-16 12:12:54.690496+00:00
20260916,7835924838457624329,8480872264950089100,SN77.812.150.16.N.2.91118665,0,SCHEDULED,0.0,0.0,False,False,False,False,2026-09-16 12:12:47+00:00,2026-09-16 12:12:54.690496+00:00
20260916,7835924838457624329,4267512304945807725,SN77.812.150.16.N.2.91118665,0,SCHEDULED,0.0,0.0,False,False,False,False,2026-09-16 12:12:47+00:00,2026-09-16 12:12:54.690496+00:00
20260916,7835924838457624329,-3449903928000400842,SN77.812.150.16.N.2.91118665,0,SCHEDULED,0.0,0.0,False,False,False,False,2026-09-16 12:12:47+00:00,2026-09-16 12:12:54.690496+00:00
20260916,7835924838457624329,6282046429495235662,SN77.812.150.16.N.2.91118665,0,SCHEDULED,0.0,0.0,False,False,False,False,2026-09-16 12:12:47+00:00,2026-09-16 12:12:54.690496+00:00
20260916,7835924838457624329,7344101488936075901,SN77.812.150.16.N.2.91118665,0,SCHEDULED,0.0,0.0,False,False,False,False,2026-09-16 12:12:47+00:00,2026-09-16 12:12:54.690496+00:00
20260916,7835924838457624329,3902356506063082889,SN77.812.150.16.N.2.91118665,0,SCHEDULED,0.0,0.0,False,False,False,False,2026-09-16 12:12:47+00:00,2026-09-16 12:12:54.690496+00:00
20260916,7835924838457624329,-6253830889052471909,SN77.812.150.16.N.2.91118665,0,SCHEDULED,0.0,0.0,False,False,False,False,2026-09-16 12:12:47+00:00,2026-09-16 12:12:54.690496+00:00
20260916,7835924838457624329,-6425801247087022956,SN77.812.150.16.N.2.91118665,0,SCHEDULED,0.0,0.0,False,False,False,False,2026-09-16 12:12:47+00:00,2026-09-16 12:12:54.690496+00:00
20260916,7835924838457624329,-2869275988912975447,SN77.812.150.16.N.2.91118665,0,SCHEDULED,0.0,0.0,False,False,False,False,2026-09-16 12:12:47+00:00,2026-09-16 12:12:54.690496+00:00
20260916,7835924838457624329,8312711558947007430,SN77.812.150.16.N.2.91118665,0,SCHEDULED,0.0,0.0,False,False,False,False,2026-09-16 12:12:47+00:00,2026-09-16 12:12:54.690496+00:00
20260916,7835924838457624329,5594090472067316080,SN77.812.150.16.N.2.91118665,0,SCHEDULED,0.0,0.0,False,False,False,False,2026-09-16 12:12:47+00:00,2026-09-16 12:12:54.690496+00:00
20260916,2347072026132267080,610129093749931789,W778.812.150.48.D.6.92021491,0,REPLACEMENT,0.0,,False,False,False,False,2026-09-16 12:12:47+00:00,2026-09-16 12:12:54.690496+00:00
20260916,2347072026132267080,-970864714992148263,W778.812.150.48.D.6.92021491,0,REPLACEMENT,0.0,0.0,False,False,False,False,2026-09-16 12:12:47+00:00,2026-09-16 12:12:54.690496+00:00
20260916,2347072026132267080,4280909641391039359,W778.812.150.48.D.6.92021491,0,REPLACEMENT,0.0,0.0,False,False,False,False,2026-09-16 12:12:47+00:00,2026-09-16 12:12:54.690496+00:00
20260916,2347072026132267080,-5510222690186109640,W778.812.150.48.D.6.92021491,0,REPLACEMENT,0.0,0.0,False,False,False,False,2026-09-16 12:12:47+00:00,2026-09-16 12:12:54.690496+00:00
20260916,2347072026132267080,-8159485632633011908,W778.812.150.48.D.6.92021491,0,REPLACEMENT,0.0,0.0,False,False,False,False,2026-09-16 12:12:47+00:00,2026-09-16 12:12:54.690496+00:00
20260916,2347072026132267080,-9024629707393703762,W778.812.150.48.D.6.92021491,0,REPLACEMENT,0.0,0.0,False,False,False,False,2026-09-16 12:12:47+00:00,2026-09-16 12:12:54.690496+00:00
20260916,2347072026132267080,2303707891186182749,W778.812.150.48.D.6.92021491,0,REPLACEMENT,0.0,0.0,False,False,False,False,2026-09-16 12:12:47+00:00,2026-09-16 12:12:54.690496+00:00
20260916,2347072026132267080,9082468520499401412,W778.812.150.48.D.6.92021491,0,REPLACEMENT,0.0,0.0,False,False,False,False,2026-09-16 12:12:47+00:00,2026-09-16 12:12:54.690496+00:00
20260916,2347072026132267080,-3577262378376177051,W778.812.150.48.D.6.92021491,0,REPLACEMENT,0.0,0.0,False,False,False,False,2026-09-16 12:12:47+00:00,2026-09-16 12:12:54.690496+00:00
20260916,2347072026132267080,7361910560894639998,W778.812.150.48.D.6.92021491,0,REPLACEMENT,0.0,0.0,False,False,False,False,2026-09-16 12:12:47+00:00,2026-09-16 12:12:54.690496+00:00
20260916,2347072026132267080,8937938843011471036,W778.812.150.48.D.6.92021491,0,REPLACEMENT,0.0,0.0,False,False,False,False,2026-09-16 12:12:47+00:00,2026-09-16 12:12:54.690496+00:00
20260916,2347072026132267080,-3857791824620312838,W778.812.150.48.D.6.92021491,0,REPLACEMENT,0.0,0.0,False,False,False,False,2026-09-16 12:12:47+00:00,2026-09-16 12:12:54.690496+00:00
20260916,2347072026132267080,5686081304253461363,W778.812.150.48.D.6.92021491,0,REPLACEMENT,0.0,0.0,False,False,False,False,2026-09-16 12:12:47+00:00,2026-09-16 12:12:54.690496+00:00
20260916,2347072026132267080,6816452819799660218,W778.812.150.48.D.6.92021491,0,REPLACEMENT,0.0,0.0,False,False,False,False,2026-09-16 12:12:47+00:00,2026-09-16 12:12:54.690496+00:00
20260916,2347072026132267080,524045740735076708,W778.812.150.48.D.6.92021491,0,REPLACEMENT,0.0,0.0,False,False,False,False,2026-09-16 12:12:47+00:00,2026-09-16 12:12:54.690496+00:00
20260916,2347072026132267080,-6782094359421297934,W778.812.150.48.D.6.92021491,0,REPLACEMENT,0.0,0.0,False,False,False,False,2026-09-16 12:12:47+00:00,2026-09-16 12:12:54.690496+00:00
20260916,2347072026132267080,-4918980453704670690,W778.812.150.48.D.6.92021491,0,REPLACEMENT,0.0,0.0,False,False,False,False,2026-09-16 12:12:47+00:00,2026-09-16 12:12:54.690496+00:00
20260916,2347072026132267080,4360033609307305209,W778.812.150.48.D.6.92021491,0,REPLACEMENT,0.0,0.0,False,False,False,False,2026-09-16 12:12:47+00:00,2026-09-16 12:12:54.690496+00:00
20260916,2347072026132267080,5345262405563176800,W778.812.150.48.D.6.92021491,0,REPLACEMENT,0.0,0.0,False,False,False,False,2026-09-16 12:12:47+00:00,2026-09-16 12:12:54.690496+00:00
20260916,2347072026132267080,-6368459365553662790,W778.812.150.48.D.6.92021491,0,REPLACEMENT,0.0,0.0,False,False,False,False,2026-09-16 12:12:47+00:00,2026-09-16 12:12:54.690496+00:00
20260916,2347072026132267080,3745378415091696520,W778.812.150.48.D.6.92021491,0,REPLACEMENT,0.0,0.0,False,False,False,False,2026-09-16 12:12:47+00:00,2026-09-16 12:12:54.690496+00:00
20260916,2347072026132267080,1216527846128728020,W778.812.150.48.D.6.92021491,0,REPLACEMENT,0.0,0.0,False,False,False,False,2026-09-16 12:12:47+00:00,2026-09-16 12:12:54.690496+00:00
20260916,2347072026132267080,6008188103106114504,W778.812.150.48.D.6.92021491,0,REPLACEMENT,0.0,0.0,False,False,False,False,2026-09-16 12:12:47+00:00,2026-09-16 12:12:54.690496+00:00
20260916,2347072026132267080,3872758416760626472,W778.812.150.48.D.6.92021491,0,REPLACEMENT,0.0,0.0,False,False,False,False,2026-09-16 12:12:47+00:00,2026-09-16 12:12:54.690496+00:00
20260916,2347072026132267080,5795784222285602736,W778.812.150.48.D.6.92021491,0,REPLACEMENT,0.0,0.0,False,False,False,False,2026-09-16 12:12:47+00:00,2026-09-16 12:12:54.690496+00:00
20260916,2347072026132267080,7492056347016962348,W778.812.150.48.D.6.92021491,0,REPLACEMENT,0.0,0.0,False,False,False,False,2026-09-16 12:12:47+00:00,2026-09-16 12:12:54.690496+00:00
20260916,4366774083614345187,-2771100076130190385,H381.812.150.16.H.8.92172615,0,SCHEDULED,0.0,0.0,False,False,False,False,2026-09-16 12:12:47+00:00,2026-09-16 12:12:54.690496+00:00
20260916,4366774083614345187,-2771100076130190385,H391.812.150.16.H.4.91728207,0,REPLACEMENT,0.0,,False,False,False,False,2026-09-16 12:12:47+00:00,2026-09-16 12:12:54.690496+00:00
20260916,2213430644432283724,195996996370985595,606D.812.150.16.T.8.91115218,0,REPLACEMENT,0.0,0.0,False,False,False,False,2026-09-16 12:12:47+00:00,2026-09-16 12:12:54.690496+00:00
20260916,2213430644432283724,-6319264484958793723,606D.812.150.16.T.8.91115218,0,REPLACEMENT,0.0,0.0,False,False,False,False,2026-09-16 12:12:47+00:00,2026-09-16 12:12:54.690496+00:00
20260916,2213430644432283724,7441593026655814830,606D.812.150.16.T.8.91115218,0,REPLACEMENT,0.0,0.0,False,False,False,False,2026-09-16 12:12:47+00:00,2026-09-16 12:12:54.690496+00:00
20260916,2213430644432283724,-2222922355244971541,606D.812.150.16.T.8.91115218,0,REPLACEMENT,0.0,0.0,False,False,False,False,2026-09-16 12:12:47+00:00,2026-09-16 12:12:54.690496+00:00
20260916,2213430644432283724,4549896384088506662,606D.812.150.16.T.8.91115218,0,REPLACEMENT,0.0,0.0,False,False,False,False,2026-09-16 12:12:47+00:00,2026-09-16 12:12:54.690496+00:00
20260916,2213430644432283724,7298766431076032142,606D.812.150.16.T.8.91115218,0,REPLACEMENT,0.0,0.0,False,False,False,False,2026-09-16 12:12:47+00:00,2026-09-16 12:12:54.690496+00:00
20260916,2213430644432283724,-9175316127581631929,606D.812.150.16.T.8.91115218,0,REPLACEMENT,0.0,0.0,False,False,False,False,2026-09-16 12:12:47+00:00,2026-09-16 12:12:54.690496+00:00
20260916,2213430644432283724,-8878885375073503370,606D.812.150.16.T.8.91115218,0,REPLACEMENT,0.0,0.0,False,False,False,False,2026-09-16 12:12:47+00:00,2026-09-16 12:12:54.690496+00:00
20260916,2213430644432283724,-5408461935977997803,606D.812.150.16.T.8.91115218,0,REPLACEMENT,0.0,0.0,False,False,False,False,2026-09-16 12:12:47+00:00,2026-09-16 12:12:54.690496+00:00
20260916,2213430644432283724,5175978725872556493,606D.812.150.16.T.8.91115218,0,REPLACEMENT,0.0,0.0,False,False,False,False,2026-09-16 12:12:47+00:00,2026-09-16 12:12:54.690496+00:00
20260916,2213430644432283724,3913791622566525486,606D.812.150.16.T.8.91115218,0,REPLACEMENT,0.0,0.0,False,False,False,False,2026-09-16 12:12:47+00:00,2026-09-16 12:12:54.690496+00:00
20260916,2213430644432283724,-2284978945745930026,606D.812.150.16.T.8.91115218,0,REPLACEMENT,0.0,0.0,False,False,False,False,2026-09-16 12:12:47+00:00,2026-09-16 12:12:54.690496+00:00
20260916,2213430644432283724,-2745759758435915372,606D.812.150.16.T.8.91115218,0,REPLACEMENT,0.0,0.0,False,False,False,False,2026-09-16 12:12:47+00:00,2026-09-16 12:12:54.690496+00:00
20260916,2213430644432283724,1118792010526155384,606D.812.150.16.T.8.91115218,0,REPLACEMENT,0.0,0.0,False,False,False,False,2026-09-16 12:12:47+00:00,2026-09-16 12:12:54.690496+00:00
20260916,2213430644432283724,-4074390751750918352,606D.812.150.16.T.8.91115218,0,REPLACEMENT,0.0,0.0,False,False,False,False,2026-09-16 12:12:47+00:00,2026-09-16 12:12:54.690496+00:00
20260916,2213430644432283724,3357921396986408568,606D.812.150.16.T.8.91115218,0,REPLACEMENT,0.0,0.0,False,False,False,False,2026-09-16 12:12:47+00:00,2026-09-16 12:12:54.690496+00:00
20260916,2213430644432283724,-6283456432802951536,606D.812.150.16.T.8.91115218,0,REPLACEMENT,0.0,,False,False,False,False,2026-09-16 12:12:47+00:00,2026-09-16 12:12:54.690496+00:00
20260916,4366774083614345187,7492905660078349455,710V.812.150.16.B.8.91116249,0,REPLACEMENT,0.0,,False,False,False,False,2026-09-16 12:12:47+00:00,2026-09-16 12:12:54.690496+00:00
20260916,4366774083614345187,5391668411992063355,Y728.812.150.16.D.6.91529985,0,REPLACEMENT,0.0,,False,False,False,False,2026-09-16 12:12:47+00:00,2026-09-16 12:12:54.690496+00:00
20260916,-2224808403655777439,7492056347016962348,W759.812.150.48.D.6.91119454,0,SCHEDULED,0.0,0.0,False,False,False,False,2026-09-16 12:12:47+00:00,2026-09-16 12:12:54.690496+00:00
20260916,-2224808403655777439,-4502807027699252010,W759.812.150.48.D.6.91119454,0,SCHEDULED,0.0,0.0,False,False,False,False,2026-09-16 12:12:47+00:00,2026-09-16 12:12:54.690496+00:00
20260916,-8080502455091207041,-8917331883398452363,150N.812.150.48.A.8.91119256,0,SCHEDULED,12.0,0.0,False,False,False,False,2026-09-16 12:12:47+00:00,2026-09-16 12:12:54.690496+00:00
20260916,-8080502455091207041,1714098398433544815,150N.812.150.48.A.8.91119256,0,SCHEDULED,42.0,12.0,False,False,False,False,2026-09-16 12:12:47+00:00,2026-09-16 12:12:54.690496+00:00
20260916,7107036069782603127,-6403964468061029576,N625.812.150.16.D.10.91115655,0,SCHEDULED,6.0,6.0,False,False,False,False,2026-09-16 12:12:47+00:00,2026-09-16 12:12:54.690496+00:00
20260916,7107036069782603127,-6149382851983002653,N625.812.150.16.D.10.91115655,0,SCHEDULED,6.0,6.0,False,False,False,False,2026-09-16 12:12:47+00:00,2026-09-16 12:12:54.690496+00:00
20260916,7107036069782603127,-5356526370273672056,N625.812.150.16.D.10.91115655,0,SCHEDULED,6.0,6.0,False,False,False,False,2026-09-16 12:12:47+00:00,2026-09-16 12:12:54.690496+00:00
20260916,7107036069782603127,7043891849206051533,N625.812.150.16.D.10.91115655,0,SCHEDULED,6.0,6.0,False,False,False,False,2026-09-16 12:12:47+00:00,2026-09-16 12:12:54.690496+00:00
20260916,7107036069782603127,-8196270170076136865,N625.812.150.16.D.10.91115655,0,SCHEDULED,6.0,6.0,False,False,False,False,2026-09-16 12:12:47+00:00,2026-09-16 12:12:54.690496+00:00
20260916,7107036069782603127,-7824276421162881911,N625.812.150.16.D.10.91115655,0,SCHEDULED,6.0,6.0,False,False,False,False,2026-09-16 12:12:47+00:00,2026-09-16 12:12:54.690496+00:00
20260916,7107036069782603127,5364992397233623303,N625.812.150.16.D.10.91115655,0,SCHEDULED,6.0,6.0,False,False,False,False,2026-09-16 12:12:47+00:00,2026-09-16 12:12:54.690496+00:00
20260916,7107036069782603127,-1033042400137353946,N625.812.150.16.D.10.91115655,0,SCHEDULED,6.0,6.0,False,False,False,False,2026-09-16 12:12:47+00:00,2026-09-16 12:12:54.690496+00:00
20260916,7107036069782603127,-9091648635300439767,N625.812.150.16.D.10.91115655,0,SCHEDULED,6.0,6.0,False,False,False,False,2026-09-16 12:12:47+00:00,2026-09-16 12:12:54.690496+00:00
20260916,7107036069782603127,-7089916589314454996,N625.812.150.16.D.10.91115655,0,SCHEDULED,6.0,6.0,False,False,False,False,2026-09-16 12:12:47+00:00,2026-09-16 12:12:54.690496+00:00
20260916,7107036069782603127,1252546623115669200,N625.812.150.16.D.10.91115655,0,SCHEDULED,6.0,6.0,False,False,False,False,2026-09-16 12:12:47+00:00,2026-09-16 12:12:54.690496+00:00
20260916,7107036069782603127,5391668411992063355,N625.812.150.16.D.10.91115655,0,SCHEDULED,6.0,0.0,False,False,False,False,2026-09-16 12:12:47+00:00,2026-09-16 12:12:54.690496+00:00
20260916,7107036069782603127,-6958619773406275623,N625.812.150.16.D.10.91115655,0,SCHEDULED,6.0,6.0,False,False,False,False,2026-09-16 12:12:47+00:00,2026-09-16 12:12:54.690496+00:00
20260916,4366774083614345187,6016041538996404949,744M.812.150.48.A.8.91116312,0,REPLACEMENT,50.0,,False,False,False,False,2026-09-16 12:12:47+00:00,2026-09-16 12:12:54.690496+00:00
20260916,4366774083614345187,3330155286583946050,K396.812.150.120.H.8.91115453,0,REPLACEMENT,0.0,,False,False,False,False,2026-09-16 12:12:47+00:00,2026-09-16 12:12:54.690496+00:00
20260916,-4396571606196770016,-7153867206641337415,15-N.812.150.48.A.8.91114546,0,SCHEDULED,0.0,0.0,False,False,False,False,2026-09-16 12:12:47+00:00,2026-09-16 12:12:54.690496+00:00
20260916,-4396571606196770016,-5009032479495747979,15-N.812.150.48.A.8.91114546,0,SCHEDULED,0.0,0.0,False,False,False,False,2026-09-16 12:12:47+00:00,2026-09-16 12:12:54.690496+00:00
20260916,-4396571606196770016,7906477756664692617,15-N.812.150.48.A.8.91114546,0,SCHEDULED,0.0,0.0,False,False,False,False,2026-09-16 12:12:47+00:00,2026-09-16 12:12:54.690496+00:00
20260916,-4396571606196770016,7025016748622994863,15-N.812.150.48.A.8.91114546,0,SCHEDULED,0.0,0.0,False,False,False,False,2026-09-16 12:12:47+00:00,2026-09-16 12:12:54.690496+00:00
20260916,-4396571606196770016,8635166941213022922,15-N.812.150.48.A.8.91114546,0,SCHEDULED,0.0,0.0,False,False,False,False,2026-09-16 12:12:47+00:00,2026-09-16 12:12:54.690496+00:00
20260916,-4396571606196770016,2077048829488502200,15-N.812.150.48.A.8.91114546,0,SCHEDULED,0.0,0.0,False,False,False,False,2026-09-16 12:12:47+00:00,2026-09-16 12:12:54.690496+00:00
20260916,-4396571606196770016,4454737578788425732,15-N.812.150.48.A.8.91114546,0,SCHEDULED,0.0,0.0,False,False,False,False,2026-09-16 12:12:47+00:00,2026-09-16 12:12:54.690496+00:00
20260916,-4396571606196770016,4873211797596941675,15-N.812.150.48.A.8.91114546,0,SCHEDULED,0.0,0.0,False,False,False,False,2026-09-16 12:12:47+00:00,2026-09-16 12:12:54.690496+00:00
20260916,-4396571606196770016,-8381759690622684572,15-N.812.150.48.A.8.91114546,0,SCHEDULED,0.0,0.0,False,False,False,False,2026-09-16 12:12:47+00:00,2026-09-16 12:12:54.690496+00:00
20260916,-4396571606196770016,4883948402622930005,15-N.812.150.48.A.8.91114546,0,SCHEDULED,0.0,0.0,False,False,False,False,2026-09-16 12:12:47+00:00,2026-09-16 12:12:54.690496+00:00
20260916,-4396571606196770016,6960865287121943885,15-N.812.150.48.A.8.91114546,0,SCHEDULED,0.0,0.0,False,False,False,False,2026-09-16 12:12:47+00:00,2026-09-16 12:12:54.690496+00:00
20260916,-4396571606196770016,-4960490454718708789,15-N.812.150.48.A.8.91114546,0,SCHEDULED,0.0,0.0,False,False,False,False,2026-09-16 12:12:47+00:00,2026-09-16 12:12:54.690496+00:00
20260916,-4396571606196770016,-1517232823452845431,15-N.812.150.48.A.8.91114546,0,SCHEDULED,0.0,0.0,False,False,False,False,2026-09-16 12:12:47+00:00,2026-09-16 12:12:54.690496+00:00
20260916,-4396571606196770016,-212241251039792385,15-N.812.150.48.A.8.91114546,0,SCHEDULED,0.0,0.0,False,False,False,False,2026-09-16 12:12:47+00:00,2026-09-16 12:12:54.690496+00:00
20260916,-4396571606196770016,-1697801584359906855,15-N.812.150.48.A.8.91114546,0,SCHEDULED,0.0,0.0,False,False,False,False,2026-09-16 12:12:47+00:00,2026-09-16 12:12:54.690496+00:00
20260916,7835924838457624329,8480872264950089100,SN67.812.150.56.N.2.91116904,0,SCHEDULED,596.0,596.0,True,False,False,False,2026-09-16 12:12:47+00:00,2026-09-16 12:12:54.690496+00:00
20260916,7835924838457624329,4267512304945807725,SN67.812.150.56.N.2.91116904,0,SCHEDULED,596.0,596.0,True,False,False,False,2026-09-16 12:12:47+00:00,2026-09-16 12:12:54.690496+00:00
20260916,7835924838457624329,-3449903928000400842,SN67.812.150.56.N.2.91116904,0,SCHEDULED,596.0,596.0,True,False,False,False,2026-09-16 12:12:47+00:00,2026-09-16 12:12:54.690496+00:00
20260916,7835924838457624329,6282046429495235662,SN67.812.150.56.N.2.91116904,0,SCHEDULED,596.0,596.0,True,False,False,False,2026-09-16 12:12:47+00:00,2026-09-16 12:12:54.690496+00:00
20260916,7835924838457624329,7344101488936075901,SN67.812.150.56.N.2.91116904,0,SCHEDULED,596.0,596.0,True,False,False,False,2026-09-16 12:12:47+00:00,2026-09-16 12:12:54.690496+00:00
20260916,7835924838457624329,3902356506063082889,SN67.812.150.56.N.2.91116904,0,SCHEDULED,596.0,596.0,True,False,False,False,2026-09-16 12:12:47+00:00,2026-09-16 12:12:54.690496+00:00
20260916,7835924838457624329,-6253830889052471909,SN67.812.150.56.N.2.91116904,0,SCHEDULED,596.0,596.0,True,False,False,False,2026-09-16 12:12:47+00:00,2026-09-16 12:12:54.690496+00:00
20260916,7835924838457624329,-6425801247087022956,SN67.812.150.56.N.2.91116904,0,SCHEDULED,596.0,596.0,True,False,False,False,2026-09-16 12:12:47+00:00,2026-09-16 12:12:54.690496+00:00
20260916,7835924838457624329,-2869275988912975447,SN67.812.150.56.N.2.91116904,0,SCHEDULED,596.0,596.0,True,False,False,False,2026-09-16 12:12:47+00:00,2026-09-16 12:12:54.690496+00:00
20260916,7835924838457624329,8312711558947007430,SN67.812.150.56.N.2.91116904,0,SCHEDULED,596.0,596.0,True,False,False,False,2026-09-16 12:12:47+00:00,2026-09-16 12:12:54.690496+00:00
20260916,7835924838457624329,5594090472067316080,SN67.812.150.56.N.2.91116904,0,SCHEDULED,596.0,566.0,True,False,False,False,2026-09-16 12:12:47+00:00,2026-09-16 12:12:54.690496+00:00
20260916,7835924838457624329,8383813514105401412,SN67.812.150.56.N.2.91116904,0,SCHEDULED,566.0,566.0,True,False,False,False,2026-09-16 12:12:47+00:00,2026-09-16 12:12:54.690496+00:00
20260916,7835924838457624329,-781113972795812804,SN67.812.150.56.N.2.91116904,0,SCHEDULED,566.0,566.0,True,False,False,False,2026-09-16 12:12:47+00:00,2026-09-16 12:12:54.690496+00:00
20260916,7835924838457624329,2708817410859734598,SN67.812.150.56.N.2.91116904,0,SCHEDULED,566.0,566.0,True,False,False,False,2026-09-16 12:12:47+00:00,2026-09-16 12:12:54.690496+00:00
20260916,7835924838457624329,6776103251785519021,SN67.812.150.56.N.2.91116904,0,SCHEDULED,566.0,566.0,True,False,False,False,2026-09-16 12:12:47+00:00,2026-09-16 12:12:54.690496+00:00
20260916,7835924838457624329,-6636186148505703395,SN67.812.150.56.N.2.91116904,0,SCHEDULED,566.0,566.0,True,False,False,False,2026-09-16 12:12:47+00:00,2026-09-16 12:12:54.690496+00:00
20260916,7835924838457624329,6024365930712670808,SN67.812.150.56.N.2.91116904,0,SCHEDULED,566.0,566.0,True,False,False,False,2026-09-16 12:12:47+00:00,2026-09-16 12:12:54.690496+00:00
20260916,7835924838457624329,-4215070570825713297,SN67.812.150.56.N.2.91116904,0,SCHEDULED,566.0,0.0,True,False,False,False,2026-09-16 12:12:47+00:00,2026-09-16 12:12:54.690496+00:00
20260916,7087056493799616534,4599181785305926972,618L.812.150.60.T.8.91119853,0,SCHEDULED,2.0,0.0,False,False,False,False,2026-09-16 12:12:47+00:00,2026-09-16 12:12:54.690496+00:00
20260916,7087056493799616534,-2840977376138885669,618L.812.150.60.T.8.91119853,0,SCHEDULED,0.0,0.0,False,False,False,False,2026-09-16 12:12:47+00:00,2026-09-16 12:12:54.690496+00:00
20260916,7087056493799616534,-5250691378248803399,618L.812.150.60.T.8.91119853,0,SCHEDULED,0.0,0.0,False,False,False,False,2026-09-16 12:12:47+00:00,2026-09-16 12:12:54.690496+00:00
20260916,7087056493799616534,5283802069566271788,618L.812.150.60.T.8.91119853,0,SCHEDULED,0.0,0.0,False,False,False,False,2026-09-16 12:12:47+00:00,2026-09-16 12:12:54.690496+00:00
20260916,7087056493799616534,3049108295002465205,618L.812.150.60.T.8.91119853,0,SCHEDULED,2.0,2.0,False,False,False,False,2026-09-16 12:12:47+00:00,2026-09-16 12:12:54.690496+00:00
20260916,7087056493799616534,6795477399301955320,618L.812.150.60.T.8.91119853,0,SCHEDULED,0.0,0.0,False,False,False,False,2026-09-16 12:12:47+00:00,2026-09-16 12:12:54.690496+00:00
20260916,7087056493799616534,4034867515855622552,618L.812.150.60.T.8.91119853,0,SCHEDULED,0.0,0.0,False,False,False,False,2026-09-16 12:12:47+00:00,2026-09-16 12:12:54.690496+00:00
20260916,7087056493799616534,8732215138225519887,618L.812.150.60.T.8.91119853,0,SCHEDULED,2.0,2.0,False,False,False,False,2026-09-16 12:12:47+00:00,2026-09-16 12:12:54.690496+00:00
20260916,7087056493799616534,-844883588419371563,618L.812.150.60.T.8.91119853,0,SCHEDULED,2.0,2.0,False,False,False,False,2026-09-16 12:12:47+00:00,2026-09-16 12:12:54.690496+00:00
20260916,7087056493799616534,2110738146112551362,618L.812.150.60.T.8.91119853,0,SCHEDULED,2.0,2.0,False,False,False,False,2026-09-16 12:12:47+00:00,2026-09-16 12:12:54.690496+00:00
20260916,7087056493799616534,1882759412779683366,618L.812.150.60.T.8.91119853,0,SCHEDULED,2.0,2.0,False,False,False,False,2026-09-16 12:12:47+00:00,2026-09-16 12:12:54.690496+00:00
20260916,7087056493799616534,-1855194984233855758,618L.812.150.60.T.8.91119853,0,SCHEDULED,2.0,2.0,False,False,False,False,2026-09-16 12:12:47+00:00,2026-09-16 12:12:54.690496+00:00
20260916,7087056493799616534,2575190295852924711,618L.812.150.60.T.8.91119853,0,SCHEDULED,2.0,2.0,False,False,False,False,2026-09-16 12:12:47+00:00,2026-09-16 12:12:54.690496+00:00
20260916,7087056493799616534,1378952111334263434,618L.812.150.60.T.8.91119853,0,SCHEDULED,32.0,2.0,False,False,False,False,2026-09-16 12:12:47+00:00,2026-09-16 12:12:54.690496+00:00
20260916,7087056493799616534,-6365579239099342340,618L.812.150.60.T.8.91119853,0,SCHEDULED,32.0,32.0,False,False,False,False,2026-09-16 12:12:47+00:00,2026-09-16 12:12:54.690496+00:00
20260916,7087056493799616534,-7309827273581882508,618L.812.150.60.T.8.91119853,0,SCHEDULED,32.0,32.0,False,False,False,False,2026-09-16 12:12:47+00:00,2026-09-16 12:12:54.690496+00:00
20260916,7087056493799616534,-2897867139078942438,618L.812.150.60.T.8.91119853,0,SCHEDULED,32.0,32.0,False,False,False,False,2026-09-16 12:12:47+00:00,2026-09-16 12:12:54.690496+00:00
20260916,7087056493799616534,-6348273073257900739,618L.812.150.60.T.8.91119853,0,SCHEDULED,32.0,32.0,False,False,False,False,2026-09-16 12:12:47+00:00,2026-09-16 12:12:54.690496+00:00
20260916,7087056493799616534,8242984005306792984,618L.812.150.60.T.8.91119853,0,SCHEDULED,32.0,32.0,False,False,False,False,2026-09-16 12:12:47+00:00,2026-09-16 12:12:54.690496+00:00
20260916,7087056493799616534,-3565030001349401117,618L.812.150.60.T.8.91119853,0,SCHEDULED,62.0,62.0,False,False,False,False,2026-09-16 12:12:47+00:00,2026-09-16 12:12:54.690496+00:00
20260916,7087056493799616534,-7507058161649240372,618L.812.150.60.T.8.91119853,0,SCHEDULED,62.0,62.0,False,False,False,False,2026-09-16 12:12:47+00:00,2026-09-16 12:12:54.690496+00:00
20260916,7087056493799616534,-7252741680206314177,618L.812.150.60.T.8.91119853,0,SCHEDULED,62.0,32.0,False,False,False,False,2026-09-16 12:12:47+00:00,2026-09-16 12:12:54.690496+00:00
20260916,-1482151186623865843,1195745692043831597,70CE.812.149.8.M.4.91114863,0,SCHEDULED,0.0,0.0,False,False,True,False,2026-09-16 12:12:47+00:00,2026-09-16 12:12:54.690496+00:00
20260916,7835924838457624329,181633557305635578,SN33.812.150.56.N.2.91115154,0,REPLACEMENT,0.0,0.0,False,False,False,False,2026-09-16 12:12:47+00:00,2026-09-16 12:12:54.690496+00:00
20260916,7835924838457624329,-7889193868046082307,SN33.812.150.56.N.2.91115154,0,REPLACEMENT,0.0,0.0,False,False,False,False,2026-09-16 12:12:47+00:00,2026-09-16 12:12:54.690496+00:00
20260916,7835924838457624329,8480872264950089100,SN33.812.150.56.N.2.91115154,0,REPLACEMENT,48.0,48.0,False,False,False,False,2026-09-16 12:12:47+00:00,2026-09-16 12:12:54.690496+00:00
20260916,7835924838457624329,4267512304945807725,SN33.812.150.56.N.2.91115154,0,REPLACEMENT,48.0,48.0,False,False,False,False,2026-09-16 12:12:47+00:00,2026-09-16 12:12:54.690496+00:00
20260916,7835924838457624329,-3449903928000400842,SN33.812.150.56.N.2.91115154,0,REPLACEMENT,48.0,48.0,False,False,False,False,2026-09-16 12:12:47+00:00,2026-09-16 12:12:54.690496+00:00
20260916,7835924838457624329,6282046429495235662,SN33.812.150.56.N.2.91115154,0,REPLACEMENT,48.0,48.0,False,False,False,False,2026-09-16 12:12:47+00:00,2026-09-16 12:12:54.690496+00:00
20260916,7835924838457624329,7344101488936075901,SN33.812.150.56.N.2.91115154,0,REPLACEMENT,48.0,48.0,False,False,False,False,2026-09-16 12:12:47+00:00,2026-09-16 12:12:54.690496+00:00
20260916,7835924838457624329,3902356506063082889,SN33.812.150.56.N.2.91115154,0,REPLACEMENT,48.0,48.0,False,False,False,False,2026-09-16 12:12:47+00:00,2026-09-16 12:12:54.690496+00:00
20260916,7835924838457624329,-6253830889052471909,SN33.812.150.56.N.2.91115154,0,REPLACEMENT,48.0,48.0,False,False,False,False,2026-09-16 12:12:47+00:00,2026-09-16 12:12:54.690496+00:00
20260916,7835924838457624329,-6425801247087022956,SN33.812.150.56.N.2.91115154,0,REPLACEMENT,48.0,48.0,False,False,False,False,2026-09-16 12:12:47+00:00,2026-09-16 12:12:54.690496+00:00
20260916,7835924838457624329,-2869275988912975447,SN33.812.150.56.N.2.91115154,0,REPLACEMENT,48.0,48.0,False,False,False,False,2026-09-16 12:12:47+00:00,2026-09-16 12:12:54.690496+00:00
20260916,7835924838457624329,8312711558947007430,SN33.812.150.56.N.2.91115154,0,REPLACEMENT,48.0,48.0,False,False,False,False,2026-09-16 12:12:47+00:00,2026-09-16 12:12:54.690496+00:00
20260916,7835924838457624329,5594090472067316080,SN33.812.150.56.N.2.91115154,0,REPLACEMENT,48.0,,False,False,False,False,2026-09-16 12:12:47+00:00,2026-09-16 12:12:54.690496+00:00
20260916,4366774083614345187,-970864714992148263,Y815.812.150.112.D.8.91115936,0,SCHEDULED,0.0,0.0,False,False,False,False,2026-09-16 12:12:47+00:00,2026-09-16 12:12:54.690496+00:00
20260916,7107036069782603127,2452573464316960471,N731.812.150.16.D.4.91529920,0,REPLACEMENT,0.0,0.0,False,False,False,False,2026-09-16 12:12:47+00:00,2026-09-16 12:12:54.690496+00:00
20260916,7107036069782603127,-8109062943416768923,N731.812.150.16.D.4.91529920,0,REPLACEMENT,0.0,0.0,False,False,False,False,2026-09-16 12:12:47+00:00,2026-09-16 12:12:54.690496+00:00
20260916,7107036069782603127,2881518867304474700,N731.812.150.16.D.4.91529920,0,REPLACEMENT,0.0,0.0,False,False,False,False,2026-09-16 12:12:47+00:00,2026-09-16 12:12:54.690496+00:00
20260916,7107036069782603127,2596648877091631911,N731.812.150.16.D.4.91529920,0,REPLACEMENT,0.0,0.0,False,False,False,False,2026-09-16 12:12:47+00:00,2026-09-16 12:12:54.690496+00:00
20260916,7107036069782603127,-6050211025501503354,N731.812.150.16.D.4.91529920,0,REPLACEMENT,0.0,0.0,False,False,False,False,2026-09-16 12:12:47+00:00,2026-09-16 12:12:54.690496+00:00
20260916,7107036069782603127,-1524378004626864800,N731.812.150.16.D.4.91529920,0,REPLACEMENT,0.0,0.0,False,False,False,False,2026-09-16 12:12:47+00:00,2026-09-16 12:12:54.690496+00:00
20260916,7107036069782603127,-5621762837069403900,N731.812.150.16.D.4.91529920,0,REPLACEMENT,0.0,0.0,False,False,False,False,2026-09-16 12:12:47+00:00,2026-09-16 12:12:54.690496+00:00
20260916,7107036069782603127,6091480518091113241,N731.812.150.16.D.4.91529920,0,REPLACEMENT,0.0,0.0,False,False,False,False,2026-09-16 12:12:47+00:00,2026-09-16 12:12:54.690496+00:00
20260916,7107036069782603127,7571014054794640443,N731.812.150.16.D.4.91529920,0,REPLACEMENT,0.0,0.0,False,False,False,False,2026-09-16 12:12:47+00:00,2026-09-16 12:12:54.690496+00:00
20260916,7107036069782603127,2882994503520754983,N731.812.150.16.D.4.91529920,0,REPLACEMENT,0.0,0.0,False,False,False,False,2026-09-16 12:12:47+00:00,2026-09-16 12:12:54.690496+00:00
20260916,7107036069782603127,-2921896602186022664,N731.812.150.16.D.4.91529920,0,REPLACEMENT,0.0,0.0,False,False,False,False,2026-09-16 12:12:47+00:00,2026-09-16 12:12:54.690496+00:00
20260916,7107036069782603127,-5713020700918079249,N731.812.150.16.D.4.91529920,0,REPLACEMENT,0.0,0.0,False,False,False,False,2026-09-16 12:12:47+00:00,2026-09-16 12:12:54.690496+00:00
20260916,7107036069782603127,-3751741815189765275,N731.812.150.16.D.4.91529920,0,REPLACEMENT,0.0,0.0,False,False,False,False,2026-09-16 12:12:47+00:00,2026-09-16 12:12:54.690496+00:00
20260916,7107036069782603127,2255533403479074051,N731.812.150.16.D.4.91529920,0,REPLACEMENT,0.0,0.0,False,False,False,False,2026-09-16 12:12:47+00:00,2026-09-16 12:12:54.690496+00:00
20260916,7107036069782603127,-8083684398210327495,N731.812.150.16.D.4.91529920,0,REPLACEMENT,0.0,0.0,False,False,False,False,2026-09-16 12:12:47+00:00,2026-09-16 12:12:54.690496+00:00
20260916,7107036069782603127,-8802747951913464798,N731.812.150.16.D.4.91529920,0,REPLACEMENT,0.0,0.0,False,False,False,False,2026-09-16 12:12:47+00:00,2026-09-16 12:12:54.690496+00:00
20260916,7107036069782603127,3341714465681365718,N731.812.150.16.D.4.91529920,0,REPLACEMENT,0.0,0.0,False,False,False,False,2026-09-16 12:12:47+00:00,2026-09-16 12:12:54.690496+00:00
20260916,7107036069782603127,-3141478250551935194,N731.812.150.16.D.4.91529920,0,REPLACEMENT,0.0,,False,False,False,False,2026-09-16 12:12:47+00:00,2026-09-16 12:12:54.690496+00:00
20260916,-4689984939195006273,3508940945860787276,150P.812.150.48.A.8.91119155,0,SCHEDULED,0.0,0.0,False,False,False,False,2026-09-16 12:12:47+00:00,2026-09-16 12:12:54.690496+00:00
20260916,-4689984939195006273,4683999382729454313,150P.812.150.48.A.8.91119155,0,SCHEDULED,0.0,0.0,False,False,False,False,2026-09-16 12:12:47+00:00,2026-09-16 12:12:54.690496+00:00
20260916,-4689984939195006273,1546226603274301800,150P.812.150.48.A.8.91119155,0,SCHEDULED,0.0,0.0,False,False,False,False,2026-09-16 12:12:47+00:00,2026-09-16 12:12:54.690496+00:00
20260916,-4689984939195006273,118992300971026198,150P.812.150.48.A.8.91119155,0,SCHEDULED,0.0,0.0,False,False,False,False,2026-09-16 12:12:47+00:00,2026-09-16 12:12:54.690496+00:00
20260916,-4689984939195006273,-8381759690622684572,150P.812.150.48.A.8.91119155,0,SCHEDULED,0.0,0.0,False,False,False,False,2026-09-16 12:12:47+00:00,2026-09-16 12:12:54.690496+00:00
20260916,-4689984939195006273,492133320578950194,150P.812.150.48.A.8.91119155,0,SCHEDULED,0.0,0.0,False,False,False,False,2026-09-16 12:12:47+00:00,2026-09-16 12:12:54.690496+00:00
20260916,-4689984939195006273,6960865287121943885,150P.812.150.48.A.8.91119155,0,SCHEDULED,0.0,0.0,False,False,False,False,2026-09-16 12:12:47+00:00,2026-09-16 12:12:54.690496+00:00
20260916,-4689984939195006273,4504583558386924408,150P.812.150.48.A.8.91119155,0,SCHEDULED,0.0,0.0,False,False,False,False,2026-09-16 12:12:47+00:00,2026-09-16 12:12:54.690496+00:00
20260916,-4689984939195006273,6144510546960053992,150P.812.150.48.A.8.91119155,0,SCHEDULED,0.0,0.0,False,False,False,False,2026-09-16 12:12:47+00:00,2026-09-16 12:12:54.690496+00:00
20260916,-4689984939195006273,7320276821397553074,150P.812.150.48.A.8.91119155,0,SCHEDULED,0.0,0.0,False,False,False,False,2026-09-16 12:12:47+00:00,2026-09-16 12:12:54.690496+00:00
20260916,-4689984939195006273,3021749488204407522,150P.812.150.48.A.8.91119155,0,SCHEDULED,0.0,0.0,False,False,False,False,2026-09-16 12:12:47+00:00,2026-09-16 12:12:54.690496+00:00
20260916,-4689984939195006273,-4576123028587082005,150P.812.150.48.A.8.91119155,0,SCHEDULED,0.0,0.0,False,False,False,False,2026-09-16 12:12:47+00:00,2026-09-16 12:12:54.690496+00:00
20260916,-4689984939195006273,-6627378620640566393,150P.812.150.48.A.8.91119155,0,SCHEDULED,0.0,0.0,False,False,False,False,2026-09-16 12:12:47+00:00,2026-09-16 12:12:54.690496+00:00
20260916,-4689984939195006273,-5510222690186109640,150P.812.150.48.A.8.91119155,0,SCHEDULED,0.0,0.0,False,False,False,False,2026-09-16 12:12:47+00:00,2026-09-16 12:12:54.690496+00:00
20260916,-4689984939195006273,-2125918043849023823,150P.812.150.48.A.8.91119155,0,SCHEDULED,0.0,0.0,False,False,False,False,2026-09-16 12:12:47+00:00,2026-09-16 12:12:54.690496+00:00
20260916,-4689984939195006273,-6607814288058595011,150P.812.150.48.A.8.91119155,0,SCHEDULED,0.0,0.0,False,False,False,False,2026-09-16 12:12:47+00:00,2026-09-16 12:12:54.690496+00:00
20260916,-4689984939195006273,-8917331883398452363,150P.812.150.48.A.8.91119155,0,SCHEDULED,12.0,0.0,False,False,False,False,2026-09-16 12:12:47+00:00,2026-09-16 12:12:54.690496+00:00
20260916,-4689984939195006273,-9024629707393703762,150P.812.150.48.A.8.91119155,0,SCHEDULED,0.0,0.0,False,False,False,False,2026-09-16 12:12:47+00:00,2026-09-16 12:12:54.690496+00:00
20260916,-4689984939195006273,-904133297077372003,150P.812.150.48.A.8.91119155,0,SCHEDULED,0.0,0.0,False,False,False,False,2026-09-16 12:12:47+00:00,2026-09-16 12:12:54.690496+00:00
20260916,-4689984939195006273,8926528296280516372,150P.812.150.48.A.8.91119155,0,SCHEDULED,0.0,0.0,False,False,False,False,2026-09-16 12:12:47+00:00,2026-09-16 12:12:54.690496+00:00
20260916,-4689984939195006273,-5570979485462827657,150P.812.150.48.A.8.91119155,0,SCHEDULED,0.0,0.0,False,False,False,False,2026-09-16 12:12:47+00:00,2026-09-16 12:12:54.690496+00:00
20260916,-4689984939195006273,6952433621366055465,150P.812.150.48.A.8.91119155,0,SCHEDULED,0.0,0.0,False,False,False,False,2026-09-16 12:12:47+00:00,2026-09-16 12:12:54.690496+00:00
20260916,4366774083614345187,869925268614413277,4--Z.812.150.16.A.8.91118319,0,REPLACEMENT,0.0,,False,False,False,False,2026-09-16 12:12:47+00:00,2026-09-16 12:12:54.690496+00:00
20260916,-5236434750823934246,8041570361657107919,A689.812.149.8.D.10.91529933,0,SCHEDULED,116.0,198.0,False,False,True,False,2026-09-16 12:12:47+00:00,2026-09-16 12:12:54.690496+00:00
20260916,-5236434750823934246,-6403964468061029576,A689.812.149.8.D.10.91529933,0,SCHEDULED,198.0,198.0,False,False,True,False,2026-09-16 12:12:47+00:00,2026-09-16 12:12:54.690496+00:00
20260916,-5236434750823934246,-6149382851983002653,A689.812.149.8.D.10.91529933,0,SCHEDULED,198.0,198.0,False,False,True,False,2026-09-16 12:12:47+00:00,2026-09-16 12:12:54.690496+00:00
20260916,-5236434750823934246,-5356526370273672056,A689.812.149.8.D.10.91529933,0,SCHEDULED,198.0,198.0,False,False,True,False,2026-09-16 12:12:47+00:00,2026-09-16 12:12:54.690496+00:00
20260916,-5236434750823934246,7043891849206051533,A689.812.149.8.D.10.91529933,0,SCHEDULED,198.0,198.0,False,False,True,False,2026-09-16 12:12:47+00:00,2026-09-16 12:12:54.690496+00:00
20260916,-5236434750823934246,-8196270170076136865,A689.812.149.8.D.10.91529933,0,SCHEDULED,198.0,198.0,False,False,True,False,2026-09-16 12:12:47+00:00,2026-09-16 12:12:54.690496+00:00
20260916,-5236434750823934246,-7824276421162881911,A689.812.149.8.D.10.91529933,0,SCHEDULED,198.0,198.0,False,False,True,False,2026-09-16 12:12:47+00:00,2026-09-16 12:12:54.690496+00:00
20260916,-5236434750823934246,5364992397233623303,A689.812.149.8.D.10.91529933,0,SCHEDULED,198.0,198.0,False,False,True,False,2026-09-16 12:12:47+00:00,2026-09-16 12:12:54.690496+00:00
20260916,-5236434750823934246,-1033042400137353946,A689.812.149.8.D.10.91529933,0,SCHEDULED,198.0,198.0,False,False,True,False,2026-09-16 12:12:47+00:00,2026-09-16 12:12:54.690496+00:00
20260916,-5236434750823934246,-9091648635300439767,A689.812.149.8.D.10.91529933,0,SCHEDULED,198.0,198.0,False,False,True,False,2026-09-16 12:12:47+00:00,2026-09-16 12:12:54.690496+00:00
20260916,-5236434750823934246,-7089916589314454996,A689.812.149.8.D.10.91529933,0,SCHEDULED,198.0,198.0,False,False,True,False,2026-09-16 12:12:47+00:00,2026-09-16 12:12:54.690496+00:00
20260916,-5236434750823934246,1252546623115669200,A689.812.149.8.D.10.91529933,0,SCHEDULED,198.0,198.0,False,False,True,False,2026-09-16 12:12:47+00:00,2026-09-16 12:12:54.690496+00:00
20260916,-5236434750823934246,5391668411992063355,A689.812.149.8.D.10.91529933,0,SCHEDULED,198.0,0.0,False,False,True,False,2026-09-16 12:12:47+00:00,2026-09-16 12:12:54.690496+00:00
20260916,-5236434750823934246,-6958619773406275623,A689.812.149.8.D.10.91529933,0,SCHEDULED,198.0,198.0,False,False,True,False,2026-09-16 12:12:47+00:00,2026-09-16 12:12:54.690496+00:00
20260916,4622583836084576750,7536020881108338221,133S.812.150.16.A.8.92172585,0,SCHEDULED,0.0,0.0,False,False,False,False,2026-09-16 12:12:47+00:00,2026-09-16 12:12:54.690496+00:00
20260916,4622583836084576750,6202105477384046620,133S.812.150.16.A.8.92172585,0,SCHEDULED,0.0,0.0,False,False,False,False,2026-09-16 12:12:47+00:00,2026-09-16 12:12:54.690496+00:00
20260916,4622583836084576750,5011251645022536307,133S.812.150.16.A.8.92172585,0,SCHEDULED,0.0,0.0,False,False,False,False,2026-09-16 12:12:47+00:00,2026-09-16 12:12:54.690496+00:00
20260916,4622583836084576750,-6788983780378711223,133S.812.150.16.A.8.92172585,0,SCHEDULED,0.0,0.0,False,False,False,False,2026-09-16 12:12:47+00:00,2026-09-16 12:12:54.690496+00:00
20260916,4622583836084576750,-2180087523068539759,133S.812.150.16.A.8.92172585,0,SCHEDULED,0.0,0.0,False,False,False,False,2026-09-16 12:12:47+00:00,2026-09-16 12:12:54.690496+00:00
20260916,4622583836084576750,3978548535571031105,133S.812.150.16.A.8.92172585,0,SCHEDULED,0.0,0.0,False,False,False,False,2026-09-16 12:12:47+00:00,2026-09-16 12:12:54.690496+00:00
20260916,4622583836084576750,-1484803317195334805,133S.812.150.16.A.8.92172585,0,SCHEDULED,0.0,0.0,False,False,False,False,2026-09-16 12:12:47+00:00,2026-09-16 12:12:54.690496+00:00
20260916,4622583836084576750,-8795747107871235027,133S.812.150.16.A.8.92172585,0,SCHEDULED,0.0,0.0,False,False,False,False,2026-09-16 12:12:47+00:00,2026-09-16 12:12:54.690496+00:00
20260916,4622583836084576750,-6507277496142926151,133S.812.150.16.A.8.92172585,0,SCHEDULED,0.0,0.0,False,False,False,False,2026-09-16 12:12:47+00:00,2026-09-16 12:12:54.690496+00:00
20260916,4622583836084576750,-4719705806519373114,133S.812.150.16.A.8.92172585,0,SCHEDULED,0.0,0.0,False,False,False,False,2026-09-16 12:12:47+00:00,2026-09-16 12:12:54.690496+00:00
20260916,4622583836084576750,2300098939432968099,133S.812.150.16.A.8.92172585,0,SCHEDULED,0.0,0.0,False,False,False,False,2026-09-16 12:12:47+00:00,2026-09-16 12:12:54.690496+00:00
20260916,4622583836084576750,-8021387233322566415,133S.812.150.16.A.8.92172585,0,SCHEDULED,0.0,0.0,False,False,False,False,2026-09-16 12:12:47+00:00,2026-09-16 12:12:54.690496+00:00
20260916,4622583836084576750,-8189528268114724594,133S.812.150.16.A.8.92172585,0,SCHEDULED,0.0,0.0,False,False,False,False,2026-09-16 12:12:47+00:00,2026-09-16 12:12:54.690496+00:00
20260916,4622583836084576750,8463204548138423096,133S.812.150.16.A.8.92172585,0,SCHEDULED,0.0,0.0,False,False,False,False,2026-09-16 12:12:47+00:00,2026-09-16 12:12:54.690496+00:00
20260916,4622583836084576750,976421500923668027,133S.812.150.16.A.8.92172585,0,SCHEDULED,0.0,0.0,False,False,False,False,2026-09-16 12:12:47+00:00,2026-09-16 12:12:54.690496+00:00
20260916,4622583836084576750,6868354577700387348,133S.812.150.16.A.8.92172585,0,SCHEDULED,0.0,0.0,False,False,False,False,2026-09-16 12:12:47+00:00,2026-09-16 12:12:54.690496+00:00
20260916,4622583836084576750,-2175101314296702230,133S.812.150.16.A.8.92172585,0,SCHEDULED,0.0,0.0,False,False,False,False,2026-09-16 12:12:47+00:00,2026-09-16 12:12:54.690496+00:00
20260916,4622583836084576750,5934731588982600981,133S.812.150.16.A.8.92172585,0,SCHEDULED,0.0,0.0,False,False,False,False,2026-09-16 12:12:47+00:00,2026-09-16 12:12:54.690496+00:00
20260916,4622583836084576750,4735193369246221649,133S.812.150.16.A.8.92172585,0,SCHEDULED,0.0,0.0,False,False,False,False,2026-09-16 12:12:47+00:00,2026-09-16 12:12:54.690496+00:00
20260916,6965782384900562698,-1906114871667065914,145S.812.150.16.A.8.92172572,0,SCHEDULED,0.0,0.0,False,False,False,False,2026-09-16 12:12:47+00:00,2026-09-16 12:12:54.690496+00:00
20260916,6965782384900562698,-8903371073604344195,145S.812.150.16.A.8.92172572,0,SCHEDULED,0.0,0.0,False,False,False,False,2026-09-16 12:12:47+00:00,2026-09-16 12:12:54.690496+00:00
20260916,6965782384900562698,-547101269315442553,145S.812.150.16.A.8.92172572,0,SCHEDULED,0.0,0.0,False,False,False,False,2026-09-16 12:12:47+00:00,2026-09-16 12:12:54.690496+00:00
20260916,6965782384900562698,4307401460270953512,145S.812.150.16.A.8.92172572,0,SCHEDULED,0.0,0.0,False,False,False,False,2026-09-16 12:12:47+00:00,2026-09-16 12:12:54.690496+00:00
20260916,6965782384900562698,-5420673490650911212,145S.812.150.16.A.8.92172572,0,SCHEDULED,0.0,0.0,False,False,False,False,2026-09-16 12:12:47+00:00,2026-09-16 12:12:54.690496+00:00
20260916,6965782384900562698,-6475982795972593312,145S.812.150.16.A.8.92172572,0,SCHEDULED,0.0,0.0,False,False,False,False,2026-09-16 12:12:47+00:00,2026-09-16 12:12:54.690496+00:00
20260916,6965782384900562698,-335714526552119841,145S.812.150.16.A.8.92172572,0,SCHEDULED,0.0,0.0,False,False,False,False,2026-09-16 12:12:47+00:00,2026-09-16 12:12:54.690496+00:00
20260916,6965782384900562698,-4248716776482060069,145S.812.150.16.A.8.92172572,0,SCHEDULED,0.0,0.0,False,False,False,False,2026-09-16 12:12:47+00:00,2026-09-16 12:12:54.690496+00:00
20260916,6965782384900562698,6575595418068994273,145S.812.150.16.A.8.92172572,0,SCHEDULED,0.0,0.0,False,False,False,False,2026-09-16 12:12:47+00:00,2026-09-16 12:12:54.690496+00:00
20260916,6965782384900562698,-2876658330315507475,145S.812.150.16.A.8.92172572,0,SCHEDULED,0.0,0.0,False,False,False,False,2026-09-16 12:12:47+00:00,2026-09-16 12:12:54.690496+00:00
20260916,6965782384900562698,-1584445096477889585,145S.812.150.16.A.8.92172572,0,SCHEDULED,0.0,0.0,False,False,False,False,2026-09-16 12:12:47+00:00,2026-09-16 12:12:54.690496+00:00
20260916,6965782384900562698,9127642123165832803,145S.812.150.16.A.8.92172572,0,SCHEDULED,0.0,0.0,False,False,False,False,2026-09-16 12:12:47+00:00,2026-09-16 12:12:54.690496+00:00
20260916,6965782384900562698,-1406341277626263536,145S.812.150.16.A.8.92172572,0,SCHEDULED,0.0,0.0,False,False,False,False,2026-09-16 12:12:47+00:00,2026-09-16 12:12:54.690496+00:00
20260916,-5842204805049448059,-7153867206641337415,95-J.812.150.16.A.8.91119787,0,SCHEDULED,0.0,0.0,False,False,False,False,2026-09-16 12:12:47+00:00,2026-09-16 12:12:54.690496+00:00
20260916,-5842204805049448059,7261874335996164665,95-J.812.150.16.A.8.91119787,0,SCHEDULED,0.0,0.0,False,False,False,False,2026-09-16 12:12:47+00:00,2026-09-16 12:12:54.690496+00:00
20260916,-5842204805049448059,-5009032479495747979,95-J.812.150.16.A.8.91119787,0,SCHEDULED,0.0,0.0,False,False,False,False,2026-09-16 12:12:47+00:00,2026-09-16 12:12:54.690496+00:00
20260916,-5842204805049448059,7906477756664692617,95-J.812.150.16.A.8.91119787,0,SCHEDULED,0.0,0.0,False,False,False,False,2026-09-16 12:12:47+00:00,2026-09-16 12:12:54.690496+00:00
20260916,-5842204805049448059,3868211231074592085,95-J.812.150.16.A.8.91119787,0,SCHEDULED,0.0,0.0,False,False,False,False,2026-09-16 12:12:47+00:00,2026-09-16 12:12:54.690496+00:00
20260916,-5842204805049448059,-7119851964929319940,95-J.812.150.16.A.8.91119787,0,SCHEDULED,0.0,0.0,False,False,False,False,2026-09-16 12:12:47+00:00,2026-09-16 12:12:54.690496+00:00
20260916,-5842204805049448059,-156694978650852042,95-J.812.150.16.A.8.91119787,0,SCHEDULED,0.0,0.0,False,False,False,False,2026-09-16 12:12:47+00:00,2026-09-16 12:12:54.690496+00:00
20260916,2213430644432283724,195996996370985595,625E.812.150.16.T.8.91118013,0,REPLACEMENT,0.0,0.0,False,False,False,False,2026-09-16 12:12:47+00:00,2026-09-16 12:12:54.690496+00:00
20260916,2213430644432283724,-6319264484958793723,625E.812.150.16.T.8.91118013,0,REPLACEMENT,0.0,0.0,False,False,False,False,2026-09-16 12:12:47+00:00,2026-09-16 12:12:54.690496+00:00
20260916,2213430644432283724,7441593026655814830,625E.812.150.16.T.8.91118013,0,REPLACEMENT,0.0,0.0,False,False,False,False,2026-09-16 12:12:47+00:00,2026-09-16 12:12:54.690496+00:00
20260916,2213430644432283724,-2222922355244971541,625E.812.150.16.T.8.91118013,0,REPLACEMENT,0.0,0.0,False,False,False,False,2026-09-16 12:12:47+00:00,2026-09-16 12:12:54.690496+00:00
20260916,2213430644432283724,4549896384088506662,625E.812.150.16.T.8.91118013,0,REPLACEMENT,0.0,0.0,False,False,False,False,2026-09-16 12:12:47+00:00,2026-09-16 12:12:54.690496+00:00
20260916,2213430644432283724,7298766431076032142,625E.812.150.16.T.8.91118013,0,REPLACEMENT,0.0,0.0,False,False,False,False,2026-09-16 12:12:47+00:00,2026-09-16 12:12:54.690496+00:00
20260916,2213430644432283724,-9175316127581631929,625E.812.150.16.T.8.91118013,0,REPLACEMENT,0.0,0.0,False,False,False,False,2026-09-16 12:12:47+00:00,2026-09-16 12:12:54.690496+00:00
20260916,2213430644432283724,5175978725872556493,625E.812.150.16.T.8.91118013,0,REPLACEMENT,0.0,0.0,False,False,False,False,2026-09-16 12:12:47+00:00,2026-09-16 12:12:54.690496+00:00
20260916,2213430644432283724,-5207432050937040547,625E.812.150.16.T.8.91118013,0,REPLACEMENT,0.0,,False,False,False,False,2026-09-16 12:12:47+00:00,2026-09-16 12:12:54.690496+00:00
20260916,4366774083614345187,3330155286583946050,S792.812.150.60.D.4.91119628,0,REPLACEMENT,0.0,,False,False,False,False,2026-09-16 12:12:47+00:00,2026-09-16 12:12:54.690496+00:00
20260916,-8074707193682375787,-6270797141784471995,10-S.812.150.16.B.8.91116541,0,REPLACEMENT,248.0,218.0,False,False,False,False,2026-09-16 12:12:47+00:00,2026-09-16 12:12:54.690496+00:00
20260916,-8074707193682375787,8116839606302592422,10-S.812.150.16.B.8.91116541,0,REPLACEMENT,248.0,248.0,False,False,False,False,2026-09-16 12:12:47+00:00,2026-09-16 12:12:54.690496+00:00
20260916,-8074707193682375787,-8371165257693926976,10-S.812.150.16.B.8.91116541,0,REPLACEMENT,248.0,248.0,False,False,False,False,2026-09-16 12:12:47+00:00,2026-09-16 12:12:54.690496+00:00
20260916,-8074707193682375787,-1499590784136314024,10-S.812.150.16.B.8.91116541,0,REPLACEMENT,248.0,248.0,False,False,False,False,2026-09-16 12:12:47+00:00,2026-09-16 12:12:54.690496+00:00
20260916,-8074707193682375787,8534557404726925046,10-S.812.150.16.B.8.91116541,0,REPLACEMENT,248.0,248.0,False,False,False,False,2026-09-16 12:12:47+00:00,2026-09-16 12:12:54.690496+00:00
20260916,-8074707193682375787,-7347023239969974439,10-S.812.150.16.B.8.91116541,0,REPLACEMENT,338.0,248.0,True,False,False,False,2026-09-16 12:12:47+00:00,2026-09-16 12:12:54.690496+00:00
20260916,-8074707193682375787,3685960514656409399,10-S.812.150.16.B.8.91116541,0,REPLACEMENT,248.0,248.0,False,False,False,False,2026-09-16 12:12:47+00:00,2026-09-16 12:12:54.690496+00:00
20260916,-8074707193682375787,6792093193056792515,10-S.812.150.16.B.8.91116541,0,REPLACEMENT,248.0,248.0,False,False,False,False,2026-09-16 12:12:47+00:00,2026-09-16 12:12:54.690496+00:00
20260916,-8074707193682375787,4993455570594642710,10-S.812.150.16.B.8.91116541,0,REPLACEMENT,248.0,248.0,False,False,False,False,2026-09-16 12:12:47+00:00,2026-09-16 12:12:54.690496+00:00
20260916,-8074707193682375787,5644835936414964127,10-S.812.150.16.B.8.91116541,0,REPLACEMENT,248.0,248.0,False,False,False,False,2026-09-16 12:12:47+00:00,2026-09-16 12:12:54.690496+00:00
20260916,-8074707193682375787,-5754989209665518283,10-S.812.150.16.B.8.91116541,0,REPLACEMENT,248.0,248.0,False,False,False,False,2026-09-16 12:12:47+00:00,2026-09-16 12:12:54.690496+00:00
20260916,-8074707193682375787,-6198597879138005252,10-S.812.150.16.B.8.91116541,0,REPLACEMENT,248.0,248.0,False,False,False,False,2026-09-16 12:12:47+00:00,2026-09-16 12:12:54.690496+00:00
20260916,-8074707193682375787,4641946326572440052,10-S.812.150.16.B.8.91116541,0,REPLACEMENT,248.0,248.0,False,False,False,False,2026-09-16 12:12:47+00:00,2026-09-16 12:12:54.690496+00:00
20260916,-8074707193682375787,-8119129655364501779,10-S.812.150.16.B.8.91116541,0,REPLACEMENT,248.0,248.0,False,False,False,False,2026-09-16 12:12:47+00:00,2026-09-16 12:12:54.690496+00:00
20260916,-8074707193682375787,-5925274722480050083,10-S.812.150.16.B.8.91116541,0,REPLACEMENT,248.0,248.0,False,False,False,False,2026-09-16 12:12:47+00:00,2026-09-16 12:12:54.690496+00:00
20260916,-8074707193682375787,-1472947109262562106,10-S.812.150.16.B.8.91116541,0,REPLACEMENT,248.0,248.0,False,False,False,False,2026-09-16 12:12:47+00:00,2026-09-16 12:12:54.690496+00:00
20260916,-8074707193682375787,-4870470968172307795,10-S.812.150.16.B.8.91116541,0,REPLACEMENT,248.0,248.0,False,False,False,False,2026-09-16 12:12:47+00:00,2026-09-16 12:12:54.690496+00:00
20260916,-8074707193682375787,3194506089115629230,10-S.812.150.16.B.8.91116541,0,REPLACEMENT,248.0,248.0,False,False,False,False,2026-09-16 12:12:47+00:00,2026-09-16 12:12:54.690496+00:00
20260916,-8074707193682375787,5352561739320346629,10-S.812.150.16.B.8.91116541,0,REPLACEMENT,248.0,248.0,False,False,False,False,2026-09-16 12:12:47+00:00,2026-09-16 12:12:54.690496+00:00
20260916,-8074707193682375787,-4667185445057793362,10-S.812.150.16.B.8.91116541,0,REPLACEMENT,368.0,338.0,True,False,False,False,2026-09-16 12:12:47+00:00,2026-09-16 12:12:54.690496+00:00
20260916,-8074707193682375787,-8978612123944289664,10-S.812.150.16.B.8.91116541,0,REPLACEMENT,338.0,338.0,True,False,False,False,2026-09-16 12:12:47+00:00,2026-09-16 12:12:54.690496+00:00
20260916,-8074707193682375787,7775925523574179584,10-S.812.150.16.B.8.91116541,0,REPLACEMENT,338.0,338.0,True,False,False,False,2026-09-16 12:12:47+00:00,2026-09-16 12:12:54.690496+00:00
20260916,-8074707193682375787,-6785468926781081616,10-S.812.150.16.B.8.91116541,0,REPLACEMENT,338.0,338.0,True,False,False,False,2026-09-16 12:12:47+00:00,2026-09-16 12:12:54.690496+00:00
20260916,-8074707193682375787,-1067011201369590144,10-S.812.150.16.B.8.91116541,0,REPLACEMENT,338.0,338.0,True,False,False,False,2026-09-16 12:12:47+00:00,2026-09-16 12:12:54.690496+00:00
20260916,8283204442033751644,-6817342502955226366,137Y.812.150.16.A.8.91116258,0,SCHEDULED,0.0,0.0,False,False,False,False,2026-09-16 12:12:47+00:00,2026-09-16 12:12:54.690496+00:00
20260916,8283204442033751644,-8109062943416768923,137Y.812.150.16.A.8.91116258,0,SCHEDULED,0.0,0.0,False,False,False,False,2026-09-16 12:12:47+00:00,2026-09-16 12:12:54.690496+00:00
20260916,8283204442033751644,5910429933619948288,137Y.812.150.16.A.8.91116258,0,SCHEDULED,0.0,0.0,False,False,False,False,2026-09-16 12:12:47+00:00,2026-09-16 12:12:54.690496+00:00
20260916,8283204442033751644,6293317781789769049,137Y.812.150.16.A.8.91116258,0,SCHEDULED,0.0,0.0,False,False,False,False,2026-09-16 12:12:47+00:00,2026-09-16 12:12:54.690496+00:00
20260916,8283204442033751644,-504663660726119441,137Y.812.150.16.A.8.91116258,0,SCHEDULED,0.0,0.0,False,False,False,False,2026-09-16 12:12:47+00:00,2026-09-16 12:12:54.690496+00:00
20260916,8283204442033751644,-5490767611701501781,137Y.812.150.16.A.8.91116258,0,SCHEDULED,0.0,0.0,False,False,False,False,2026-09-16 12:12:47+00:00,2026-09-16 12:12:54.690496+00:00
20260916,8283204442033751644,-7067462509829325937,137Y.812.150.16.A.8.91116258,0,SCHEDULED,0.0,0.0,False,False,False,False,2026-09-16 12:12:47+00:00,2026-09-16 12:12:54.690496+00:00
20260916,8283204442033751644,-1159576259008233442,137Y.812.150.16.A.8.91116258,0,SCHEDULED,0.0,0.0,False,False,False,False,2026-09-16 12:12:47+00:00,2026-09-16 12:12:54.690496+00:00
20260916,8283204442033751644,1249086895157883493,137Y.812.150.16.A.8.91116258,0,SCHEDULED,0.0,0.0,False,False,False,False,2026-09-16 12:12:47+00:00,2026-09-16 12:12:54.690496+00:00
20260916,8283204442033751644,-7066026016142092038,137Y.812.150.16.A.8.91116258,0,SCHEDULED,0.0,0.0,False,False,False,False,2026-09-16 12:12:47+00:00,2026-09-16 12:12:54.690496+00:00
20260916,8283204442033751644,-2244068803689482245,137Y.812.150.16.A.8.91116258,0,SCHEDULED,0.0,0.0,False,False,False,False,2026-09-16 12:12:47+00:00,2026-09-16 12:12:54.690496+00:00
20260916,8283204442033751644,3467698014067900630,137Y.812.150.16.A.8.91116258,0,SCHEDULED,0.0,0.0,False,False,False,False,2026-09-16 12:12:47+00:00,2026-09-16 12:12:54.690496+00:00
20260916,8283204442033751644,1171768796122015062,137Y.812.150.16.A.8.91116258,0,SCHEDULED,0.0,0.0,False,False,False,False,2026-09-16 12:12:47+00:00,2026-09-16 12:12:54.690496+00:00
20260916,8283204442033751644,6712238427155524772,137Y.812.150.16.A.8.91116258,0,SCHEDULED,0.0,0.0,False,False,False,False,2026-09-16 12:12:47+00:00,2026-09-16 12:12:54.690496+00:00
20260916,8283204442033751644,-3661915164080710936,137Y.812.150.16.A.8.91116258,0,SCHEDULED,0.0,0.0,False,False,False,False,2026-09-16 12:12:47+00:00,2026-09-16 12:12:54.690496+00:00
20260916,8283204442033751644,4232244489046419403,137Y.812.150.16.A.8.91116258,0,SCHEDULED,0.0,0.0,False,False,False,False,2026-09-16 12:12:47+00:00,2026-09-16 12:12:54.690496+00:00
20260916,8502485376767781749,-808579414804246178,165J.812.150.24.A.8.91116997,0,SCHEDULED,0.0,0.0,False,False,False,False,2026-09-16 12:12:47+00:00,2026-09-16 12:12:54.690496+00:00
20260916,8502485376767781749,3049257458088550411,165J.812.150.24.A.8.91116997,0,SCHEDULED,0.0,0.0,False,False,False,False,2026-09-16 12:12:47+00:00,2026-09-16 12:12:54.690496+00:00
20260916,2213430644432283724,195996996370985595,420F.812.150.24.H.8.91118946,0,REPLACEMENT,0.0,0.0,False,False,False,False,2026-09-16 12:12:47+00:00,2026-09-16 12:12:54.690496+00:00
20260916,2213430644432283724,-6319264484958793723,420F.812.150.24.H.8.91118946,0,REPLACEMENT,0.0,0.0,False,False,False,False,2026-09-16 12:12:47+00:00,2026-09-16 12:12:54.690496+00:00
20260916,2213430644432283724,7441593026655814830,420F.812.150.24.H.8.91118946,0,REPLACEMENT,0.0,0.0,False,False,False,False,2026-09-16 12:12:47+00:00,2026-09-16 12:12:54.690496+00:00
20260916,2213430644432283724,-2222922355244971541,420F.812.150.24.H.8.91118946,0,REPLACEMENT,0.0,0.0,False,False,False,False,2026-09-16 12:12:47+00:00,2026-09-16 12:12:54.690496+00:00
20260916,2213430644432283724,4549896384088506662,420F.812.150.24.H.8.91118946,0,REPLACEMENT,0.0,0.0,False,False,False,False,2026-09-16 12:12:47+00:00,2026-09-16 12:12:54.690496+00:00
20260916,2213430644432283724,6795477399301955320,420F.812.150.24.H.8.91118946,0,REPLACEMENT,0.0,0.0,False,False,False,False,2026-09-16 12:12:47+00:00,2026-09-16 12:12:54.690496+00:00
20260916,2213430644432283724,-9175316127581631929,420F.812.150.24.H.8.91118946,0,REPLACEMENT,0.0,0.0,False,False,False,False,2026-09-16 12:12:47+00:00,2026-09-16 12:12:54.690496+00:00
20260916,2213430644432283724,5175978725872556493,420F.812.150.24.H.8.91118946,0,REPLACEMENT,0.0,0.0,False,False,False,False,2026-09-16 12:12:47+00:00,2026-09-16 12:12:54.690496+00:00
20260916,2213430644432283724,-5207432050937040547,420F.812.150.24.H.8.91118946,0,REPLACEMENT,0.0,,False,False,False,False,2026-09-16 12:12:47+00:00,2026-09-16 12:12:54.690496+00:00
20260916,4366774083614345187,1378952111334263434,615V.812.150.16.T.8.91117329,0,REPLACEMENT,0.0,,False,False,False,False,2026-09-16 12:12:47+00:00,2026-09-16 12:12:54.690496+00:00
20260916,-5978113767534294052,-2771100076130190385,N470.812.150.16.D.10.91530014,0,SCHEDULED,0.0,0.0,False,False,False,False,2026-09-16 12:12:47+00:00,2026-09-16 12:12:54.690496+00:00
20260916,-5978113767534294052,2009290595935991793,N470.812.150.16.D.10.91530014,0,SCHEDULED,0.0,0.0,False,False,False,False,2026-09-16 12:12:47+00:00,2026-09-16 12:12:54.690496+00:00
20260916,-5978113767534294052,-8145880150075056549,N470.812.150.16.D.10.91530014,0,SCHEDULED,0.0,0.0,False,False,False,False,2026-09-16 12:12:47+00:00,2026-09-16 12:12:54.690496+00:00
20260916,-5978113767534294052,-5576282156968561455,N470.812.150.16.D.10.91530014,0,SCHEDULED,0.0,0.0,False,False,False,False,2026-09-16 12:12:47+00:00,2026-09-16 12:12:54.690496+00:00
20260916,-5978113767534294052,8427169267051637749,N470.812.150.16.D.10.91530014,0,SCHEDULED,0.0,0.0,False,False,False,False,2026-09-16 12:12:47+00:00,2026-09-16 12:12:54.690496+00:00
20260916,-5978113767534294052,7164449179056806387,N470.812.150.16.D.10.91530014,0,SCHEDULED,0.0,0.0,False,False,False,False,2026-09-16 12:12:47+00:00,2026-09-16 12:12:54.690496+00:00
20260916,-5978113767534294052,-6459047070242316305,N470.812.150.16.D.10.91530014,0,SCHEDULED,0.0,0.0,False,False,False,False,2026-09-16 12:12:47+00:00,2026-09-16 12:12:54.690496+00:00
20260916,-5978113767534294052,6624991143862136785,N470.812.150.16.D.10.91530014,0,SCHEDULED,0.0,0.0,False,False,False,False,2026-09-16 12:12:47+00:00,2026-09-16 12:12:54.690496+00:00
20260916,-5978113767534294052,7417687110002263833,N470.812.150.16.D.10.91530014,0,SCHEDULED,0.0,0.0,False,False,False,False,2026-09-16 12:12:47+00:00,2026-09-16 12:12:54.690496+00:00
20260916,-5978113767534294052,-7869306847512253556,N470.812.150.16.D.10.91530014,0,SCHEDULED,0.0,0.0,False,False,False,False,2026-09-16 12:12:47+00:00,2026-09-16 12:12:54.690496+00:00
20260916,-5978113767534294052,-3558309048562273742,N470.812.150.16.D.10.91530014,0,SCHEDULED,0.0,0.0,False,False,False,False,2026-09-16 12:12:47+00:00,2026-09-16 12:12:54.690496+00:00
20260916,-5978113767534294052,8584642195855279907,N470.812.150.16.D.10.91530014,0,SCHEDULED,0.0,0.0,False,False,False,False,2026-09-16 12:12:47+00:00,2026-09-16 12:12:54.690496+00:00
20260916,-5978113767534294052,-8572231973666337489,N470.812.150.16.D.10.91530014,0,SCHEDULED,0.0,0.0,False,False,False,False,2026-09-16 12:12:47+00:00,2026-09-16 12:12:54.690496+00:00
20260916,-5978113767534294052,889366507356750691,N470.812.150.16.D.10.91530014,0,SCHEDULED,0.0,0.0,False,False,False,False,2026-09-16 12:12:47+00:00,2026-09-16 12:12:54.690496+00:00
20260916,-5978113767534294052,-7166795903562635097,N470.812.150.16.D.10.91530014,0,SCHEDULED,0.0,0.0,False,False,False,False,2026-09-16 12:12:47+00:00,2026-09-16 12:12:54.690496+00:00
20260916,-5978113767534294052,3130055419211912873,N470.812.150.16.D.10.91530014,0,SCHEDULED,0.0,0.0,False,False,False,False,2026-09-16 12:12:47+00:00,2026-09-16 12:12:54.690496+00:00
20260916,-5978113767534294052,8915202367786511296,N470.812.150.16.D.10.91530014,0,SCHEDULED,0.0,0.0,False,False,False,False,2026-09-16 12:12:47+00:00,2026-09-16 12:12:54.690496+00:00
20260916,-5978113767534294052,-5788262129987764300,N470.812.150.16.D.10.91530014,0,SCHEDULED,0.0,0.0,False,False,False,False,2026-09-16 12:12:47+00:00,2026-09-16 12:12:54.690496+00:00
20260916,-5978113767534294052,-4615844623113816953,N470.812.150.16.D.10.91530014,0,SCHEDULED,0.0,0.0,False,False,False,False,2026-09-16 12:12:47+00:00,2026-09-16 12:12:54.690496+00:00
20260916,-5978113767534294052,-3598930975951158041,N470.812.150.16.D.10.91530014,0,SCHEDULED,0.0,0.0,False,False,False,False,2026-09-16 12:12:47+00:00,2026-09-16 12:12:54.690496+00:00
20260916,-5978113767534294052,6108796178031686733,N470.812.150.16.D.10.91530014,0,SCHEDULED,0.0,0.0,False,False,False,False,2026-09-16 12:12:47+00:00,2026-09-16 12:12:54.690496+00:00
20260916,-5978113767534294052,-576863512574985064,N470.812.150.16.D.10.91530014,0,SCHEDULED,0.0,0.0,False,False,False,False,2026-09-16 12:12:47+00:00,2026-09-16 12:12:54.690496+00:00
