alert_id,cause,effect,header_text,description_text,route_id,route_key,active_period_start,active_period_end
b961cac8-0a10-51fd-96b1-9fe939e887d3,MAINTENANCE,MODIFIED_SERVICE,Buses replace trains between Leppington and Fairfield,"Wednesday 16 and Thursday 17 September
Nightly from 9:40PM to 1:30AM, buses replace trains between Leppington and Fairfield.
Trains run to a changed timetable between Fairfield and the City via Granville, and between Glenfield and the City via the Airport.
Some Inner West trains run to a changed timetable between Olympic Park or Homebush and the City.
Buses also replace T3 Liverpool & Inner West Line trains between Liverpool and Lidcombe.",IWL_2b,7400251048012378211,2026-09-16 11:40:00+00:00,2026-09-16 15:30:00+00:00
b961cac8-0a10-51fd-96b1-9fe939e887d3,MAINTENANCE,MODIFIED_SERVICE,Buses replace trains between Leppington and Fairfield,"Wednesday 16 and Thursday 17 September
Nightly from 9:40PM to 1:30AM, buses replace trains between Leppington and Fairfield.
Trains run to a changed timetable between Fairfield and the City via Granville, and between Glenfield and the City via the Airport.
Some Inner West trains run to a changed timetable between Olympic Park or Homebush and the City.
Buses also replace T3 Liverpool & Inner West Line trains between Liverpool and Lidcombe.",IWL_1b,6193968622723203843,2026-09-16 11:40:00+00:00,2026-09-16 15:30:00+00:00
43c708a8-065e-5d71-bc28-5c403486c3a5,MAINTENANCE,MODIFIED_SERVICE,Buses replace trains between Leppington and Fairfield,"Wednesday 16 and Thursday 17 September 
Nightly from 9:40PM to 1:30AM, buses replace trains between Leppington and Fairfield.
Trains run to a changed timetable between Fairfield and Richmond.",CMB_2c,2372143633426116796,2026-09-16 11:40:00+00:00,2026-09-16 15:30:00+00:00
43c708a8-065e-5d71-bc28-5c403486c3a5,MAINTENANCE,MODIFIED_SERVICE,Buses replace trains between Leppington and Fairfield,"Wednesday 16 and Thursday 17 September 
Nightly from 9:40PM to 1:30AM, buses replace trains between Leppington and Fairfield.
Trains run to a changed timetable between Fairfield and Richmond.",CMB_2a,1644696160033301445,2026-09-16 11:40:00+00:00,2026-09-16 15:30:00+00:00
871c63df-4862-5c7a-a1a1-fc9d6465d1bb,MAINTENANCE,MODIFIED_SERVICE,Trains may run to a changed timetable,"Saturday 19 September
From 9AM to 3PM, trains may run to a changed timetable due to trackwork between Revesby and Turrella.",APS_1a,-3402953319642480407,2026-09-18 23:00:00+00:00,2026-09-19 05:00:46+00:00
6d17c60f-f62e-519a-96dd-cea7953b1650,MAINTENANCE,MODIFIED_SERVICE,Buses replace the all-stations trains between Wolli Creek and Revesby,"Sunday 20 September
From 8:40AM to 3PM, buses replace the all-stations trains between Wolli Creek and Revesby.
Express trains continue to run but do not stop at stations between Padstow and Turrella.",APS_2d,3209398359404724700,2026-09-19 22:40:00+00:00,2026-09-20 05:00:07+00:00
6d17c60f-f62e-519a-96dd-cea7953b1650,MAINTENANCE,MODIFIED_SERVICE,Buses replace the all-stations trains between Wolli Creek and Revesby,"Sunday 20 September
From 8:40AM to 3PM, buses replace the all-stations trains between Wolli Creek and Revesby.
Express trains continue to run but do not stop at stations between Padstow and Turrella.",APS_2h,-4013274463802835251,2026-09-19 22:40:00+00:00,2026-09-20 05:00:07+00:00
6d17c60f-f62e-519a-96dd-cea7953b1650,MAINTENANCE,MODIFIED_SERVICE,Buses replace the all-stations trains between Wolli Creek and Revesby,"Sunday 20 September
From 8:40AM to 3PM, buses replace the all-stations trains between Wolli Creek and Revesby.
Express trains continue to run but do not stop at stations between Padstow and Turrella.",APS_1e,3446910552962544978,2026-09-19 22:40:00+00:00,2026-09-20 05:00:07+00:00
9f75f272-9f9e-5380-9282-df94e8dd6ffa,MAINTENANCE,MODIFIED_SERVICE,Buses replace trains between Bomaderry and Wollongong,"Friday 25 September
From 2:50PM, buses replace trains from Wollongong to Bomaderry.
From 3:50PM, buses replace trains from Bomaderry to Wollongong.
Trains run between Port Kembla, Wollongong and Bondi Junction, some to a changed timetable.
Buses do not run to the train timetable. If connecting with trains at Wollongong you may need to catch an earlier bus to ensure you meet your train connection.",SCO_2b,7005896456830233422,2026-09-25 04:50:00+00:00,2026-09-25 16:00:44+00:00
c06ef39b-1f78-5836-a122-fa5ee67a2ce4,MAINTENANCE,MODIFIED_SERVICE,"At Stanwell Park and Coalcliff, trains leave from different platforms","Saturday 26 September
From 7:30AM to 11:30AM, at Stanwell Park and Coalcliff, all trains leave from platform 1.
From 12PM to 4PM, at Coalcliff and Stanwell Park, all trains leave from platform 2.",SCO_1b,-3539652250674250885,2026-09-25 21:30:00+00:00,2026-09-26 06:00:35+00:00
ac845045-d0c0-5a48-bdc9-40b302357093,MAINTENANCE,MODIFIED_SERVICE,Buses replace trains between Cabramatta and Granville,"Saturday 26 and Sunday 27 September
Buses replace trains between Cabramatta and Granville.
Trains run to a changed timetable and stopping pattern between Leppington and the City via Regents Park.
Change at:
- Cabramatta for buses to Canley Vale, Fairfield, Yennora, Guildford and Merrylands, or
- Lidcombe for trains towards Granville or T1 Western Line stations.",IWL_2h,-5042242428352878110,2026-09-25 16:00:00+00:00,2026-09-27 16:00:19+00:00
a8c4b063-061e-5050-bdde-9f94fc8dce91,MAINTENANCE,MODIFIED_SERVICE,Sydney Metro trackwork may affect how you travel. Metro services do not run between Sydenham and Chatswood,"Saturday 26 and Sunday 27 September
Sydney Metro trackwork may affect how you travel. Metro services do not run between Sydenham and Chatswood.
Use trains between Sydenham, the City and Chatswood.",ESI_1e,-8860949549741138520,2026-09-25 16:00:00+00:00,2026-09-27 16:00:24+00:00
039b54e3-bd3b-5f93-b4c1-9fa68ae248a8,MAINTENANCE,MODIFIED_SERVICE,Trains run to a changed timetable and stopping pattern,"Saturday 26 and Sunday 27 September
Trains run to a changed timetable and stopping pattern between Leppington and the City.
You may need to change trains if travelling to Inner West stations.",BNK_2f,-4213221836035426102,2026-09-25 16:00:00+00:00,2026-09-27 16:00:47+00:00
49968444-84fd-5711-a996-0bbb9e3f71ee,MAINTENANCE,MODIFIED_SERVICE,"Trains run between Berowra or Hornsby and Central, platforms 1-14 only","Monday 28 and Tuesday 29 September
From 9:10PM trains run between Berowra or Hornsby and Central.
Change at Hornsby for replacement buses.",NTH_1a,8283204442033751644,2026-09-28 11:10:00+00:00,2026-09-28 15:30:00+00:00
669c9f49-5476-55f3-a619-192e1e529f0d,MAINTENANCE,MODIFIED_SERVICE,Trains run to a changed timetable and stopping pattern,"Wednesday 30 September
From 10:20PM to 1:30AM, trains run to a changed timetable between Liverpool and Lidcombe only. Change trains at Lidcombe to continue your journey.
Inner West trains run between Ashfield and the City Circle.
T1 Western Line trains run between Lidcombe and the City, making extra stops at Homebush and Burwood.
T9 Northern Line trains make extra stops at Croydon and Ashfield.",BNK_2d,-669550999481604271,2026-09-30 12:20:00+00:00,2026-09-30 15:30:26+00:00
32531557-1c2e-5a29-a8a1-9871eb185350,MAINTENANCE,MODIFIED_SERVICE,Buses replace trains between Central and Bondi Junction. Trains do not stop at Wolli Creek,"Wednesday 30 September and Thursday 1 October
Nightly from 9:50PM to 1:30AM, buses replace trains between Central and Bondi Junction, but do not stop at Martin Place.
Most trains run to a changed timetable between Cronulla, Waterfall and the City Circle, with some making extra stops at St Peters and Erskineville.
Nightly from 10:10PM to 1:30AM, trains do not stop at Wolli Creek but make an extra stop at Arncliffe.
Buses run between Sydenham, Wolli Creek and Arncliffe.
Change at Arncliffe or Sydenham for a bus to Wolli Creek or change at Central for a T8 Airport & South Line train if you have luggage or accessibility needs.",ESI_1f,6623726655960024896,2026-09-30 11:50:00+00:00,2026-09-30 15:30:00+00:00
e6814aaa-1618-5df1-b423-10576eb9f8a1,MAINTENANCE,MODIFIED_SERVICE,Buses replace trains between Newcastle Interchange and Gosford,"Saturday 3 October
Buses replace trains between Newcastle Interchange and Gosford.
Trains run between Gosford and Central, some to a changed timetable.",CCN_1c,7107036069782603127,2026-10-02 15:00:00+00:00,2026-10-03 16:00:00+00:00
77a58cd0-8ce8-5e8d-8c92-db8cbf4b7826,MAINTENANCE,MODIFIED_SERVICE,Buses replace trains between Cabramatta and Granville,"Sunday 4 October
From 5:30AM to 9:40AM, buses replace trains between Cabramatta and Granville.
Trains run to a changed timetable between Leppington and the City via Regents Park.",IWL_1e,2161230079104197071,2026-10-03 18:30:00+00:00,2026-10-03 22:40:00+00:00
b2e90342-af67-50e3-a804-329d980f269b,MAINTENANCE,MODIFIED_SERVICE,Extra trains run between Leppington and the City via Regents Park,"Sunday 4 October
From 5:30AM to 9:40AM, extra trains run between Leppington and the City via Regents Park.",BNK_1e,-9115475355294482475,2026-10-03 18:30:00+00:00,2026-10-03 22:40:03+00:00
d9e7ac87-a2d6-55d4-a9ef-62efa975f42b,MAINTENANCE,MODIFIED_SERVICE,Trains run to a changed timetable and stopping pattern,"Saturday 3 October
From 9:30AM to 1PM, trains run to a changed timetable between Liverpool and Lidcombe, and between Homebush and the City only.
You may need to change trains to continue your journey.
T1 Western and T2 Leppington Line trains run between Lidcombe and the City.",BNK_1a,6313364393264430797,2026-10-03 11:30:00+00:00,2026-10-04 02:00:04+00:00
6bbebaa6-05b7-5784-b3c1-9aa38c44d685,MAINTENANCE,MODIFIED_SERVICE,"At Helensburgh and Otford, trains leave from different platforms","Sunday 4 October
From 7:30AM to 11:30AM, at Helensburgh and Otford, all trains leave from platform 1.
From 12PM to 4PM, at Otford and Helensburgh, all trains leave from platform 2.",SCO_2b,7005896456830233422,2026-10-03 20:30:00+00:00,2026-10-04 05:00:04+00:00
5500f84d-e087-5748-af79-f76f9d478444,MAINTENANCE,MODIFIED_SERVICE,Trains run to a changed timetable and stopping pattern,"Monday 5 October
From 9:30AM to 1PM, trains run to a changed timetable between Liverpool and Lidcombe, and between Homebush and the City only.
You may need to change trains to continue your journey.
T1 Western and T2 Leppington Line trains run between Lidcombe and the City.",BNK_2h,3013139253553952589,2026-10-04 22:30:00+00:00,2026-10-05 02:00:31+00:00
2296d332-0849-557b-9655-7b386b02a419,MAINTENANCE,MODIFIED_SERVICE,Buses replace trains between Olympic Park and Ashfield or Central,"Monday 5 October
From 6:00PM to 2:00AM, buses replace trains between Olympic Park and Ashfield. Express buses also run between Olympic Park and Central.
Replacement buses do not leave from Lidcombe.
Trains run to a changed timetable between:
- Leppington and Olympic Park
- Glenfield and the City via the Airport
- Ashfield and the City, continuing to T1 North Shore Line stations.",IWL_2f,4691458740276869547,2026-10-05 07:00:00+00:00,2026-10-05 15:00:44+00:00
2296d332-0849-557b-9655-7b386b02a419,MAINTENANCE,MODIFIED_SERVICE,Buses replace trains between Olympic Park and Ashfield or Central,"Monday 5 October
From 6:00PM to 2:00AM, buses replace trains between Olympic Park and Ashfield. Express buses also run between Olympic Park and Central.
Replacement buses do not leave from Lidcombe.
Trains run to a changed timetable between:
- Leppington and Olympic Park
- Glenfield and the City via the Airport
- Ashfield and the City, continuing to T1 North Shore Line stations.",IWL_2i,-4396571606196770016,2026-10-05 07:00:00+00:00,2026-10-05 15:00:44+00:00
2296d332-0849-557b-9655-7b386b02a419,MAINTENANCE,MODIFIED_SERVICE,Buses replace trains between Olympic Park and Ashfield or Central,"Monday 5 October
From 6:00PM to 2:00AM, buses replace trains between Olympic Park and Ashfield. Express buses also run between Olympic Park and Central.
Replacement buses do not leave from Lidcombe.
Trains run to a changed timetable between:
- Leppington and Olympic Park
- Glenfield and the City via the Airport
- Ashfield and the City, continuing to T1 North Shore Line stations.",IWL_2a,-1562489065343894865,2026-10-05 07:00:00+00:00,2026-10-05 15:00:44+00:00
e0cde705-848b-5914-9472-bed39002de78,MAINTENANCE,MODIFIED_SERVICE,Buses replace trains between Olympic Park and Ashfield or Central,"Monday 5 October
From 6PM to 2AM, buses replace trains between Olympic Park and Ashfield. Express buses also run between Olympic Park and Central.
Replacement buses do not leave from Lidcombe.
Trains run to a changed timetable between:
- Liverpool and Lidcombe
- Lidcombe and Olympic Park
- Ashfield and the City, continuing to T1 North Shore Line stations.
You may need to change services to continue your journey.",BNK_2g,7746676549497845523,2026-10-05 07:00:00+00:00,2026-10-05 15:00:53+00:00
e0cde705-848b-5914-9472-bed39002de78,MAINTENANCE,MODIFIED_SERVICE,Buses replace trains between Olympic Park and Ashfield or Central,"Monday 5 October
From 6PM to 2AM, buses replace trains between Olympic Park and Ashfield. Express buses also run between Olympic Park and Central.
Replacement buses do not leave from Lidcombe.
Trains run to a changed timetable between:
- Liverpool and Lidcombe
- Lidcombe and Olympic Park
- Ashfield and the City, continuing to T1 North Shore Line stations.
You may need to change services to continue your journey.",T3_1c,-1482151186623865843,2026-10-05 07:00:00+00:00,2026-10-05 15:00:53+00:00
aa8dc13b-cf94-5605-888d-0fe6a081cf8b,UNKNOWN_CAUSE,UNKNOWN_EFFECT,"Station Update - Bexley North, Kingsgrove, Lisarow and more",The warning tactiles are missing on some sections of the platform. Repairs have been arranged.  Please use caution and take care,APS_2f,4089134572644777184,2026-08-30 19:08:43+00:00,
aa8dc13b-cf94-5605-888d-0fe6a081cf8b,UNKNOWN_CAUSE,UNKNOWN_EFFECT,"Station Update - Bexley North, Kingsgrove, Lisarow and more",The warning tactiles are missing on some sections of the platform. Repairs have been arranged.  Please use caution and take care,APS_1f,-2261129489481632198,2026-08-30 19:08:43+00:00,
aa8dc13b-cf94-5605-888d-0fe6a081cf8b,UNKNOWN_CAUSE,UNKNOWN_EFFECT,"Station Update - Bexley North, Kingsgrove, Lisarow and more",The warning tactiles are missing on some sections of the platform. Repairs have been arranged.  Please use caution and take care,NTH_1b,2926858006344023531,2026-08-30 19:08:43+00:00,
7e669567-64e5-5fec-83a2-7332090518c3,UNKNOWN_CAUSE,UNKNOWN_EFFECT,Station Update - Central,"From Sunday to Thursday, between 10pm and 5am, ceiling installation works will take place in the pedestrian tunnel between platforms 4 and 11 and the lower concourse.
 - During this time, the Redfern end stairs on Platforms 4 to 11 will be closed.
 - Customer will need to use the City end of the platform to exit via the Grand Concourse.
 - If you need assistance, ask station staff or call 9379 1777.",WST_2c,-4689984939195006273,2026-08-06 00:30:06+00:00,
7e669567-64e5-5fec-83a2-7332090518c3,UNKNOWN_CAUSE,UNKNOWN_EFFECT,Station Update - Central,"From Sunday to Thursday, between 10pm and 5am, ceiling installation works will take place in the pedestrian tunnel between platforms 4 and 11 and the lower concourse.
 - During this time, the Redfern end stairs on Platforms 4 to 11 will be closed.
 - Customer will need to use the City end of the platform to exit via the Grand Concourse.
 - If you need assistance, ask station staff or call 9379 1777.",T3_2b,-923579374989113359,2026-08-06 00:30:06+00:00,
7e669567-64e5-5fec-83a2-7332090518c3,UNKNOWN_CAUSE,UNKNOWN_EFFECT,Station Update - Central,"From Sunday to Thursday, between 10pm and 5am, ceiling installation works will take place in the pedestrian tunnel between platforms 4 and 11 and the lower concourse.
 - During this time, the Redfern end stairs on Platforms 4 to 11 will be closed.
 - Customer will need to use the City end of the platform to exit via the Grand Concourse.
 - If you need assistance, ask station staff or call 9379 1777.",SMNW_M1,7269285247182531123,2026-08-06 00:30:06+00:00,
7e669567-64e5-5fec-83a2-7332090518c3,UNKNOWN_CAUSE,UNKNOWN_EFFECT,Station Update - Central,"From Sunday to Thursday, between 10pm and 5am, ceiling installation works will take place in the pedestrian tunnel between platforms 4 and 11 and the lower concourse.
 - During this time, the Redfern end stairs on Platforms 4 to 11 will be closed.
 - Customer will need to use the City end of the platform to exit via the Grand Concourse.
 - If you need assistance, ask station staff or call 9379 1777.",4T.T.NP24,1266342339874549551,2026-08-06 00:30:06+00:00,
7e669567-64e5-5fec-83a2-7332090518c3,UNKNOWN_CAUSE,UNKNOWN_EFFECT,Station Update - Central,"From Sunday to Thursday, between 10pm and 5am, ceiling installation works will take place in the pedestrian tunnel between platforms 4 and 11 and the lower concourse.
 - During this time, the Redfern end stairs on Platforms 4 to 11 will be closed.
 - Customer will need to use the City end of the platform to exit via the Grand Concourse.
 - If you need assistance, ask station staff or call 9379 1777.",4T.C.2402,8361585880714864550,2026-08-06 00:30:06+00:00,
7e669567-64e5-5fec-83a2-7332090518c3,UNKNOWN_CAUSE,UNKNOWN_EFFECT,Station Update - Central,"From Sunday to Thursday, between 10pm and 5am, ceiling installation works will take place in the pedestrian tunnel between platforms 4 and 11 and the lower concourse.
 - During this time, the Redfern end stairs on Platforms 4 to 11 will be closed.
 - Customer will need to use the City end of the platform to exit via the Grand Concourse.
 - If you need assistance, ask station staff or call 9379 1777.",4T.C.4204,-1333928768225627607,2026-08-06 00:30:06+00:00,
7e669567-64e5-5fec-83a2-7332090518c3,UNKNOWN_CAUSE,UNKNOWN_EFFECT,Station Update - Central,"From Sunday to Thursday, between 10pm and 5am, ceiling installation works will take place in the pedestrian tunnel between platforms 4 and 11 and the lower concourse.
 - During this time, the Redfern end stairs on Platforms 4 to 11 will be closed.
 - Customer will need to use the City end of the platform to exit via the Grand Concourse.
 - If you need assistance, ask station staff or call 9379 1777.",IWL_1e,2161230079104197071,2026-08-06 00:30:06+00:00,
7e669567-64e5-5fec-83a2-7332090518c3,UNKNOWN_CAUSE,UNKNOWN_EFFECT,Station Update - Central,"From Sunday to Thursday, between 10pm and 5am, ceiling installation works will take place in the pedestrian tunnel between platforms 4 and 11 and the lower concourse.
 - During this time, the Redfern end stairs on Platforms 4 to 11 will be closed.
 - Customer will need to use the City end of the platform to exit via the Grand Concourse.
 - If you need assistance, ask station staff or call 9379 1777.",APS_1c,-6417094206083242795,2026-08-06 00:30:06+00:00,
7e669567-64e5-5fec-83a2-7332090518c3,UNKNOWN_CAUSE,UNKNOWN_EFFECT,Station Update - Central,"From Sunday to Thursday, between 10pm and 5am, ceiling installation works will take place in the pedestrian tunnel between platforms 4 and 11 and the lower concourse.
 - During this time, the Redfern end stairs on Platforms 4 to 11 will be closed.
 - Customer will need to use the City end of the platform to exit via the Grand Concourse.
 - If you need assistance, ask station staff or call 9379 1777.",4T.C.2701,7207173621820428601,2026-08-06 00:30:06+00:00,
7e669567-64e5-5fec-83a2-7332090518c3,UNKNOWN_CAUSE,UNKNOWN_EFFECT,Station Update - Central,"From Sunday to Thursday, between 10pm and 5am, ceiling installation works will take place in the pedestrian tunnel between platforms 4 and 11 and the lower concourse.
 - During this time, the Redfern end stairs on Platforms 4 to 11 will be closed.
 - Customer will need to use the City end of the platform to exit via the Grand Concourse.
 - If you need assistance, ask station staff or call 9379 1777.",4T.C.6107,-4464501795569003945,2026-08-06 00:30:06+00:00,
7e669567-64e5-5fec-83a2-7332090518c3,UNKNOWN_CAUSE,UNKNOWN_EFFECT,Station Update - Central,"From Sunday to Thursday, between 10pm and 5am, ceiling installation works will take place in the pedestrian tunnel between platforms 4 and 11 and the lower concourse.
 - During this time, the Redfern end stairs on Platforms 4 to 11 will be closed.
 - Customer will need to use the City end of the platform to exit via the Grand Concourse.
 - If you need assistance, ask station staff or call 9379 1777.",4T.T.SP31,3384039568596396782,2026-08-06 00:30:06+00:00,
7e669567-64e5-5fec-83a2-7332090518c3,UNKNOWN_CAUSE,UNKNOWN_EFFECT,Station Update - Central,"From Sunday to Thursday, between 10pm and 5am, ceiling installation works will take place in the pedestrian tunnel between platforms 4 and 11 and the lower concourse.
 - During this time, the Redfern end stairs on Platforms 4 to 11 will be closed.
 - Customer will need to use the City end of the platform to exit via the Grand Concourse.
 - If you need assistance, ask station staff or call 9379 1777.",4T.C.7105,-1928390606257709703,2026-08-06 00:30:06+00:00,
7e669567-64e5-5fec-83a2-7332090518c3,UNKNOWN_CAUSE,UNKNOWN_EFFECT,Station Update - Central,"From Sunday to Thursday, between 10pm and 5am, ceiling installation works will take place in the pedestrian tunnel between platforms 4 and 11 and the lower concourse.
 - During this time, the Redfern end stairs on Platforms 4 to 11 will be closed.
 - Customer will need to use the City end of the platform to exit via the Grand Concourse.
 - If you need assistance, ask station staff or call 9379 1777.",4T.C.7305,-1167761050241863939,2026-08-06 00:30:06+00:00,
e8f62d25-979f-56f6-8f2f-dfda63c1b7b8,MAINTENANCE,UNKNOWN_EFFECT,"Cumberland Line, Leppington & Inner West Line","Allow extra travel time between Granville and Cabramatta due to urgent track repairs at Granville. Repair crews are on site and working to restore train services as soon as possible. Trains will be stopping at different platforms. Stops may change at short notice. 

Trains are not running between Granville and Cabramatta and will be diverted via Sefton to provide regular service. Customers travelling between Granville and Cabramatta via Merrylands are advised to consider catching nearby public transport services to continue their journey. We are trying to arrange replacement buses.  Please delay travel if possible or use other transport.  Well update you when we have more information. Customers should plan ahead and allow plenty of extra travel time.

For service updates, please check transport apps, information screens and listen to announcements.",IWL_2c,-7246217427817351284,2026-09-17 07:05:59+00:00,
e8f62d25-979f-56f6-8f2f-dfda63c1b7b8,MAINTENANCE,UNKNOWN_EFFECT,"Cumberland Line, Leppington & Inner West Line","Allow extra travel time between Granville and Cabramatta due to urgent track repairs at Granville. Repair crews are on site and working to restore train services as soon as possible. Trains will be stopping at different platforms. Stops may change at short notice. 

Trains are not running between Granville and Cabramatta and will be diverted via Sefton to provide regular service. Customers travelling between Granville and Cabramatta via Merrylands are advised to consider catching nearby public transport services to continue their journey. We are trying to arrange replacement buses.  Please delay travel if possible or use other transport.  Well update you when we have more information. Customers should plan ahead and allow plenty of extra travel time.

For service updates, please check transport apps, information screens and listen to announcements.",IWL_2a,-1562489065343894865,2026-09-17 07:05:59+00:00,
e8f62d25-979f-56f6-8f2f-dfda63c1b7b8,MAINTENANCE,UNKNOWN_EFFECT,"Cumberland Line, Leppington & Inner West Line","Allow extra travel time between Granville and Cabramatta due to urgent track repairs at Granville. Repair crews are on site and working to restore train services as soon as possible. 

Most trains will be diverted via Sefton to provide regular service. Customers travelling between Granville and Cabramatta via Merrylands are advised to consider catching nearby public transport services to continue their journey. Trains will be stopping at different platforms. Stops may change at short notice. . 

For service updates, please check transport apps, information screens and listen to announcements.",IWL_1a,-460769293585121233,2026-09-17 06:37:33+00:00,
e8f62d25-979f-56f6-8f2f-dfda63c1b7b8,MAINTENANCE,UNKNOWN_EFFECT,"Cumberland Line, Leppington & Inner West Line","Allow extra travel time between Granville and Cabramatta due to urgent track repairs at Granville. Repair crews are on site and working to restore train services as soon as possible. 

Most trains will be diverted via Sefton to provide regular service. Customers travelling between Granville and Cabramatta via Merrylands are advised to consider catching nearby public transport services to continue their journey. Trains will be stopping at different platforms. Stops may change at short notice. . 

For service updates, please check transport apps, information screens and listen to announcements.",IWL_1c,-2200421255733575805,2026-09-17 06:37:33+00:00,
e8f62d25-979f-56f6-8f2f-dfda63c1b7b8,MAINTENANCE,UNKNOWN_EFFECT,"Cumberland Line, Leppington & Inner West Line","Urgent track repairs at Granville have been completed. Services between Cabramatta and Granville have resumed. Services may be less frequent and travel time may be longer than normal. Stops may change at short notice. Delays up to 15 minutes may continue as services recover.

For service updates, please check transport apps, information screens and listen to announcements.",IWL_2i,-4396571606196770016,2026-09-17 07:25:04+00:00,
e8f62d25-979f-56f6-8f2f-dfda63c1b7b8,MAINTENANCE,UNKNOWN_EFFECT,"Cumberland Line, Leppington & Inner West Line","Urgent track repairs at Granville have been completed. Services between Cabramatta and Granville have resumed. Services may be less frequent and travel time may be longer than normal. Stops may change at short notice. Delays up to 15 minutes may continue as services recover.

For service updates, please check transport apps, information screens and listen to announcements.",IWL_1j,1258465799022621567,2026-09-17 07:25:04+00:00,
b961cac8-0a10-51fd-96b1-9fe939e887d3,MAINTENANCE,MODIFIED_SERVICE,Buses replace trains between Leppington and Fairfield,"Wednesday 16 and Thursday 17 September
Nightly from 9:40PM to 1:30AM, buses replace trains between Leppington and Fairfield.
Trains run to a changed timetable between Fairfield and the City via Granville, and between Glenfield and the City via the Airport.
Some Inner West trains run to a changed timetable between Olympic Park or Homebush and the City.
Buses also replace T3 Liverpool & Inner West Line trains between Liverpool and Lidcombe.",IWL_2i,-4396571606196770016,2026-09-16 11:40:00+00:00,2026-09-16 15:30:00+00:00
871c63df-4862-5c7a-a1a1-fc9d6465d1bb,MAINTENANCE,MODIFIED_SERVICE,Trains may run to a changed timetable,"Saturday 19 September
From 9AM to 3PM, trains may run to a changed timetable due to trackwork between Revesby and Turrella.",APS_2f,4089134572644777184,2026-09-18 23:00:00+00:00,2026-09-19 05:00:46+00:00
871c63df-4862-5c7a-a1a1-fc9d6465d1bb,MAINTENANCE,MODIFIED_SERVICE,Trains may run to a changed timetable,"Saturday 19 September
From 9AM to 3PM, trains may run to a changed timetable due to trackwork between Revesby and Turrella.",APS_2h,-4013274463802835251,2026-09-18 23:00:00+00:00,2026-09-19 05:00:46+00:00
6d17c60f-f62e-519a-96dd-cea7953b1650,MAINTENANCE,MODIFIED_SERVICE,Buses replace the all-stations trains between Wolli Creek and Revesby,"Sunday 20 September
From 8:40AM to 3PM, buses replace the all-stations trains between Wolli Creek and Revesby.
Express trains continue to run but do not stop at stations between Padstow and Turrella.",APS_2b,-4997717676751494424,2026-09-19 22:40:00+00:00,2026-09-20 05:00:07+00:00
7ef68f64-75e9-5e4b-9c31-588195f8fe45,MAINTENANCE,MODIFIED_SERVICE,"Buses replace trains between Waterfall, Cronulla and Hurstville","Monday 21 and Tuesday 22 September
Nightly from 9:50PM to 2:30AM, buses replace trains between Waterfall, Cronulla and Hurstville.
Trains run between Hurstville and Bondi Junction, some to a changed timetable.",ESI_2a,5630525952252418354,2026-09-21 11:50:00+00:00,2026-09-21 16:30:00+00:00
7ef68f64-75e9-5e4b-9c31-588195f8fe45,MAINTENANCE,MODIFIED_SERVICE,"Buses replace trains between Waterfall, Cronulla and Hurstville","Monday 21 and Tuesday 22 September
Nightly from 9:50PM to 2:30AM, buses replace trains between Waterfall, Cronulla and Hurstville.
Trains run between Hurstville and Bondi Junction, some to a changed timetable.",ESI_2d,7087056493799616534,2026-09-21 11:50:00+00:00,2026-09-21 16:30:00+00:00
57854255-0585-5e83-b4c1-59b55fd72731,MAINTENANCE,MODIFIED_SERVICE,You may need to change trains at Granville to continue your journey,"Tuesday 22 and Wednesday 23 September
Nightly from 11:50PM to 1:30AM, trains run to a changed timetable between Richmond or Leppington and Olympic Park. Some trains start and end at Granville.
You may need to change trains at Granville to continue your journey.",CMB_1c,3823480081110772338,2026-09-22 13:50:00+00:00,2026-09-22 15:30:00+00:00
57854255-0585-5e83-b4c1-59b55fd72731,MAINTENANCE,MODIFIED_SERVICE,You may need to change trains at Granville to continue your journey,"Tuesday 22 and Wednesday 23 September
Nightly from 11:50PM to 1:30AM, trains run to a changed timetable between Richmond or Leppington and Olympic Park. Some trains start and end at Granville.
You may need to change trains at Granville to continue your journey.",CMB_2a,1644696160033301445,2026-09-22 13:50:00+00:00,2026-09-22 15:30:00+00:00
46b069c9-d979-5c79-bb59-0c3cb9113a61,MAINTENANCE,MODIFIED_SERVICE,T1 North Shore Line: Buses replace Central Coast & Newcastle Line trains between Hornsby and Newcastle Interchange,"Tuesday 22 and Wednesday 23 September
Nightly from 8:30PM to 5AM, buses replace Central Coast & Newcastle Line trains between Hornsby, Berowra and Newcastle Interchange. 
T1 North Shore Line trains continue to run between Hornsby and Berowra.",NSN_2a,9187031006395744173,2026-09-22 10:30:00+00:00,2026-09-22 19:00:00+00:00
561e24bf-423a-52ba-83a5-ee081376535d,MAINTENANCE,MODIFIED_SERVICE,Sydney Metro trackwork may affect how you travel. Metro services do not run between Chatswood and Sydenham,"Saturday 26 and Sunday 27 September
Sydney Metro trackwork may affect how you travel. Metro services do not run between Chatswood and Sydenham.
Use trains between Epping or Chatswood, the City and Sydenham.",NTH_1b,2926858006344023531,2026-09-25 16:00:00+00:00,2026-09-26 16:00:24+00:00
15cfea4d-aaf6-5fa7-bce8-46e151981d40,MAINTENANCE,MODIFIED_SERVICE,T1 Western Line: Some trains run to a changed timetable and stopping pattern,"Saturday 26 and Sunday 27 September
Some trains run to a changed timetable and stopping pattern.
Richmond trains run between Richmond and Olympic Park. You may need to change trains to continue your journey.",WST_2c,-4689984939195006273,2026-09-25 16:00:00+00:00,2026-09-27 16:00:11+00:00
ac845045-d0c0-5a48-bdc9-40b302357093,MAINTENANCE,MODIFIED_SERVICE,Buses replace trains between Cabramatta and Granville,"Saturday 26 and Sunday 27 September
Buses replace trains between Cabramatta and Granville.
Trains run to a changed timetable and stopping pattern between Leppington and the City via Regents Park.
Change at:
- Cabramatta for buses to Canley Vale, Fairfield, Yennora, Guildford and Merrylands, or
- Lidcombe for trains towards Granville or T1 Western Line stations.",IWL_2f,4691458740276869547,2026-09-25 16:00:00+00:00,2026-09-27 16:00:19+00:00
a8c4b063-061e-5050-bdde-9f94fc8dce91,MAINTENANCE,MODIFIED_SERVICE,Sydney Metro trackwork may affect how you travel. Metro services do not run between Sydenham and Chatswood,"Saturday 26 and Sunday 27 September
Sydney Metro trackwork may affect how you travel. Metro services do not run between Sydenham and Chatswood.
Use trains between Sydenham, the City and Chatswood.",ESI_2a,5630525952252418354,2026-09-25 16:00:00+00:00,2026-09-27 16:00:24+00:00
a8c4b063-061e-5050-bdde-9f94fc8dce91,MAINTENANCE,MODIFIED_SERVICE,Sydney Metro trackwork may affect how you travel. Metro services do not run between Sydenham and Chatswood,"Saturday 26 and Sunday 27 September
Sydney Metro trackwork may affect how you travel. Metro services do not run between Sydenham and Chatswood.
Use trains between Sydenham, the City and Chatswood.",ESI_1a,2213430644432283724,2026-09-25 16:00:00+00:00,2026-09-27 16:00:24+00:00
a8c4b063-061e-5050-bdde-9f94fc8dce91,MAINTENANCE,MODIFIED_SERVICE,Sydney Metro trackwork may affect how you travel. Metro services do not run between Sydenham and Chatswood,"Saturday 26 and Sunday 27 September
Sydney Metro trackwork may affect how you travel. Metro services do not run between Sydenham and Chatswood.
Use trains between Sydenham, the City and Chatswood.",ESI_1b,1240132754610898344,2026-09-25 16:00:00+00:00,2026-09-27 16:00:24+00:00
039b54e3-bd3b-5f93-b4c1-9fa68ae248a8,MAINTENANCE,MODIFIED_SERVICE,Trains run to a changed timetable and stopping pattern,"Saturday 26 and Sunday 27 September
Trains run to a changed timetable and stopping pattern between Leppington and the City.
You may need to change trains if travelling to Inner West stations.",T3_2b,-923579374989113359,2026-09-25 16:00:00+00:00,2026-09-27 16:00:47+00:00
ec6e4c02-fc7d-51ab-8e57-8dcf792d6c6f,MAINTENANCE,MODIFIED_SERVICE,T1 Western Line: Buses replace trains between Emu Plains and St Marys,"Monday 28 and Tuesday 29 September
Nightly from 9:40PM to 4AM, buses replace trains between Emu Plains and St Marys.
Trains run between St Marys and Central, platforms 1-14 only.
Trackwork also affects T1 North Shore Line trains. Use metro services to Victoria Cross, Crows Nest or Chatswood, then change for replacement buses.
Tuesday and Wednesday, buses replace the 03:09 and 03:47 Emu Plains to the City trains from Emu Plains to St Marys.",WST_1b,-2301718121315425992,2026-09-28 11:40:00+00:00,2026-09-28 18:00:00+00:00
264b6132-01c2-54c2-a84e-de9f4dc216cd,MAINTENANCE,MODIFIED_SERVICE,Buses replace trains between Lithgow and St Marys,"Monday 28 and Tuesday 29 September
Nightly from 8:20PM to 3AM, buses replace trains between Lithgow and St Marys.
T1 trains run between St Marys and Central, platforms 1-14 only.
Tuesday and Wednesday, the 02:26 Mount Victoria to Central train will run up to 15 minutes later than the normal timetable.",BMT_2,2347072026132267080,2026-09-28 10:20:00+00:00,2026-09-28 18:00:00+00:00
ee0d0ca9-7e69-5d24-9b92-c84f13f8126b,MAINTENANCE,MODIFIED_SERVICE,Trains run to a changed timetable and stopping pattern,"Trains run to a changed timetable and stopping pattern
 
Wednesday 30 September
From 10:30PM to 1:30AM, Inner West trains run between Ashfield and the City Circle only.
Leppington trains do not stop at Ashfield or Newtown.
T1 Western Line trains make extra stops at Homebush and Burwood. T9 Northern Line trains make extra stops at Croydon and Ashfield.
You may need to change trains to continue your journey.",IWL_2b,7400251048012378211,2026-09-30 12:30:02+00:00,2026-09-30 15:30:00+00:00
ee0d0ca9-7e69-5d24-9b92-c84f13f8126b,MAINTENANCE,MODIFIED_SERVICE,Trains run to a changed timetable and stopping pattern,"Trains run to a changed timetable and stopping pattern
 
Wednesday 30 September
From 10:30PM to 1:30AM, Inner West trains run between Ashfield and the City Circle only.
Leppington trains do not stop at Ashfield or Newtown.
T1 Western Line trains make extra stops at Homebush and Burwood. T9 Northern Line trains make extra stops at Croydon and Ashfield.
You may need to change trains to continue your journey.",IWL_2i,-4396571606196770016,2026-09-30 12:30:02+00:00,2026-09-30 15:30:00+00:00
b2682c57-646a-5eb3-aad0-0dbfc88f6491,MAINTENANCE,MODIFIED_SERVICE,Some trains make extra stops at Croydon and Ashfield,"Wednesday 30 September
From 10:30PM to 1:30AM, some trains make extra stops at Croydon and Ashfield.",NTH_2a,8355324188916703396,2026-09-30 12:30:00+00:00,2026-09-30 15:30:01+00:00
669c9f49-5476-55f3-a619-192e1e529f0d,MAINTENANCE,MODIFIED_SERVICE,Trains run to a changed timetable and stopping pattern,"Wednesday 30 September
From 10:20PM to 1:30AM, trains run to a changed timetable between Liverpool and Lidcombe only. Change trains at Lidcombe to continue your journey.
Inner West trains run between Ashfield and the City Circle.
T1 Western Line trains run between Lidcombe and the City, making extra stops at Homebush and Burwood.
T9 Northern Line trains make extra stops at Croydon and Ashfield.",BNK_1c,-6876273115546089350,2026-09-30 12:20:00+00:00,2026-09-30 15:30:26+00:00
669c9f49-5476-55f3-a619-192e1e529f0d,MAINTENANCE,MODIFIED_SERVICE,Trains run to a changed timetable and stopping pattern,"Wednesday 30 September
From 10:20PM to 1:30AM, trains run to a changed timetable between Liverpool and Lidcombe only. Change trains at Lidcombe to continue your journey.
Inner West trains run between Ashfield and the City Circle.
T1 Western Line trains run between Lidcombe and the City, making extra stops at Homebush and Burwood.
T9 Northern Line trains make extra stops at Croydon and Ashfield.",BNK_2g,7746676549497845523,2026-09-30 12:20:00+00:00,2026-09-30 15:30:26+00:00
669c9f49-5476-55f3-a619-192e1e529f0d,MAINTENANCE,MODIFIED_SERVICE,Trains run to a changed timetable and stopping pattern,"Wednesday 30 September
From 10:20PM to 1:30AM, trains run to a changed timetable between Liverpool and Lidcombe only. Change trains at Lidcombe to continue your journey.
Inner West trains run between Ashfield and the City Circle.
T1 Western Line trains run between Lidcombe and the City, making extra stops at Homebush and Burwood.
T9 Northern Line trains make extra stops at Croydon and Ashfield.",T3_2a,-5842204805049448059,2026-09-30 12:20:00+00:00,2026-09-30 15:30:26+00:00
669c9f49-5476-55f3-a619-192e1e529f0d,MAINTENANCE,MODIFIED_SERVICE,Trains run to a changed timetable and stopping pattern,"Wednesday 30 September
From 10:20PM to 1:30AM, trains run to a changed timetable between Liverpool and Lidcombe only. Change trains at Lidcombe to continue your journey.
Inner West trains run between Ashfield and the City Circle.
T1 Western Line trains run between Lidcombe and the City, making extra stops at Homebush and Burwood.
T9 Northern Line trains make extra stops at Croydon and Ashfield.",T3_2c,4458461905226594776,2026-09-30 12:20:00+00:00,2026-09-30 15:30:26+00:00
32531557-1c2e-5a29-a8a1-9871eb185350,MAINTENANCE,MODIFIED_SERVICE,Buses replace trains between Central and Bondi Junction. Trains do not stop at Wolli Creek,"Wednesday 30 September and Thursday 1 October
Nightly from 9:50PM to 1:30AM, buses replace trains between Central and Bondi Junction, but do not stop at Martin Place.
Most trains run to a changed timetable between Cronulla, Waterfall and the City Circle, with some making extra stops at St Peters and Erskineville.
Nightly from 10:10PM to 1:30AM, trains do not stop at Wolli Creek but make an extra stop at Arncliffe.
Buses run between Sydenham, Wolli Creek and Arncliffe.
Change at Arncliffe or Sydenham for a bus to Wolli Creek or change at Central for a T8 Airport & South Line train if you have luggage or accessibility needs.",ESI_2a,5630525952252418354,2026-09-30 11:50:00+00:00,2026-09-30 15:30:00+00:00
b44c15ce-6501-59ae-adb4-eaf1a5b73e6c,MAINTENANCE,MODIFIED_SERVICE,Some trains run to a changed timetable. Trackwork at Wolli Creek may affect how you travel,"Wednesday 30 September and Thursday 1 October
Nightly from 9:50PM to 1:30AM, trains between Sydenham and the City Circle run to a changed timetable.
Nightly from 10:10PM to 1:30AM, trackwork at Wolli Creek may affect how you travel to T4 Eastern Suburbs & Illawarra or South Coast Line stations.
T4 Eastern Suburbs & Illawarra and South Coast Line trains do not stop at Wolli Creek. Buses run between Sydenham, Wolli Creek and Arncliffe.
Change at Central for T4 Eastern Suburbs & Illawarra or South Coast Line trains.",APS_1g,-8457744376016795793,2026-09-30 11:50:00+00:00,2026-09-30 15:30:00+00:00
08a0093d-dd5a-58bb-b15a-e35aed2f906a,MAINTENANCE,MODIFIED_SERVICE,Buses replace trains between Central and Bondi Junction. Trains do not stop at Wolli Creek,"Wednesday 30 September and Thursday 1 October
Nightly from 9:50PM to 1:30AM, buses replace trains between Central and Bondi Junction, but do not stop at Martin Place.
Trains run to a changed timetable between South Coast Line stations and Central, platforms 1-14.
Change at Central for buses to Kings Cross, Edgecliff and Bondi Junction or metro services to Martin Place.
Nightly from 10:40PM to 1:30AM, trains do not stop at Wolli Creek but make an extra stop at Sydenham.
Buses run between Sydenham and Wolli Creek.
Change at Sydenham for a bus to Wolli Creek or change at Central for a T8 Airport train if you have luggage or accessibility needs.",SCO_1a,4202176109787108346,2026-09-30 11:50:00+00:00,2026-09-30 15:30:00+00:00
b2e90342-af67-50e3-a804-329d980f269b,MAINTENANCE,MODIFIED_SERVICE,Extra trains run between Leppington and the City via Regents Park,"Sunday 4 October
From 5:30AM to 9:40AM, extra trains run between Leppington and the City via Regents Park.",T3_2d,2203676127428383300,2026-10-03 18:30:00+00:00,2026-10-03 22:40:03+00:00
b2e90342-af67-50e3-a804-329d980f269b,MAINTENANCE,MODIFIED_SERVICE,Extra trains run between Leppington and the City via Regents Park,"Sunday 4 October
From 5:30AM to 9:40AM, extra trains run between Leppington and the City via Regents Park.",BNK_1b,824071575942029262,2026-10-03 18:30:00+00:00,2026-10-03 22:40:03+00:00
b2e90342-af67-50e3-a804-329d980f269b,MAINTENANCE,MODIFIED_SERVICE,Extra trains run between Leppington and the City via Regents Park,"Sunday 4 October
From 5:30AM to 9:40AM, extra trains run between Leppington and the City via Regents Park.",BNK_1g,5064893934630336586,2026-10-03 18:30:00+00:00,2026-10-03 22:40:03+00:00
b2e90342-af67-50e3-a804-329d980f269b,MAINTENANCE,MODIFIED_SERVICE,Extra trains run between Leppington and the City via Regents Park,"Sunday 4 October
From 5:30AM to 9:40AM, extra trains run between Leppington and the City via Regents Park.",BNK_1h,-6917538048992148610,2026-10-03 18:30:00+00:00,2026-10-03 22:40:03+00:00
d9e7ac87-a2d6-55d4-a9ef-62efa975f42b,MAINTENANCE,MODIFIED_SERVICE,Trains run to a changed timetable and stopping pattern,"Saturday 3 October
From 9:30AM to 1PM, trains run to a changed timetable between Liverpool and Lidcombe, and between Homebush and the City only.
You may need to change trains to continue your journey.
T1 Western and T2 Leppington Line trains run between Lidcombe and the City.",T3_2d,2203676127428383300,2026-10-03 11:30:00+00:00,2026-10-04 02:00:04+00:00
d9e7ac87-a2d6-55d4-a9ef-62efa975f42b,MAINTENANCE,MODIFIED_SERVICE,Trains run to a changed timetable and stopping pattern,"Saturday 3 October
From 9:30AM to 1PM, trains run to a changed timetable between Liverpool and Lidcombe, and between Homebush and the City only.
You may need to change trains to continue your journey.
T1 Western and T2 Leppington Line trains run between Lidcombe and the City.",BNK_1d,-7821700733867273095,2026-10-03 11:30:00+00:00,2026-10-04 02:00:04+00:00
5500f84d-e087-5748-af79-f76f9d478444,MAINTENANCE,MODIFIED_SERVICE,Trains run to a changed timetable and stopping pattern,"Monday 5 October
From 9:30AM to 1PM, trains run to a changed timetable between Liverpool and Lidcombe, and between Homebush and the City only.
You may need to change trains to continue your journey.
T1 Western and T2 Leppington Line trains run between Lidcombe and the City.",T3_1d,6228501476923438915,2026-10-04 22:30:00+00:00,2026-10-05 02:00:31+00:00
cbec43e6-b4dd-55dc-93a8-c2fd507d9bd8,MAINTENANCE,MODIFIED_SERVICE,T1 Western Line: Buses replace trains between Olympic Park and Ashfield or Central,"Monday 5 October
From 6PM to 2AM, buses replace trains between Olympic Park and Ashfield. Express buses also run between Olympic Park and Central.
Replacement buses do not leave from Lidcombe.
Trains run to a changed timetable between:
- Penrith and Olympic Park
- Richmond and Liverpool
- Ashfield and the City, continuing to T1 North Shore Line stations.
You may need to change services to continue your journey.",WST_1a,-8080502455091207041,2026-10-05 07:00:00+00:00,2026-10-05 15:00:28+00:00
e0cde705-848b-5914-9472-bed39002de78,MAINTENANCE,MODIFIED_SERVICE,Buses replace trains between Olympic Park and Ashfield or Central,"Monday 5 October
From 6PM to 2AM, buses replace trains between Olympic Park and Ashfield. Express buses also run between Olympic Park and Central.
Replacement buses do not leave from Lidcombe.
Trains run to a changed timetable between:
- Liverpool and Lidcombe
- Lidcombe and Olympic Park
- Ashfield and the City, continuing to T1 North Shore Line stations.
You may need to change services to continue your journey.",T3_2a,-5842204805049448059,2026-10-05 07:00:00+00:00,2026-10-05 15:00:53+00:00
e0cde705-848b-5914-9472-bed39002de78,MAINTENANCE,MODIFIED_SERVICE,Buses replace trains between Olympic Park and Ashfield or Central,"Monday 5 October
From 6PM to 2AM, buses replace trains between Olympic Park and Ashfield. Express buses also run between Olympic Park and Central.
Replacement buses do not leave from Lidcombe.
Trains run to a changed timetable between:
- Liverpool and Lidcombe
- Lidcombe and Olympic Park
- Ashfield and the City, continuing to T1 North Shore Line stations.
You may need to change services to continue your journey.",BNK_2c,3787217531919373545,2026-10-05 07:00:00+00:00,2026-10-05 15:00:53+00:00
aa8dc13b-cf94-5605-888d-0fe6a081cf8b,UNKNOWN_CAUSE,UNKNOWN_EFFECT,"Station Update - Bexley North, Kingsgrove, Lisarow and more",The warning tactiles are missing on some sections of the platform. Repairs have been arranged.  Please use caution and take care,WST_2d,-6255990460352317300,2026-08-30 19:08:43+00:00,
aa8dc13b-cf94-5605-888d-0fe6a081cf8b,UNKNOWN_CAUSE,UNKNOWN_EFFECT,"Station Update - Bexley North, Kingsgrove, Lisarow and more",The warning tactiles are missing on some sections of the platform. Repairs have been arranged.  Please use caution and take care,IWL_2c,-7246217427817351284,2026-08-30 19:08:43+00:00,
aa8dc13b-cf94-5605-888d-0fe6a081cf8b,UNKNOWN_CAUSE,UNKNOWN_EFFECT,"Station Update - Bexley North, Kingsgrove, Lisarow and more",The warning tactiles are missing on some sections of the platform. Repairs have been arranged.  Please use caution and take care,APS_2b,-4997717676751494424,2026-08-30 19:08:43+00:00,
aa8dc13b-cf94-5605-888d-0fe6a081cf8b,UNKNOWN_CAUSE,UNKNOWN_EFFECT,"Station Update - Bexley North, Kingsgrove, Lisarow and more",The warning tactiles are missing on some sections of the platform. Repairs have been arranged.  Please use caution and take care,APS_1e,3446910552962544978,2026-08-30 19:08:43+00:00,
7e669567-64e5-5fec-83a2-7332090518c3,UNKNOWN_CAUSE,UNKNOWN_EFFECT,Station Update - Central,"From Sunday to Thursday, between 10pm and 5am, ceiling installation works will take place in the pedestrian tunnel between platforms 4 and 11 and the lower concourse.
 - During this time, the Redfern end stairs on Platforms 4 to 11 will be closed.
 - Customer will need to use the City end of the platform to exit via the Grand Concourse.
 - If you need assistance, ask station staff or call 9379 1777.",4T.C.2408,7962336088867504430,2026-08-06 00:30:06+00:00,
7e669567-64e5-5fec-83a2-7332090518c3,UNKNOWN_CAUSE,UNKNOWN_EFFECT,Station Update - Central,"From Sunday to Thursday, between 10pm and 5am, ceiling installation works will take place in the pedestrian tunnel between platforms 4 and 11 and the lower concourse.
 - During this time, the Redfern end stairs on Platforms 4 to 11 will be closed.
 - Customer will need to use the City end of the platform to exit via the Grand Concourse.
 - If you need assistance, ask station staff or call 9379 1777.",4T.T.SP34,-5869384921469447277,2026-08-06 00:30:06+00:00,
7e669567-64e5-5fec-83a2-7332090518c3,UNKNOWN_CAUSE,UNKNOWN_EFFECT,Station Update - Central,"From Sunday to Thursday, between 10pm and 5am, ceiling installation works will take place in the pedestrian tunnel between platforms 4 and 11 and the lower concourse.
 - During this time, the Redfern end stairs on Platforms 4 to 11 will be closed.
 - Customer will need to use the City end of the platform to exit via the Grand Concourse.
 - If you need assistance, ask station staff or call 9379 1777.",IWL_1b,6193968622723203843,2026-08-06 00:30:06+00:00,
7e669567-64e5-5fec-83a2-7332090518c3,UNKNOWN_CAUSE,UNKNOWN_EFFECT,Station Update - Central,"From Sunday to Thursday, between 10pm and 5am, ceiling installation works will take place in the pedestrian tunnel between platforms 4 and 11 and the lower concourse.
 - During this time, the Redfern end stairs on Platforms 4 to 11 will be closed.
 - Customer will need to use the City end of the platform to exit via the Grand Concourse.
 - If you need assistance, ask station staff or call 9379 1777.",BNK_1h,-6917538048992148610,2026-08-06 00:30:06+00:00,
7e669567-64e5-5fec-83a2-7332090518c3,UNKNOWN_CAUSE,UNKNOWN_EFFECT,Station Update - Central,"From Sunday to Thursday, between 10pm and 5am, ceiling installation works will take place in the pedestrian tunnel between platforms 4 and 11 and the lower concourse.
 - During this time, the Redfern end stairs on Platforms 4 to 11 will be closed.
 - Customer will need to use the City end of the platform to exit via the Grand Concourse.
 - If you need assistance, ask station staff or call 9379 1777.",APS_1f,-2261129489481632198,2026-08-06 00:30:06+00:00,
7e669567-64e5-5fec-83a2-7332090518c3,UNKNOWN_CAUSE,UNKNOWN_EFFECT,Station Update - Central,"From Sunday to Thursday, between 10pm and 5am, ceiling installation works will take place in the pedestrian tunnel between platforms 4 and 11 and the lower concourse.
 - During this time, the Redfern end stairs on Platforms 4 to 11 will be closed.
 - Customer will need to use the City end of the platform to exit via the Grand Concourse.
 - If you need assistance, ask station staff or call 9379 1777.",4T.C.3105,7847863935353197399,2026-08-06 00:30:06+00:00,
7e669567-64e5-5fec-83a2-7332090518c3,UNKNOWN_CAUSE,UNKNOWN_EFFECT,Station Update - Central,"From Sunday to Thursday, between 10pm and 5am, ceiling installation works will take place in the pedestrian tunnel between platforms 4 and 11 and the lower concourse.
 - During this time, the Redfern end stairs on Platforms 4 to 11 will be closed.
 - Customer will need to use the City end of the platform to exit via the Grand Concourse.
 - If you need assistance, ask station staff or call 9379 1777.",4T.C.3303,3655251325984044387,2026-08-06 00:30:06+00:00,
7e669567-64e5-5fec-83a2-7332090518c3,UNKNOWN_CAUSE,UNKNOWN_EFFECT,Station Update - Central,"From Sunday to Thursday, between 10pm and 5am, ceiling installation works will take place in the pedestrian tunnel between platforms 4 and 11 and the lower concourse.
 - During this time, the Redfern end stairs on Platforms 4 to 11 will be closed.
 - Customer will need to use the City end of the platform to exit via the Grand Concourse.
 - If you need assistance, ask station staff or call 9379 1777.",4T.T.ST21,-2307922912523377225,2026-08-06 00:30:06+00:00,
7e669567-64e5-5fec-83a2-7332090518c3,UNKNOWN_CAUSE,UNKNOWN_EFFECT,Station Update - Central,"From Sunday to Thursday, between 10pm and 5am, ceiling installation works will take place in the pedestrian tunnel between platforms 4 and 11 and the lower concourse.
 - During this time, the Redfern end stairs on Platforms 4 to 11 will be closed.
 - Customer will need to use the City end of the platform to exit via the Grand Concourse.
 - If you need assistance, ask station staff or call 9379 1777.",4T.C.6333,-7497542192192183363,2026-08-06 00:30:06+00:00,
e8f62d25-979f-56f6-8f2f-dfda63c1b7b8,MAINTENANCE,UNKNOWN_EFFECT,"Cumberland Line, Leppington & Inner West Line","Allow extra travel time between Granville and Cabramatta due to urgent track repairs at Granville. Repair crews are on site and working to restore train services as soon as possible. Trains will be stopping at different platforms. Stops may change at short notice. 

Trains are not running between Granville and Cabramatta and will be diverted via Sefton to provide regular service. Customers travelling between Granville and Cabramatta via Merrylands are advised to consider catching nearby public transport services to continue their journey. We are trying to arrange replacement buses.  Please delay travel if possible or use other transport.  Well update you when we have more information. Customers should plan ahead and allow plenty of extra travel time.

For service updates, please check transport apps, information screens and listen to announcements.",IWL_2g,4132240000327817005,2026-09-17 07:05:59+00:00,
e8f62d25-979f-56f6-8f2f-dfda63c1b7b8,MAINTENANCE,UNKNOWN_EFFECT,"Cumberland Line, Leppington & Inner West Line","Allow extra travel time between Granville and Cabramatta due to urgent track repairs at Granville. Repair crews are on site and working to restore train services as soon as possible. Trains will be stopping at different platforms. Stops may change at short notice. 

Most trains will be diverted via Sefton to provide regular service. Customers travelling between Granville and Cabramatta via Merrylands are advised to consider catching nearby public transport services to continue their journey. We are trying to arrange replacement buses.  Please delay travel if possible or use other transport.  Well update you when we have more information. Customers should plan ahead and allow plenty of extra travel time.

For service updates, please check transport apps, information screens and listen to announcements.",CMB_1c,3823480081110772338,2026-09-17 06:50:04+00:00,
e8f62d25-979f-56f6-8f2f-dfda63c1b7b8,MAINTENANCE,UNKNOWN_EFFECT,"Cumberland Line, Leppington & Inner West Line","Urgent track repairs at Granville have been completed. Services between Cabramatta and Granville have resumed. Services may be less frequent and travel time may be longer than normal. Stops may change at short notice. Delays up to 15 minutes may continue as services recover.

For service updates, please check transport apps, information screens and listen to announcements.",IWL_2f,4691458740276869547,2026-09-17 07:25:04+00:00,
b961cac8-0a10-51fd-96b1-9fe939e887d3,MAINTENANCE,MODIFIED_SERVICE,Buses replace trains between Leppington and Fairfield,"Wednesday 16 and Thursday 17 September
Nightly from 9:40PM to 1:30AM, buses replace trains between Leppington and Fairfield.
Trains run to a changed timetable between Fairfield and the City via Granville, and between Glenfield and the City via the Airport.
Some Inner West trains run to a changed timetable between Olympic Park or Homebush and the City.
Buses also replace T3 Liverpool & Inner West Line trains between Liverpool and Lidcombe.",IWL_2e,4659744773727575182,2026-09-16 11:40:00+00:00,2026-09-16 15:30:00+00:00
2ad7fb1d-1308-50c1-b8a0-fb227dc90a53,MAINTENANCE,MODIFIED_SERVICE,Buses replace trains between Liverpool and Lidcombe,"Wednesday 16 and Thursday 17 September
Nightly from 9:40PM to 1:30AM, buses replace trains between Liverpool and Lidcombe.
Trains run between Lidcombe and the City, to a changed timetable. You may need to change trains to continue your journey.
Buses also replace T2 Leppington & Inner West Line trains between Leppington and Fairfield, and T6 Lidcombe & Bankstown Line trains between Bankstown and Lidcombe.",BNK_1b,824071575942029262,2026-09-16 11:40:00+00:00,2026-09-16 15:30:00+00:00
2ad7fb1d-1308-50c1-b8a0-fb227dc90a53,MAINTENANCE,MODIFIED_SERVICE,Buses replace trains between Liverpool and Lidcombe,"Wednesday 16 and Thursday 17 September
Nightly from 9:40PM to 1:30AM, buses replace trains between Liverpool and Lidcombe.
Trains run between Lidcombe and the City, to a changed timetable. You may need to change trains to continue your journey.
Buses also replace T2 Leppington & Inner West Line trains between Leppington and Fairfield, and T6 Lidcombe & Bankstown Line trains between Bankstown and Lidcombe.",BNK_2a,655547182426901944,2026-09-16 11:40:00+00:00,2026-09-16 15:30:00+00:00
2ad7fb1d-1308-50c1-b8a0-fb227dc90a53,MAINTENANCE,MODIFIED_SERVICE,Buses replace trains between Liverpool and Lidcombe,"Wednesday 16 and Thursday 17 September
Nightly from 9:40PM to 1:30AM, buses replace trains between Liverpool and Lidcombe.
Trains run between Lidcombe and the City, to a changed timetable. You may need to change trains to continue your journey.
Buses also replace T2 Leppington & Inner West Line trains between Leppington and Fairfield, and T6 Lidcombe & Bankstown Line trains between Bankstown and Lidcombe.",BNK_2b,-6006373974454194731,2026-09-16 11:40:00+00:00,2026-09-16 15:30:00+00:00
0c3f595e-6aac-5fbf-965f-e63e1098dd36,MAINTENANCE,MODIFIED_SERVICE,Buses replace trains between Bankstown and Lidcombe,"Wednesday 16 and Thursday 17 September
Nightly from 9:10PM to 1:30AM, buses replace trains between Bankstown and Lidcombe.
Buses also replace T3 Liverpool & Inner West Line trains between Liverpool and Lidcombe.",T6_1c,-7826908861145066754,2026-09-16 11:10:00+00:00,2026-09-16 15:30:00+00:00
4d047aad-f9ec-5b2f-8b1c-6002867e7338,MAINTENANCE,MODIFIED_SERVICE,"Trains run between Hornsby and Central, platforms 1-14","Friday 18 September
From 11:30PM, trains run between Hornsby and Central, platforms 1-14 only.
If travelling to T1 North Shore Line stations, change at Epping or Central for metro services to Victoria Cross, Crows Nest or Chatswood, then change for a bus.",NTH_2a,8355324188916703396,2026-09-18 13:30:00+00:00,2026-09-18 16:00:44+00:00
871c63df-4862-5c7a-a1a1-fc9d6465d1bb,MAINTENANCE,MODIFIED_SERVICE,Trains may run to a changed timetable,"Saturday 19 September
From 9AM to 3PM, trains may run to a changed timetable due to trackwork between Revesby and Turrella.",APS_2d,3209398359404724700,2026-09-18 23:00:00+00:00,2026-09-19 05:00:46+00:00
871c63df-4862-5c7a-a1a1-fc9d6465d1bb,MAINTENANCE,MODIFIED_SERVICE,Trains may run to a changed timetable,"Saturday 19 September
From 9AM to 3PM, trains may run to a changed timetable due to trackwork between Revesby and Turrella.",APS_2e,-3879013211178800379,2026-09-18 23:00:00+00:00,2026-09-19 05:00:46+00:00
6d17c60f-f62e-519a-96dd-cea7953b1650,MAINTENANCE,MODIFIED_SERVICE,Buses replace the all-stations trains between Wolli Creek and Revesby,"Sunday 20 September
From 8:40AM to 3PM, buses replace the all-stations trains between Wolli Creek and Revesby.
Express trains continue to run but do not stop at stations between Padstow and Turrella.",APS_2c,2798141468541829682,2026-09-19 22:40:00+00:00,2026-09-20 05:00:07+00:00
6d17c60f-f62e-519a-96dd-cea7953b1650,MAINTENANCE,MODIFIED_SERVICE,Buses replace the all-stations trains between Wolli Creek and Revesby,"Sunday 20 September
From 8:40AM to 3PM, buses replace the all-stations trains between Wolli Creek and Revesby.
Express trains continue to run but do not stop at stations between Padstow and Turrella.",APS_2g,8410277826001083247,2026-09-19 22:40:00+00:00,2026-09-20 05:00:07+00:00
6d17c60f-f62e-519a-96dd-cea7953b1650,MAINTENANCE,MODIFIED_SERVICE,Buses replace the all-stations trains between Wolli Creek and Revesby,"Sunday 20 September
From 8:40AM to 3PM, buses replace the all-stations trains between Wolli Creek and Revesby.
Express trains continue to run but do not stop at stations between Padstow and Turrella.",APS_1a,-3402953319642480407,2026-09-19 22:40:00+00:00,2026-09-20 05:00:07+00:00
3592c6c7-855b-5427-9d35-18a806a5ddd9,MAINTENANCE,MODIFIED_SERVICE,Buses replace trains between Olympic Park and Lidcombe,"Monday 21 September
From 8PM to 1AM, buses replace trains between Olympic Park and Lidcombe.",OLY_2a,5096923697721243545,2026-09-21 10:00:00+00:00,2026-09-21 15:00:33+00:00
3592c6c7-855b-5427-9d35-18a806a5ddd9,MAINTENANCE,MODIFIED_SERVICE,Buses replace trains between Olympic Park and Lidcombe,"Monday 21 September
From 8PM to 1AM, buses replace trains between Olympic Park and Lidcombe.",OLY_2b,-7364126812600970332,2026-09-21 10:00:00+00:00,2026-09-21 15:00:33+00:00
7ef68f64-75e9-5e4b-9c31-588195f8fe45,MAINTENANCE,MODIFIED_SERVICE,"Buses replace trains between Waterfall, Cronulla and Hurstville","Monday 21 and Tuesday 22 September
Nightly from 9:50PM to 2:30AM, buses replace trains between Waterfall, Cronulla and Hurstville.
Trains run between Hurstville and Bondi Junction, some to a changed timetable.",ESI_1d,-6150595769256102763,2026-09-21 11:50:00+00:00,2026-09-21 16:30:00+00:00
9b451136-c729-5d60-9bfe-58ac9ae899bb,MAINTENANCE,MODIFIED_SERVICE,Buses replace trains between Waterfall and Hurstville,"Monday 21 and Tuesday 22 September
Nightly from 9:50PM to 2:30AM, buses replace trains between Waterfall and Hurstville.
Trains run between South Coast Line stations and Waterfall, and between Hurstville and Bondi Junction, to a changed timetable.",SCO_2b,7005896456830233422,2026-09-21 11:50:00+00:00,2026-09-21 16:30:00+00:00
57854255-0585-5e83-b4c1-59b55fd72731,MAINTENANCE,MODIFIED_SERVICE,You may need to change trains at Granville to continue your journey,"Tuesday 22 and Wednesday 23 September
Nightly from 11:50PM to 1:30AM, trains run to a changed timetable between Richmond or Leppington and Olympic Park. Some trains start and end at Granville.
You may need to change trains at Granville to continue your journey.",CMB_2b,299721892419967497,2026-09-22 13:50:00+00:00,2026-09-22 15:30:00+00:00
46b069c9-d979-5c79-bb59-0c3cb9113a61,MAINTENANCE,MODIFIED_SERVICE,T1 North Shore Line: Buses replace Central Coast & Newcastle Line trains between Hornsby and Newcastle Interchange,"Tuesday 22 and Wednesday 23 September
Nightly from 8:30PM to 5AM, buses replace Central Coast & Newcastle Line trains between Hornsby, Berowra and Newcastle Interchange. 
T1 North Shore Line trains continue to run between Hornsby and Berowra.",NSN_1a,4622583836084576750,2026-09-22 10:30:00+00:00,2026-09-22 19:00:00+00:00
9f75f272-9f9e-5380-9282-df94e8dd6ffa,MAINTENANCE,MODIFIED_SERVICE,Buses replace trains between Bomaderry and Wollongong,"Friday 25 September
From 2:50PM, buses replace trains from Wollongong to Bomaderry.
From 3:50PM, buses replace trains from Bomaderry to Wollongong.
Trains run between Port Kembla, Wollongong and Bondi Junction, some to a changed timetable.
Buses do not run to the train timetable. If connecting with trains at Wollongong you may need to catch an earlier bus to ensure you meet your train connection.",SCO_1b,-3539652250674250885,2026-09-25 04:50:00+00:00,2026-09-25 16:00:44+00:00
f412b473-65bf-5133-8c12-5b4d2d09865b,MAINTENANCE,MODIFIED_SERVICE,Trains run to a changed timetable and reduced frequency,"Saturday 26 and Sunday 27 September
Trains run to a changed timetable and reduced frequency, every 30 minutes.",T6_1a,6046529738798421338,2026-09-25 16:00:00+00:00,2026-09-27 16:00:03+00:00
15cfea4d-aaf6-5fa7-bce8-46e151981d40,MAINTENANCE,MODIFIED_SERVICE,T1 Western Line: Some trains run to a changed timetable and stopping pattern,"Saturday 26 and Sunday 27 September
Some trains run to a changed timetable and stopping pattern.
Richmond trains run between Richmond and Olympic Park. You may need to change trains to continue your journey.",WST_2d,-6255990460352317300,2026-09-25 16:00:00+00:00,2026-09-27 16:00:11+00:00
15cfea4d-aaf6-5fa7-bce8-46e151981d40,MAINTENANCE,MODIFIED_SERVICE,T1 Western Line: Some trains run to a changed timetable and stopping pattern,"Saturday 26 and Sunday 27 September
Some trains run to a changed timetable and stopping pattern.
Richmond trains run between Richmond and Olympic Park. You may need to change trains to continue your journey.",WST_1b,-2301718121315425992,2026-09-25 16:00:00+00:00,2026-09-27 16:00:11+00:00
ac845045-d0c0-5a48-bdc9-40b302357093,MAINTENANCE,MODIFIED_SERVICE,Buses replace trains between Cabramatta and Granville,"Saturday 26 and Sunday 27 September
Buses replace trains between Cabramatta and Granville.
Trains run to a changed timetable and stopping pattern between Leppington and the City via Regents Park.
Change at:
- Cabramatta for buses to Canley Vale, Fairfield, Yennora, Guildford and Merrylands, or
- Lidcombe for trains towards Granville or T1 Western Line stations.",IWL_1f,1221224009602693160,2026-09-25 16:00:00+00:00,2026-09-27 16:00:19+00:00
a8c4b063-061e-5050-bdde-9f94fc8dce91,MAINTENANCE,MODIFIED_SERVICE,Sydney Metro trackwork may affect how you travel. Metro services do not run between Sydenham and Chatswood,"Saturday 26 and Sunday 27 September
Sydney Metro trackwork may affect how you travel. Metro services do not run between Sydenham and Chatswood.
Use trains between Sydenham, the City and Chatswood.",ESI_1c,-8579160858663815588,2026-09-25 16:00:00+00:00,2026-09-27 16:00:24+00:00
458650b8-76af-5f3c-b00c-a3a2e2d130be,MAINTENANCE,MODIFIED_SERVICE,Buses replace trains between Bomaderry and Wollongong,"Saturday 26 and Sunday 27 September
Buses replace trains between Bomaderry and Wollongong.
Trains run between Port Kembla, Wollongong and Bondi Junction, some to a changed timetable.
Buses do not run to the train timetable. If connecting with trains at Wollongong you may need to catch an earlier bus to ensure you meet your train connection.
Sydney Metro trackwork may affect how you travel. Metro services do not run between Sydenham and Chatswood.
Use trains between Central and Epping or Chatswood.",SCO_1b,-3539652250674250885,2026-09-25 16:00:00+00:00,2026-09-27 16:00:25+00:00
039b54e3-bd3b-5f93-b4c1-9fa68ae248a8,MAINTENANCE,MODIFIED_SERVICE,Trains run to a changed timetable and stopping pattern,"Saturday 26 and Sunday 27 September
Trains run to a changed timetable and stopping pattern between Leppington and the City.
You may need to change trains if travelling to Inner West stations.",BNK_2b,-6006373974454194731,2026-09-25 16:00:00+00:00,2026-09-27 16:00:47+00:00
039b54e3-bd3b-5f93-b4c1-9fa68ae248a8,MAINTENANCE,MODIFIED_SERVICE,Trains run to a changed timetable and stopping pattern,"Saturday 26 and Sunday 27 September
Trains run to a changed timetable and stopping pattern between Leppington and the City.
You may need to change trains if travelling to Inner West stations.",BNK_1b,824071575942029262,2026-09-25 16:00:00+00:00,2026-09-27 16:00:47+00:00
8158d1cb-dcf1-51d8-b04c-77f1abafe3af,MAINTENANCE,MODIFIED_SERVICE,T1 North Shore Line: Sydney Metro trackwork may affect how you travel. Metro services do not run between Chatswood and Sydenham,"Saturday 26 and Sunday 27 September
Sydney Metro trackwork may affect how you travel. Metro services do not run between Chatswood and Sydenham.
Use trains between Chatswood, the City and Sydenham.",NSN_2a,9187031006395744173,2026-09-25 16:00:00+00:00,2026-09-27 16:00:55+00:00
669c9f49-5476-55f3-a619-192e1e529f0d,MAINTENANCE,MODIFIED_SERVICE,Trains run to a changed timetable and stopping pattern,"Wednesday 30 September
From 10:20PM to 1:30AM, trains run to a changed timetable between Liverpool and Lidcombe only. Change trains at Lidcombe to continue your journey.
Inner West trains run between Ashfield and the City Circle.
T1 Western Line trains run between Lidcombe and the City, making extra stops at Homebush and Burwood.
T9 Northern Line trains make extra stops at Croydon and Ashfield.",BNK_1b,824071575942029262,2026-09-30 12:20:00+00:00,2026-09-30 15:30:26+00:00
669c9f49-5476-55f3-a619-192e1e529f0d,MAINTENANCE,MODIFIED_SERVICE,Trains run to a changed timetable and stopping pattern,"Wednesday 30 September
From 10:20PM to 1:30AM, trains run to a changed timetable between Liverpool and Lidcombe only. Change trains at Lidcombe to continue your journey.
Inner West trains run between Ashfield and the City Circle.
T1 Western Line trains run between Lidcombe and the City, making extra stops at Homebush and Burwood.
T9 Northern Line trains make extra stops at Croydon and Ashfield.",BNK_1h,-6917538048992148610,2026-09-30 12:20:00+00:00,2026-09-30 15:30:26+00:00
32531557-1c2e-5a29-a8a1-9871eb185350,MAINTENANCE,MODIFIED_SERVICE,Buses replace trains between Central and Bondi Junction. Trains do not stop at Wolli Creek,"Wednesday 30 September and Thursday 1 October
Nightly from 9:50PM to 1:30AM, buses replace trains between Central and Bondi Junction, but do not stop at Martin Place.
Most trains run to a changed timetable between Cronulla, Waterfall and the City Circle, with some making extra stops at St Peters and Erskineville.
Nightly from 10:10PM to 1:30AM, trains do not stop at Wolli Creek but make an extra stop at Arncliffe.
Buses run between Sydenham, Wolli Creek and Arncliffe.
Change at Arncliffe or Sydenham for a bus to Wolli Creek or change at Central for a T8 Airport & South Line train if you have luggage or accessibility needs.",ESI_1c,-8579160858663815588,2026-09-30 11:50:00+00:00,2026-09-30 15:30:00+00:00
b44c15ce-6501-59ae-adb4-eaf1a5b73e6c,MAINTENANCE,MODIFIED_SERVICE,Some trains run to a changed timetable. Trackwork at Wolli Creek may affect how you travel,"Wednesday 30 September and Thursday 1 October
Nightly from 9:50PM to 1:30AM, trains between Sydenham and the City Circle run to a changed timetable.
Nightly from 10:10PM to 1:30AM, trackwork at Wolli Creek may affect how you travel to T4 Eastern Suburbs & Illawarra or South Coast Line stations.
T4 Eastern Suburbs & Illawarra and South Coast Line trains do not stop at Wolli Creek. Buses run between Sydenham, Wolli Creek and Arncliffe.
Change at Central for T4 Eastern Suburbs & Illawarra or South Coast Line trains.",APS_2d,3209398359404724700,2026-09-30 11:50:00+00:00,2026-09-30 15:30:00+00:00
b44c15ce-6501-59ae-adb4-eaf1a5b73e6c,MAINTENANCE,MODIFIED_SERVICE,Some trains run to a changed timetable. Trackwork at Wolli Creek may affect how you travel,"Wednesday 30 September and Thursday 1 October
Nightly from 9:50PM to 1:30AM, trains between Sydenham and the City Circle run to a changed timetable.
Nightly from 10:10PM to 1:30AM, trackwork at Wolli Creek may affect how you travel to T4 Eastern Suburbs & Illawarra or South Coast Line stations.
T4 Eastern Suburbs & Illawarra and South Coast Line trains do not stop at Wolli Creek. Buses run between Sydenham, Wolli Creek and Arncliffe.
Change at Central for T4 Eastern Suburbs & Illawarra or South Coast Line trains.",APS_1c,-6417094206083242795,2026-09-30 11:50:00+00:00,2026-09-30 15:30:00+00:00
b44c15ce-6501-59ae-adb4-eaf1a5b73e6c,MAINTENANCE,MODIFIED_SERVICE,Some trains run to a changed timetable. Trackwork at Wolli Creek may affect how you travel,"Wednesday 30 September and Thursday 1 October
Nightly from 9:50PM to 1:30AM, trains between Sydenham and the City Circle run to a changed timetable.
Nightly from 10:10PM to 1:30AM, trackwork at Wolli Creek may affect how you travel to T4 Eastern Suburbs & Illawarra or South Coast Line stations.
T4 Eastern Suburbs & Illawarra and South Coast Line trains do not stop at Wolli Creek. Buses run between Sydenham, Wolli Creek and Arncliffe.
Change at Central for T4 Eastern Suburbs & Illawarra or South Coast Line trains.",APS_1e,3446910552962544978,2026-09-30 11:50:00+00:00,2026-09-30 15:30:00+00:00
b2e90342-af67-50e3-a804-329d980f269b,MAINTENANCE,MODIFIED_SERVICE,Extra trains run between Leppington and the City via Regents Park,"Sunday 4 October
From 5:30AM to 9:40AM, extra trains run between Leppington and the City via Regents Park.",BNK_2b,-6006373974454194731,2026-10-03 18:30:00+00:00,2026-10-03 22:40:03+00:00
b2e90342-af67-50e3-a804-329d980f269b,MAINTENANCE,MODIFIED_SERVICE,Extra trains run between Leppington and the City via Regents Park,"Sunday 4 October
From 5:30AM to 9:40AM, extra trains run between Leppington and the City via Regents Park.",BNK_2e,8793175541741277163,2026-10-03 18:30:00+00:00,2026-10-03 22:40:03+00:00
b2e90342-af67-50e3-a804-329d980f269b,MAINTENANCE,MODIFIED_SERVICE,Extra trains run between Leppington and the City via Regents Park,"Sunday 4 October
From 5:30AM to 9:40AM, extra trains run between Leppington and the City via Regents Park.",T3_2c,4458461905226594776,2026-10-03 18:30:00+00:00,2026-10-03 22:40:03+00:00
b2e90342-af67-50e3-a804-329d980f269b,MAINTENANCE,MODIFIED_SERVICE,Extra trains run between Leppington and the City via Regents Park,"Sunday 4 October
From 5:30AM to 9:40AM, extra trains run between Leppington and the City via Regents Park.",BNK_1a,6313364393264430797,2026-10-03 18:30:00+00:00,2026-10-03 22:40:03+00:00
408bf41a-cae7-5b05-aeb4-ffb2d8bd5029,MAINTENANCE,MODIFIED_SERVICE,Buses replace trains between Cabramatta and Granville,"Sunday 4 October
From 5:30AM to 9:40AM, buses replace trains between Cabramatta and Granville.
Trains run to a changed timetable between Leppington and the City via Regents Park, and between Richmond or Schofields and Olympic Park.
You may need to change trains at Lidcombe to continue your journey.
From 9:40AM to 11:30AM, trains run to a changed timetable between Leppington and the City via Granville, and between Schofields and Olympic Park.
You may need to change trains at Granville to continue your journey.",CMB_2a,1644696160033301445,2026-10-03 18:30:00+00:00,2026-10-04 00:30:00+00:00
d9e7ac87-a2d6-55d4-a9ef-62efa975f42b,MAINTENANCE,MODIFIED_SERVICE,Trains run to a changed timetable and stopping pattern,"Saturday 3 October
From 9:30AM to 1PM, trains run to a changed timetable between Liverpool and Lidcombe, and between Homebush and the City only.
You may need to change trains to continue your journey.
T1 Western and T2 Leppington Line trains run between Lidcombe and the City.",BNK_1c,-6876273115546089350,2026-10-03 11:30:00+00:00,2026-10-04 02:00:04+00:00
d9e7ac87-a2d6-55d4-a9ef-62efa975f42b,MAINTENANCE,MODIFIED_SERVICE,Trains run to a changed timetable and stopping pattern,"Saturday 3 October
From 9:30AM to 1PM, trains run to a changed timetable between Liverpool and Lidcombe, and between Homebush and the City only.
You may need to change trains to continue your journey.
T1 Western and T2 Leppington Line trains run between Lidcombe and the City.",BNK_2f,-4213221836035426102,2026-10-03 11:30:00+00:00,2026-10-04 02:00:04+00:00
d9e7ac87-a2d6-55d4-a9ef-62efa975f42b,MAINTENANCE,MODIFIED_SERVICE,Trains run to a changed timetable and stopping pattern,"Saturday 3 October
From 9:30AM to 1PM, trains run to a changed timetable between Liverpool and Lidcombe, and between Homebush and the City only.
You may need to change trains to continue your journey.
T1 Western and T2 Leppington Line trains run between Lidcombe and the City.",T3_2a,-5842204805049448059,2026-10-03 11:30:00+00:00,2026-10-04 02:00:04+00:00
5500f84d-e087-5748-af79-f76f9d478444,MAINTENANCE,MODIFIED_SERVICE,Trains run to a changed timetable and stopping pattern,"Monday 5 October
From 9:30AM to 1PM, trains run to a changed timetable between Liverpool and Lidcombe, and between Homebush and the City only.
You may need to change trains to continue your journey.
T1 Western and T2 Leppington Line trains run between Lidcombe and the City.",BNK_2a,655547182426901944,2026-10-04 22:30:00+00:00,2026-10-05 02:00:31+00:00
a7a3ff7c-2231-5430-a38f-0ddeb000b242,MAINTENANCE,MODIFIED_SERVICE,Some trains run to a changed timetable and stopping pattern,"Monday 5 October
From 11:50PM to 1:30AM, some trains run between Richmond or Leppington and Olympic Park.
You may need to change trains at Granville to continue your journey.",CMB_1c,3823480081110772338,2026-10-05 12:50:00+00:00,2026-10-05 14:30:22+00:00
c6c4ee06-2ddc-5b1c-97bf-78c7d70a8d40,MAINTENANCE,MODIFIED_SERVICE,Buses replace trains between Port Kembla and Wollongong,"Saturday 3 to Monday 5 October 
Buses replace trains between Port Kembla and Wollongong.
Trains run between Bomaderry, Kiama and Bondi Junction, some to a changed timetable.
Buses towards Wollongong may leave stations up to 15 minutes earlier than the normal train timetable.",SCO_1a,4202176109787108346,2026-10-02 16:00:00+00:00,2026-10-05 15:00:27+00:00
bb9f6b1e-829a-54f7-b18a-5f4433680e63,MAINTENANCE,MODIFIED_SERVICE,T1 North Shore Line: Trains run to a changed timetable and stopping pattern,"Monday 5 October
From 6PM to 2AM, trains run between Berowra and the City, continuing to Ashfield.
Express buses replace trains between Central and Olympic Park or Rhodes.",NSN_1a,4622583836084576750,2026-10-05 07:00:00+00:00,2026-10-05 15:00:31+00:00
2296d332-0849-557b-9655-7b386b02a419,MAINTENANCE,MODIFIED_SERVICE,Buses replace trains between Olympic Park and Ashfield or Central,"Monday 5 October
From 6:00PM to 2:00AM, buses replace trains between Olympic Park and Ashfield. Express buses also run between Olympic Park and Central.
Replacement buses do not leave from Lidcombe.
Trains run to a changed timetable between:
- Leppington and Olympic Park
- Glenfield and the City via the Airport
- Ashfield and the City, continuing to T1 North Shore Line stations.",IWL_2e,4659744773727575182,2026-10-05 07:00:00+00:00,2026-10-05 15:00:44+00:00
2296d332-0849-557b-9655-7b386b02a419,MAINTENANCE,MODIFIED_SERVICE,Buses replace trains between Olympic Park and Ashfield or Central,"Monday 5 October
From 6:00PM to 2:00AM, buses replace trains between Olympic Park and Ashfield. Express buses also run between Olympic Park and Central.
Replacement buses do not leave from Lidcombe.
Trains run to a changed timetable between:
- Leppington and Olympic Park
- Glenfield and the City via the Airport
- Ashfield and the City, continuing to T1 North Shore Line stations.",IWL_1j,1258465799022621567,2026-10-05 07:00:00+00:00,2026-10-05 15:00:44+00:00
e0cde705-848b-5914-9472-bed39002de78,MAINTENANCE,MODIFIED_SERVICE,Buses replace trains between Olympic Park and Ashfield or Central,"Monday 5 October
From 6PM to 2AM, buses replace trains between Olympic Park and Ashfield. Express buses also run between Olympic Park and Central.
Replacement buses do not leave from Lidcombe.
Trains run to a changed timetable between:
- Liverpool and Lidcombe
- Lidcombe and Olympic Park
- Ashfield and the City, continuing to T1 North Shore Line stations.
You may need to change services to continue your journey.",BNK_1e,-9115475355294482475,2026-10-05 07:00:00+00:00,2026-10-05 15:00:53+00:00
aa8dc13b-cf94-5605-888d-0fe6a081cf8b,UNKNOWN_CAUSE,UNKNOWN_EFFECT,"Station Update - Bexley North, Kingsgrove, Lisarow and more",The warning tactiles are missing on some sections of the platform. Repairs have been arranged.  Please use caution and take care,IWL_2f,4691458740276869547,2026-08-30 19:08:43+00:00,
aa8dc13b-cf94-5605-888d-0fe6a081cf8b,UNKNOWN_CAUSE,UNKNOWN_EFFECT,"Station Update - Bexley North, Kingsgrove, Lisarow and more",The warning tactiles are missing on some sections of the platform. Repairs have been arranged.  Please use caution and take care,BNK_2a,655547182426901944,2026-08-30 19:08:43+00:00,
aa8dc13b-cf94-5605-888d-0fe6a081cf8b,UNKNOWN_CAUSE,UNKNOWN_EFFECT,"Station Update - Bexley North, Kingsgrove, Lisarow and more",The warning tactiles are missing on some sections of the platform. Repairs have been arranged.  Please use caution and take care,CCN_1a,6945390360945871574,2026-08-30 19:08:43+00:00,
7e669567-64e5-5fec-83a2-7332090518c3,UNKNOWN_CAUSE,UNKNOWN_EFFECT,Station Update - Central,"From Sunday to Thursday, between 10pm and 5am, ceiling installation works will take place in the pedestrian tunnel between platforms 4 and 11 and the lower concourse.
 - During this time, the Redfern end stairs on Platforms 4 to 11 will be closed.
 - Customer will need to use the City end of the platform to exit via the Grand Concourse.
 - If you need assistance, ask station staff or call 9379 1777.",IWL_2f,4691458740276869547,2026-08-06 00:30:06+00:00,
7e669567-64e5-5fec-83a2-7332090518c3,UNKNOWN_CAUSE,UNKNOWN_EFFECT,Station Update - Central,"From Sunday to Thursday, between 10pm and 5am, ceiling installation works will take place in the pedestrian tunnel between platforms 4 and 11 and the lower concourse.
 - During this time, the Redfern end stairs on Platforms 4 to 11 will be closed.
 - Customer will need to use the City end of the platform to exit via the Grand Concourse.
 - If you need assistance, ask station staff or call 9379 1777.",BNK_2h,3013139253553952589,2026-08-06 00:30:06+00:00,
7e669567-64e5-5fec-83a2-7332090518c3,UNKNOWN_CAUSE,UNKNOWN_EFFECT,Station Update - Central,"From Sunday to Thursday, between 10pm and 5am, ceiling installation works will take place in the pedestrian tunnel between platforms 4 and 11 and the lower concourse.
 - During this time, the Redfern end stairs on Platforms 4 to 11 will be closed.
 - Customer will need to use the City end of the platform to exit via the Grand Concourse.
 - If you need assistance, ask station staff or call 9379 1777.",T3_2a,-5842204805049448059,2026-08-06 00:30:06+00:00,
7e669567-64e5-5fec-83a2-7332090518c3,UNKNOWN_CAUSE,UNKNOWN_EFFECT,Station Update - Central,"From Sunday to Thursday, between 10pm and 5am, ceiling installation works will take place in the pedestrian tunnel between platforms 4 and 11 and the lower concourse.
 - During this time, the Redfern end stairs on Platforms 4 to 11 will be closed.
 - Customer will need to use the City end of the platform to exit via the Grand Concourse.
 - If you need assistance, ask station staff or call 9379 1777.",ESI_2c,5285933596947171244,2026-08-06 00:30:06+00:00,
7e669567-64e5-5fec-83a2-7332090518c3,UNKNOWN_CAUSE,UNKNOWN_EFFECT,Station Update - Central,"From Sunday to Thursday, between 10pm and 5am, ceiling installation works will take place in the pedestrian tunnel between platforms 4 and 11 and the lower concourse.
 - During this time, the Redfern end stairs on Platforms 4 to 11 will be closed.
 - Customer will need to use the City end of the platform to exit via the Grand Concourse.
 - If you need assistance, ask station staff or call 9379 1777.",APS_2c,2798141468541829682,2026-08-06 00:30:06+00:00,
7e669567-64e5-5fec-83a2-7332090518c3,UNKNOWN_CAUSE,UNKNOWN_EFFECT,Station Update - Central,"From Sunday to Thursday, between 10pm and 5am, ceiling installation works will take place in the pedestrian tunnel between platforms 4 and 11 and the lower concourse.
 - During this time, the Redfern end stairs on Platforms 4 to 11 will be closed.
 - Customer will need to use the City end of the platform to exit via the Grand Concourse.
 - If you need assistance, ask station staff or call 9379 1777.",T3_1c,-1482151186623865843,2026-08-06 00:30:06+00:00,
7e669567-64e5-5fec-83a2-7332090518c3,UNKNOWN_CAUSE,UNKNOWN_EFFECT,Station Update - Central,"From Sunday to Thursday, between 10pm and 5am, ceiling installation works will take place in the pedestrian tunnel between platforms 4 and 11 and the lower concourse.
 - During this time, the Redfern end stairs on Platforms 4 to 11 will be closed.
 - Customer will need to use the City end of the platform to exit via the Grand Concourse.
 - If you need assistance, ask station staff or call 9379 1777.",T3_1d,6228501476923438915,2026-08-06 00:30:06+00:00,
7e669567-64e5-5fec-83a2-7332090518c3,UNKNOWN_CAUSE,UNKNOWN_EFFECT,Station Update - Central,"From Sunday to Thursday, between 10pm and 5am, ceiling installation works will take place in the pedestrian tunnel between platforms 4 and 11 and the lower concourse.
 - During this time, the Redfern end stairs on Platforms 4 to 11 will be closed.
 - Customer will need to use the City end of the platform to exit via the Grand Concourse.
 - If you need assistance, ask station staff or call 9379 1777.",NTH_1a,8283204442033751644,2026-08-06 00:30:06+00:00,
7e669567-64e5-5fec-83a2-7332090518c3,UNKNOWN_CAUSE,UNKNOWN_EFFECT,Station Update - Central,"From Sunday to Thursday, between 10pm and 5am, ceiling installation works will take place in the pedestrian tunnel between platforms 4 and 11 and the lower concourse.
 - During this time, the Redfern end stairs on Platforms 4 to 11 will be closed.
 - Customer will need to use the City end of the platform to exit via the Grand Concourse.
 - If you need assistance, ask station staff or call 9379 1777.",BMT_1,-2224808403655777439,2026-08-06 00:30:06+00:00,
7e669567-64e5-5fec-83a2-7332090518c3,UNKNOWN_CAUSE,UNKNOWN_EFFECT,Station Update - Central,"From Sunday to Thursday, between 10pm and 5am, ceiling installation works will take place in the pedestrian tunnel between platforms 4 and 11 and the lower concourse.
 - During this time, the Redfern end stairs on Platforms 4 to 11 will be closed.
 - Customer will need to use the City end of the platform to exit via the Grand Concourse.
 - If you need assistance, ask station staff or call 9379 1777.",4T.T.ST23,6081952587350059143,2026-08-06 00:30:06+00:00,
7e669567-64e5-5fec-83a2-7332090518c3,UNKNOWN_CAUSE,UNKNOWN_EFFECT,Station Update - Central,"From Sunday to Thursday, between 10pm and 5am, ceiling installation works will take place in the pedestrian tunnel between platforms 4 and 11 and the lower concourse.
 - During this time, the Redfern end stairs on Platforms 4 to 11 will be closed.
 - Customer will need to use the City end of the platform to exit via the Grand Concourse.
 - If you need assistance, ask station staff or call 9379 1777.",4T.C.6301,-5480238387090784065,2026-08-06 00:30:06+00:00,
7e669567-64e5-5fec-83a2-7332090518c3,UNKNOWN_CAUSE,UNKNOWN_EFFECT,Station Update - Central,"From Sunday to Thursday, between 10pm and 5am, ceiling installation works will take place in the pedestrian tunnel between platforms 4 and 11 and the lower concourse.
 - During this time, the Redfern end stairs on Platforms 4 to 11 will be closed.
 - Customer will need to use the City end of the platform to exit via the Grand Concourse.
 - If you need assistance, ask station staff or call 9379 1777.",4T.C.7103,5143629552429420023,2026-08-06 00:30:06+00:00,
24ec6d75-368b-5a43-af39-0176e463e065,UNKNOWN_CAUSE,UNKNOWN_EFFECT,Station Update - West Ryde,"From Monday 7 September to Sunday 1 November, lift replacement works will be taking place at West Ryde Station, closing the lift between the concourse and Ryedale Road. 

During this time, lift access to the station will be available on the opposite side of the station on West Parade.

Baggage handlers will be available to assist during this time.

If you need further assistance, ask station staff or call 02 9752 8465",NTH_1b,2926858006344023531,2026-09-04 02:27:30+00:00,
e8f62d25-979f-56f6-8f2f-dfda63c1b7b8,MAINTENANCE,UNKNOWN_EFFECT,"Cumberland Line, Leppington & Inner West Line","Allow extra travel time between Granville and Cabramatta due to urgent track repairs at Granville. Repair crews are on site and working to restore train services as soon as possible. Trains will be stopping at different platforms. Stops may change at short notice. 

Trains are not running between Granville and Cabramatta and will be diverted via Sefton to provide regular service. Customers travelling between Granville and Cabramatta via Merrylands are advised to consider catching nearby public transport services to continue their journey. We are trying to arrange replacement buses.  Please delay travel if possible or use other transport.  Well update you when we have more information. Customers should plan ahead and allow plenty of extra travel time.

For service updates, please check transport apps, information screens and listen to announcements.",IWL_1c,-2200421255733575805,2026-09-17 07:05:59+00:00,
e8f62d25-979f-56f6-8f2f-dfda63c1b7b8,MAINTENANCE,UNKNOWN_EFFECT,"Cumberland Line, Leppington & Inner West Line","Allow extra travel time between Granville and Cabramatta due to urgent track repairs at Granville. Repair crews are on site and working to restore train services as soon as possible. Trains will be stopping at different platforms. Stops may change at short notice. 

Trains are not running between Granville and Cabramatta and will be diverted via Sefton to provide regular service. Customers travelling between Granville and Cabramatta via Merrylands are advised to consider catching nearby public transport services to continue their journey. We are trying to arrange replacement buses.  Please delay travel if possible or use other transport.  Well update you when we have more information. Customers should plan ahead and allow plenty of extra travel time.

For service updates, please check transport apps, information screens and listen to announcements.",IWL_1d,7284748182596493165,2026-09-17 07:05:59+00:00,
e8f62d25-979f-56f6-8f2f-dfda63c1b7b8,MAINTENANCE,UNKNOWN_EFFECT,"Cumberland Line, Leppington & Inner West Line","Allow extra travel time between Granville and Cabramatta due to urgent track repairs at Granville. Repair crews are on site and working to restore train services as soon as possible. Trains will be stopping at different platforms. Stops may change at short notice. 

Trains are not running between Granville and Cabramatta and will be diverted via Sefton to provide regular service. Customers travelling between Granville and Cabramatta via Merrylands are advised to consider catching nearby public transport services to continue their journey. We are trying to arrange replacement buses.  Please delay travel if possible or use other transport.  Well update you when we have more information. Customers should plan ahead and allow plenty of extra travel time.

For service updates, please check transport apps, information screens and listen to announcements.",CMB_2b,299721892419967497,2026-09-17 07:05:59+00:00,
e8f62d25-979f-56f6-8f2f-dfda63c1b7b8,MAINTENANCE,UNKNOWN_EFFECT,"Cumberland Line, Leppington & Inner West Line","Urgent track repairs at Granville have been completed. Services between Cabramatta and Granville have resumed. Services may be less frequent and travel time may be longer than normal. Stops may change at short notice. Delays up to 15 minutes may continue as services recover.

For service updates, please check transport apps, information screens and listen to announcements.",CMB_1c,3823480081110772338,2026-09-17 07:25:04+00:00,
e8f62d25-979f-56f6-8f2f-dfda63c1b7b8,MAINTENANCE,UNKNOWN_EFFECT,"Cumberland Line, Leppington & Inner West Line","Urgent track repairs at Granville have been completed. Services between Cabramatta and Granville have resumed. Services may be less frequent and travel time may be longer than normal. Stops may change at short notice. Delays up to 15 minutes may continue as services recover.

For service updates, please check transport apps, information screens and listen to announcements.",IWL_1e,2161230079104197071,2026-09-17 07:25:04+00:00,
e8f62d25-979f-56f6-8f2f-dfda63c1b7b8,MAINTENANCE,UNKNOWN_EFFECT,"Cumberland Line, Leppington & Inner West Line","Urgent track repairs at Granville have been completed. Services between Cabramatta and Granville have resumed. Services may be less frequent and travel time may be longer than normal. Stops may change at short notice. Delays up to 15 minutes may continue as services recover.

For service updates, please check transport apps, information screens and listen to announcements.",CMB_2b,299721892419967497,2026-09-17 07:25:04+00:00,
b961cac8-0a10-51fd-96b1-9fe939e887d3,MAINTENANCE,MODIFIED_SERVICE,Buses replace trains between Leppington and Fairfield,"Wednesday 16 and Thursday 17 September
Nightly from 9:40PM to 1:30AM, buses replace trains between Leppington and Fairfield.
Trains run to a changed timetable between Fairfield and the City via Granville, and between Glenfield and the City via the Airport.
Some Inner West trains run to a changed timetable between Olympic Park or Homebush and the City.
Buses also replace T3 Liverpool & Inner West Line trains between Liverpool and Lidcombe.",IWL_1g,5311805744952906065,2026-09-16 11:40:00+00:00,2026-09-16 15:30:00+00:00
2ad7fb1d-1308-50c1-b8a0-fb227dc90a53,MAINTENANCE,MODIFIED_SERVICE,Buses replace trains between Liverpool and Lidcombe,"Wednesday 16 and Thursday 17 September
Nightly from 9:40PM to 1:30AM, buses replace trains between Liverpool and Lidcombe.
Trains run between Lidcombe and the City, to a changed timetable. You may need to change trains to continue your journey.
Buses also replace T2 Leppington & Inner West Line trains between Leppington and Fairfield, and T6 Lidcombe & Bankstown Line trains between Bankstown and Lidcombe.",BNK_1e,-9115475355294482475,2026-09-16 11:40:00+00:00,2026-09-16 15:30:00+00:00
2ad7fb1d-1308-50c1-b8a0-fb227dc90a53,MAINTENANCE,MODIFIED_SERVICE,Buses replace trains between Liverpool and Lidcombe,"Wednesday 16 and Thursday 17 September
Nightly from 9:40PM to 1:30AM, buses replace trains between Liverpool and Lidcombe.
Trains run between Lidcombe and the City, to a changed timetable. You may need to change trains to continue your journey.
Buses also replace T2 Leppington & Inner West Line trains between Leppington and Fairfield, and T6 Lidcombe & Bankstown Line trains between Bankstown and Lidcombe.",BNK_2e,8793175541741277163,2026-09-16 11:40:00+00:00,2026-09-16 15:30:00+00:00
43c708a8-065e-5d71-bc28-5c403486c3a5,MAINTENANCE,MODIFIED_SERVICE,Buses replace trains between Leppington and Fairfield,"Wednesday 16 and Thursday 17 September 
Nightly from 9:40PM to 1:30AM, buses replace trains between Leppington and Fairfield.
Trains run to a changed timetable between Fairfield and Richmond.",CMB_1a,8502485376767781749,2026-09-16 11:40:00+00:00,2026-09-16 15:30:00+00:00
43c708a8-065e-5d71-bc28-5c403486c3a5,MAINTENANCE,MODIFIED_SERVICE,Buses replace trains between Leppington and Fairfield,"Wednesday 16 and Thursday 17 September 
Nightly from 9:40PM to 1:30AM, buses replace trains between Leppington and Fairfield.
Trains run to a changed timetable between Fairfield and Richmond.",CMB_1c,3823480081110772338,2026-09-16 11:40:00+00:00,2026-09-16 15:30:00+00:00
6d17c60f-f62e-519a-96dd-cea7953b1650,MAINTENANCE,MODIFIED_SERVICE,Buses replace the all-stations trains between Wolli Creek and Revesby,"Sunday 20 September
From 8:40AM to 3PM, buses replace the all-stations trains between Wolli Creek and Revesby.
Express trains continue to run but do not stop at stations between Padstow and Turrella.",APS_1g,-8457744376016795793,2026-09-19 22:40:00+00:00,2026-09-20 05:00:07+00:00
3592c6c7-855b-5427-9d35-18a806a5ddd9,MAINTENANCE,MODIFIED_SERVICE,Buses replace trains between Olympic Park and Lidcombe,"Monday 21 September
From 8PM to 1AM, buses replace trains between Olympic Park and Lidcombe.",OLY_1a,1273529647987399013,2026-09-21 10:00:00+00:00,2026-09-21 15:00:33+00:00
7ef68f64-75e9-5e4b-9c31-588195f8fe45,MAINTENANCE,MODIFIED_SERVICE,"Buses replace trains between Waterfall, Cronulla and Hurstville","Monday 21 and Tuesday 22 September
Nightly from 9:50PM to 2:30AM, buses replace trains between Waterfall, Cronulla and Hurstville.
Trains run between Hurstville and Bondi Junction, some to a changed timetable.",ESI_1e,-8860949549741138520,2026-09-21 11:50:00+00:00,2026-09-21 16:30:00+00:00
46b069c9-d979-5c79-bb59-0c3cb9113a61,MAINTENANCE,MODIFIED_SERVICE,T1 North Shore Line: Buses replace Central Coast & Newcastle Line trains between Hornsby and Newcastle Interchange,"Tuesday 22 and Wednesday 23 September
Nightly from 8:30PM to 5AM, buses replace Central Coast & Newcastle Line trains between Hornsby, Berowra and Newcastle Interchange. 
T1 North Shore Line trains continue to run between Hornsby and Berowra.",NSN_2i,9218376079003314857,2026-09-22 10:30:00+00:00,2026-09-22 19:00:00+00:00
9f75f272-9f9e-5380-9282-df94e8dd6ffa,MAINTENANCE,MODIFIED_SERVICE,Buses replace trains between Bomaderry and Wollongong,"Friday 25 September
From 2:50PM, buses replace trains from Wollongong to Bomaderry.
From 3:50PM, buses replace trains from Bomaderry to Wollongong.
Trains run between Port Kembla, Wollongong and Bondi Junction, some to a changed timetable.
Buses do not run to the train timetable. If connecting with trains at Wollongong you may need to catch an earlier bus to ensure you meet your train connection.",SCO_1a,4202176109787108346,2026-09-25 04:50:00+00:00,2026-09-25 16:00:44+00:00
ac845045-d0c0-5a48-bdc9-40b302357093,MAINTENANCE,MODIFIED_SERVICE,Buses replace trains between Cabramatta and Granville,"Saturday 26 and Sunday 27 September
Buses replace trains between Cabramatta and Granville.
Trains run to a changed timetable and stopping pattern between Leppington and the City via Regents Park.
Change at:
- Cabramatta for buses to Canley Vale, Fairfield, Yennora, Guildford and Merrylands, or
- Lidcombe for trains towards Granville or T1 Western Line stations.",IWL_2g,4132240000327817005,2026-09-25 16:00:00+00:00,2026-09-27 16:00:19+00:00
ac845045-d0c0-5a48-bdc9-40b302357093,MAINTENANCE,MODIFIED_SERVICE,Buses replace trains between Cabramatta and Granville,"Saturday 26 and Sunday 27 September
Buses replace trains between Cabramatta and Granville.
Trains run to a changed timetable and stopping pattern between Leppington and the City via Regents Park.
Change at:
- Cabramatta for buses to Canley Vale, Fairfield, Yennora, Guildford and Merrylands, or
- Lidcombe for trains towards Granville or T1 Western Line stations.",IWL_1e,2161230079104197071,2026-09-25 16:00:00+00:00,2026-09-27 16:00:19+00:00
458650b8-76af-5f3c-b00c-a3a2e2d130be,MAINTENANCE,MODIFIED_SERVICE,Buses replace trains between Bomaderry and Wollongong,"Saturday 26 and Sunday 27 September
Buses replace trains between Bomaderry and Wollongong.
Trains run between Port Kembla, Wollongong and Bondi Junction, some to a changed timetable.
Buses do not run to the train timetable. If connecting with trains at Wollongong you may need to catch an earlier bus to ensure you meet your train connection.
Sydney Metro trackwork may affect how you travel. Metro services do not run between Sydenham and Chatswood.
Use trains between Central and Epping or Chatswood.",SCO_1a,4202176109787108346,2026-09-25 16:00:00+00:00,2026-09-27 16:00:25+00:00
7a1297c1-0f7c-5fc3-95c7-fd1e7b580d1a,MAINTENANCE,MODIFIED_SERVICE,Buses replace trains between Cabramatta and Granville,"Saturday 26 and Sunday 27 September
Buses replace trains between Cabramatta and Granville.
Trains run to a changed timetable and stopping pattern between Leppington and the City via Regents Park, and between Schofields and Olympic Park.",CMB_2d,-1209867813534204200,2026-09-25 16:00:00+00:00,2026-09-27 16:00:39+00:00
039b54e3-bd3b-5f93-b4c1-9fa68ae248a8,MAINTENANCE,MODIFIED_SERVICE,Trains run to a changed timetable and stopping pattern,"Saturday 26 and Sunday 27 September
Trains run to a changed timetable and stopping pattern between Leppington and the City.
You may need to change trains if travelling to Inner West stations.",BNK_1c,-6876273115546089350,2026-09-25 16:00:00+00:00,2026-09-27 16:00:47+00:00
039b54e3-bd3b-5f93-b4c1-9fa68ae248a8,MAINTENANCE,MODIFIED_SERVICE,Trains run to a changed timetable and stopping pattern,"Saturday 26 and Sunday 27 September
Trains run to a changed timetable and stopping pattern between Leppington and the City.
You may need to change trains if travelling to Inner West stations.",T3_1a,-7189270326134903042,2026-09-25 16:00:00+00:00,2026-09-27 16:00:47+00:00
039b54e3-bd3b-5f93-b4c1-9fa68ae248a8,MAINTENANCE,MODIFIED_SERVICE,Trains run to a changed timetable and stopping pattern,"Saturday 26 and Sunday 27 September
Trains run to a changed timetable and stopping pattern between Leppington and the City.
You may need to change trains if travelling to Inner West stations.",T3_1c,-1482151186623865843,2026-09-25 16:00:00+00:00,2026-09-27 16:00:47+00:00
2ded9af6-6f3d-5fb4-b035-a8aa19c29de9,MAINTENANCE,MODIFIED_SERVICE,T1 North Shore Line: Buses replace trains between Hornsby and Milsons Point. Use metro services between Chatswood and the City,"Monday 28 and Tuesday 29 September
Nightly from 9:20PM to 1:30AM, buses replace trains from Hornsby to Milsons Point.
Nightly from 9:50PM to 1:30AM, buses replace trains from Milsons Point to Hornsby.
Use metro services between Chatswood and the City.",NSN_2a,9187031006395744173,2026-09-28 11:20:00+00:00,2026-09-28 15:30:00+00:00
ec6e4c02-fc7d-51ab-8e57-8dcf792d6c6f,MAINTENANCE,MODIFIED_SERVICE,T1 Western Line: Buses replace trains between Emu Plains and St Marys,"Monday 28 and Tuesday 29 September
Nightly from 9:40PM to 4AM, buses replace trains between Emu Plains and St Marys.
Trains run between St Marys and Central, platforms 1-14 only.
Trackwork also affects T1 North Shore Line trains. Use metro services to Victoria Cross, Crows Nest or Chatswood, then change for replacement buses.
Tuesday and Wednesday, buses replace the 03:09 and 03:47 Emu Plains to the City trains from Emu Plains to St Marys.",WST_2d,-6255990460352317300,2026-09-28 11:40:00+00:00,2026-09-28 18:00:00+00:00
ee0d0ca9-7e69-5d24-9b92-c84f13f8126b,MAINTENANCE,MODIFIED_SERVICE,Trains run to a changed timetable and stopping pattern,"Trains run to a changed timetable and stopping pattern
 
Wednesday 30 September
From 10:30PM to 1:30AM, Inner West trains run between Ashfield and the City Circle only.
Leppington trains do not stop at Ashfield or Newtown.
T1 Western Line trains make extra stops at Homebush and Burwood. T9 Northern Line trains make extra stops at Croydon and Ashfield.
You may need to change trains to continue your journey.",IWL_2c,-7246217427817351284,2026-09-30 12:30:02+00:00,2026-09-30 15:30:00+00:00
669c9f49-5476-55f3-a619-192e1e529f0d,MAINTENANCE,MODIFIED_SERVICE,Trains run to a changed timetable and stopping pattern,"Wednesday 30 September
From 10:20PM to 1:30AM, trains run to a changed timetable between Liverpool and Lidcombe only. Change trains at Lidcombe to continue your journey.
Inner West trains run between Ashfield and the City Circle.
T1 Western Line trains run between Lidcombe and the City, making extra stops at Homebush and Burwood.
T9 Northern Line trains make extra stops at Croydon and Ashfield.",BNK_2f,-4213221836035426102,2026-09-30 12:20:00+00:00,2026-09-30 15:30:26+00:00
6d45fcc6-a371-5981-aec1-119ae204ddf0,MAINTENANCE,MODIFIED_SERVICE,Trains run to a changed timetable and reduced frequency,"Saturday 3 October
From 9:30AM to 1PM, trains run to a changed timetable and reduced frequency, every 30 minutes.​",T6_2a,-5911806343721876623,2026-10-02 23:30:00+00:00,2026-10-03 03:00:58+00:00
77a58cd0-8ce8-5e8d-8c92-db8cbf4b7826,MAINTENANCE,MODIFIED_SERVICE,Buses replace trains between Cabramatta and Granville,"Sunday 4 October
From 5:30AM to 9:40AM, buses replace trains between Cabramatta and Granville.
Trains run to a changed timetable between Leppington and the City via Regents Park.",IWL_2g,4132240000327817005,2026-10-03 18:30:00+00:00,2026-10-03 22:40:00+00:00
b2e90342-af67-50e3-a804-329d980f269b,MAINTENANCE,MODIFIED_SERVICE,Extra trains run between Leppington and the City via Regents Park,"Sunday 4 October
From 5:30AM to 9:40AM, extra trains run between Leppington and the City via Regents Park.",BNK_2d,-669550999481604271,2026-10-03 18:30:00+00:00,2026-10-03 22:40:03+00:00
d9e7ac87-a2d6-55d4-a9ef-62efa975f42b,MAINTENANCE,MODIFIED_SERVICE,Trains run to a changed timetable and stopping pattern,"Saturday 3 October
From 9:30AM to 1PM, trains run to a changed timetable between Liverpool and Lidcombe, and between Homebush and the City only.
You may need to change trains to continue your journey.
T1 Western and T2 Leppington Line trains run between Lidcombe and the City.",T3_2b,-923579374989113359,2026-10-03 11:30:00+00:00,2026-10-04 02:00:04+00:00
dcf27602-c9ca-5554-b0d8-65d342dc6e9e,MAINTENANCE,MODIFIED_SERVICE,Buses replace trains between Rhodes and Ashfield or Central,"Monday 5 October
From 6:00PM to 2:00AM, buses replace trains between Rhodes and Ashfield. 
Use metro services between Epping and the City.
Trains run to a changed timetable between Hornsby and Rhodes, and between Ashfield and the City.",NTH_1a,8283204442033751644,2026-10-05 07:00:00+00:00,2026-10-05 15:00:21+00:00
cbec43e6-b4dd-55dc-93a8-c2fd507d9bd8,MAINTENANCE,MODIFIED_SERVICE,T1 Western Line: Buses replace trains between Olympic Park and Ashfield or Central,"Monday 5 October
From 6PM to 2AM, buses replace trains between Olympic Park and Ashfield. Express buses also run between Olympic Park and Central.
Replacement buses do not leave from Lidcombe.
Trains run to a changed timetable between:
- Penrith and Olympic Park
- Richmond and Liverpool
- Ashfield and the City, continuing to T1 North Shore Line stations.
You may need to change services to continue your journey.",WST_2d,-6255990460352317300,2026-10-05 07:00:00+00:00,2026-10-05 15:00:28+00:00
2296d332-0849-557b-9655-7b386b02a419,MAINTENANCE,MODIFIED_SERVICE,Buses replace trains between Olympic Park and Ashfield or Central,"Monday 5 October
From 6:00PM to 2:00AM, buses replace trains between Olympic Park and Ashfield. Express buses also run between Olympic Park and Central.
Replacement buses do not leave from Lidcombe.
Trains run to a changed timetable between:
- Leppington and Olympic Park
- Glenfield and the City via the Airport
- Ashfield and the City, continuing to T1 North Shore Line stations.",IWL_2d,-8761173739318814829,2026-10-05 07:00:00+00:00,2026-10-05 15:00:44+00:00
aa8dc13b-cf94-5605-888d-0fe6a081cf8b,UNKNOWN_CAUSE,UNKNOWN_EFFECT,"Station Update - Bexley North, Kingsgrove, Lisarow and more",The warning tactiles are missing on some sections of the platform. Repairs have been arranged.  Please use caution and take care,IWL_2d,-8761173739318814829,2026-08-30 19:08:43+00:00,
aa8dc13b-cf94-5605-888d-0fe6a081cf8b,UNKNOWN_CAUSE,UNKNOWN_EFFECT,"Station Update - Bexley North, Kingsgrove, Lisarow and more",The warning tactiles are missing on some sections of the platform. Repairs have been arranged.  Please use caution and take care,BMT_2,2347072026132267080,2026-08-30 19:08:43+00:00,
aa8dc13b-cf94-5605-888d-0fe6a081cf8b,UNKNOWN_CAUSE,UNKNOWN_EFFECT,"Station Update - Bexley North, Kingsgrove, Lisarow and more",The warning tactiles are missing on some sections of the platform. Repairs have been arranged.  Please use caution and take care,T3_1d,6228501476923438915,2026-08-30 19:08:43+00:00,
aa8dc13b-cf94-5605-888d-0fe6a081cf8b,UNKNOWN_CAUSE,UNKNOWN_EFFECT,"Station Update - Bexley North, Kingsgrove, Lisarow and more",The warning tactiles are missing on some sections of the platform. Repairs have been arranged.  Please use caution and take care,OLY_1b,-3865546843487294607,2026-08-30 19:08:43+00:00,
aa8dc13b-cf94-5605-888d-0fe6a081cf8b,UNKNOWN_CAUSE,UNKNOWN_EFFECT,"Station Update - Bexley North, Kingsgrove, Lisarow and more",The warning tactiles are missing on some sections of the platform. Repairs have been arranged.  Please use caution and take care,APS_1d,3077076688999136044,2026-08-30 19:08:43+00:00,
aa8dc13b-cf94-5605-888d-0fe6a081cf8b,UNKNOWN_CAUSE,UNKNOWN_EFFECT,"Station Update - Bexley North, Kingsgrove, Lisarow and more",The warning tactiles are missing on some sections of the platform. Repairs have been arranged.  Please use caution and take care,APS_1g,-8457744376016795793,2026-08-30 19:08:43+00:00,
7e669567-64e5-5fec-83a2-7332090518c3,UNKNOWN_CAUSE,UNKNOWN_EFFECT,Station Update - Central,"From Sunday to Thursday, between 10pm and 5am, ceiling installation works will take place in the pedestrian tunnel between platforms 4 and 11 and the lower concourse.
 - During this time, the Redfern end stairs on Platforms 4 to 11 will be closed.
 - Customer will need to use the City end of the platform to exit via the Grand Concourse.
 - If you need assistance, ask station staff or call 9379 1777.",IWL_2i,-4396571606196770016,2026-08-06 00:30:06+00:00,
7e669567-64e5-5fec-83a2-7332090518c3,UNKNOWN_CAUSE,UNKNOWN_EFFECT,Station Update - Central,"From Sunday to Thursday, between 10pm and 5am, ceiling installation works will take place in the pedestrian tunnel between platforms 4 and 11 and the lower concourse.
 - During this time, the Redfern end stairs on Platforms 4 to 11 will be closed.
 - Customer will need to use the City end of the platform to exit via the Grand Concourse.
 - If you need assistance, ask station staff or call 9379 1777.",ESI_2e,6893476243656098456,2026-08-06 00:30:06+00:00,
7e669567-64e5-5fec-83a2-7332090518c3,UNKNOWN_CAUSE,UNKNOWN_EFFECT,Station Update - Central,"From Sunday to Thursday, between 10pm and 5am, ceiling installation works will take place in the pedestrian tunnel between platforms 4 and 11 and the lower concourse.
 - During this time, the Redfern end stairs on Platforms 4 to 11 will be closed.
 - Customer will need to use the City end of the platform to exit via the Grand Concourse.
 - If you need assistance, ask station staff or call 9379 1777.",4T.C.4202,7565339224718056006,2026-08-06 00:30:06+00:00,
7e669567-64e5-5fec-83a2-7332090518c3,UNKNOWN_CAUSE,UNKNOWN_EFFECT,Station Update - Central,"From Sunday to Thursday, between 10pm and 5am, ceiling installation works will take place in the pedestrian tunnel between platforms 4 and 11 and the lower concourse.
 - During this time, the Redfern end stairs on Platforms 4 to 11 will be closed.
 - Customer will need to use the City end of the platform to exit via the Grand Concourse.
 - If you need assistance, ask station staff or call 9379 1777.",4T.C.6402,-3859249259102205070,2026-08-06 00:30:06+00:00,
7e669567-64e5-5fec-83a2-7332090518c3,UNKNOWN_CAUSE,UNKNOWN_EFFECT,Station Update - Central,"From Sunday to Thursday, between 10pm and 5am, ceiling installation works will take place in the pedestrian tunnel between platforms 4 and 11 and the lower concourse.
 - During this time, the Redfern end stairs on Platforms 4 to 11 will be closed.
 - Customer will need to use the City end of the platform to exit via the Grand Concourse.
 - If you need assistance, ask station staff or call 9379 1777.",4T.T.SHL,9008719775223620732,2026-08-06 00:30:06+00:00,
7e669567-64e5-5fec-83a2-7332090518c3,UNKNOWN_CAUSE,UNKNOWN_EFFECT,Station Update - Central,"From Sunday to Thursday, between 10pm and 5am, ceiling installation works will take place in the pedestrian tunnel between platforms 4 and 11 and the lower concourse.
 - During this time, the Redfern end stairs on Platforms 4 to 11 will be closed.
 - Customer will need to use the City end of the platform to exit via the Grand Concourse.
 - If you need assistance, ask station staff or call 9379 1777.",IWL_1a,-460769293585121233,2026-08-06 00:30:06+00:00,
7e669567-64e5-5fec-83a2-7332090518c3,UNKNOWN_CAUSE,UNKNOWN_EFFECT,Station Update - Central,"From Sunday to Thursday, between 10pm and 5am, ceiling installation works will take place in the pedestrian tunnel between platforms 4 and 11 and the lower concourse.
 - During this time, the Redfern end stairs on Platforms 4 to 11 will be closed.
 - Customer will need to use the City end of the platform to exit via the Grand Concourse.
 - If you need assistance, ask station staff or call 9379 1777.",CCN_1b,-5236434750823934246,2026-08-06 00:30:06+00:00,
7e669567-64e5-5fec-83a2-7332090518c3,UNKNOWN_CAUSE,UNKNOWN_EFFECT,Station Update - Central,"From Sunday to Thursday, between 10pm and 5am, ceiling installation works will take place in the pedestrian tunnel between platforms 4 and 11 and the lower concourse.
 - During this time, the Redfern end stairs on Platforms 4 to 11 will be closed.
 - Customer will need to use the City end of the platform to exit via the Grand Concourse.
 - If you need assistance, ask station staff or call 9379 1777.",CCN_1c,7107036069782603127,2026-08-06 00:30:06+00:00,
7e669567-64e5-5fec-83a2-7332090518c3,UNKNOWN_CAUSE,UNKNOWN_EFFECT,Station Update - Central,"From Sunday to Thursday, between 10pm and 5am, ceiling installation works will take place in the pedestrian tunnel between platforms 4 and 11 and the lower concourse.
 - During this time, the Redfern end stairs on Platforms 4 to 11 will be closed.
 - Customer will need to use the City end of the platform to exit via the Grand Concourse.
 - If you need assistance, ask station staff or call 9379 1777.",SCO_1b,-3539652250674250885,2026-08-06 00:30:06+00:00,
7e669567-64e5-5fec-83a2-7332090518c3,UNKNOWN_CAUSE,UNKNOWN_EFFECT,Station Update - Central,"From Sunday to Thursday, between 10pm and 5am, ceiling installation works will take place in the pedestrian tunnel between platforms 4 and 11 and the lower concourse.
 - During this time, the Redfern end stairs on Platforms 4 to 11 will be closed.
 - Customer will need to use the City end of the platform to exit via the Grand Concourse.
 - If you need assistance, ask station staff or call 9379 1777.",4T.C.4323,-8175777755711304854,2026-08-06 00:30:06+00:00,
e8f62d25-979f-56f6-8f2f-dfda63c1b7b8,MAINTENANCE,UNKNOWN_EFFECT,"Cumberland Line, Leppington & Inner West Line","Allow extra travel time between Granville and Cabramatta due to urgent track repairs at Granville. Repair crews are on site and working to restore train services as soon as possible. Trains will be stopping at different platforms. Stops may change at short notice. 

Trains are not running between Granville and Cabramatta and will be diverted via Sefton to provide regular service. Customers travelling between Granville and Cabramatta via Merrylands are advised to consider catching nearby public transport services to continue their journey. We are trying to arrange replacement buses.  Please delay travel if possible or use other transport.  Well update you when we have more information. Customers should plan ahead and allow plenty of extra travel time.

For service updates, please check transport apps, information screens and listen to announcements.",CMB_1b,-2936976510359900114,2026-09-17 07:05:59+00:00,
e8f62d25-979f-56f6-8f2f-dfda63c1b7b8,MAINTENANCE,UNKNOWN_EFFECT,"Cumberland Line, Leppington & Inner West Line","Allow extra travel time between Granville and Cabramatta due to urgent track repairs at Granville. Repair crews are on site and working to restore train services as soon as possible. Trains will be stopping at different platforms. Stops may change at short notice. 

Trains are not running between Granville and Cabramatta and will be diverted via Sefton to provide regular service. Customers travelling between Granville and Cabramatta via Merrylands are advised to consider catching nearby public transport services to continue their journey. We are trying to arrange replacement buses.  Please delay travel if possible or use other transport.  Well update you when we have more information. Customers should plan ahead and allow plenty of extra travel time.

For service updates, please check transport apps, information screens and listen to announcements.",CMB_1c,3823480081110772338,2026-09-17 07:05:59+00:00,
e8f62d25-979f-56f6-8f2f-dfda63c1b7b8,MAINTENANCE,UNKNOWN_EFFECT,"Cumberland Line, Leppington & Inner West Line","Allow extra travel time between Granville and Cabramatta due to urgent track repairs at Granville. Repair crews are on site and working to restore train services as soon as possible. Trains will be stopping at different platforms. Stops may change at short notice. 

Most trains will be diverted via Sefton to provide regular service. Customers travelling between Granville and Cabramatta via Merrylands are advised to consider catching nearby public transport services to continue their journey. We are trying to arrange replacement buses.  Please delay travel if possible or use other transport.  Well update you when we have more information. Customers should plan ahead and allow plenty of extra travel time.

For service updates, please check transport apps, information screens and listen to announcements.",IWL_1e,2161230079104197071,2026-09-17 06:50:04+00:00,
e8f62d25-979f-56f6-8f2f-dfda63c1b7b8,MAINTENANCE,UNKNOWN_EFFECT,"Cumberland Line, Leppington & Inner West Line","Allow extra travel time between Granville and Cabramatta due to urgent track repairs at Granville. Repair crews are on site and working to restore train services as soon as possible. Trains will be stopping at different platforms. Stops may change at short notice. 

Most trains will be diverted via Sefton to provide regular service. Customers travelling between Granville and Cabramatta via Merrylands are advised to consider catching nearby public transport services to continue their journey. We are trying to arrange replacement buses.  Please delay travel if possible or use other transport.  Well update you when we have more information. Customers should plan ahead and allow plenty of extra travel time.

For service updates, please check transport apps, information screens and listen to announcements.",IWL_1h,6999377604685702146,2026-09-17 06:50:04+00:00,
e8f62d25-979f-56f6-8f2f-dfda63c1b7b8,MAINTENANCE,UNKNOWN_EFFECT,"Cumberland Line, Leppington & Inner West Line","Allow extra travel time between Granville and Cabramatta due to urgent track repairs at Granville. Repair crews are on site and working to restore train services as soon as possible. Trains will be stopping at different platforms. Stops may change at short notice. 

Most trains will be diverted via Sefton to provide regular service. Customers travelling between Granville and Cabramatta via Merrylands are advised to consider catching nearby public transport services to continue their journey. We are trying to arrange replacement buses.  Please delay travel if possible or use other transport.  Well update you when we have more information. Customers should plan ahead and allow plenty of extra travel time.

For service updates, please check transport apps, information screens and listen to announcements.",CMB_2b,299721892419967497,2026-09-17 06:50:04+00:00,
e8f62d25-979f-56f6-8f2f-dfda63c1b7b8,MAINTENANCE,UNKNOWN_EFFECT,"Cumberland Line, Leppington & Inner West Line","Allow extra travel time between Granville and Cabramatta due to urgent track repairs at Granville. Repair crews are on site and working to restore train services as soon as possible. 

Most trains will be diverted via Sefton to provide regular service. Customers travelling between Granville and Cabramatta via Merrylands are advised to consider catching nearby public transport services to continue their journey. Trains will be stopping at different platforms. Stops may change at short notice. . 

For service updates, please check transport apps, information screens and listen to announcements.",IWL_1f,1221224009602693160,2026-09-17 06:37:33+00:00,
b961cac8-0a10-51fd-96b1-9fe939e887d3,MAINTENANCE,MODIFIED_SERVICE,Buses replace trains between Leppington and Fairfield,"Wednesday 16 and Thursday 17 September
Nightly from 9:40PM to 1:30AM, buses replace trains between Leppington and Fairfield.
Trains run to a changed timetable between Fairfield and the City via Granville, and between Glenfield and the City via the Airport.
Some Inner West trains run to a changed timetable between Olympic Park or Homebush and the City.
Buses also replace T3 Liverpool & Inner West Line trains between Liverpool and Lidcombe.",IWL_2c,-7246217427817351284,2026-09-16 11:40:00+00:00,2026-09-16 15:30:00+00:00
b961cac8-0a10-51fd-96b1-9fe939e887d3,MAINTENANCE,MODIFIED_SERVICE,Buses replace trains between Leppington and Fairfield,"Wednesday 16 and Thursday 17 September
Nightly from 9:40PM to 1:30AM, buses replace trains between Leppington and Fairfield.
Trains run to a changed timetable between Fairfield and the City via Granville, and between Glenfield and the City via the Airport.
Some Inner West trains run to a changed timetable between Olympic Park or Homebush and the City.
Buses also replace T3 Liverpool & Inner West Line trains between Liverpool and Lidcombe.",IWL_2h,-5042242428352878110,2026-09-16 11:40:00+00:00,2026-09-16 15:30:00+00:00
b961cac8-0a10-51fd-96b1-9fe939e887d3,MAINTENANCE,MODIFIED_SERVICE,Buses replace trains between Leppington and Fairfield,"Wednesday 16 and Thursday 17 September
Nightly from 9:40PM to 1:30AM, buses replace trains between Leppington and Fairfield.
Trains run to a changed timetable between Fairfield and the City via Granville, and between Glenfield and the City via the Airport.
Some Inner West trains run to a changed timetable between Olympic Park or Homebush and the City.
Buses also replace T3 Liverpool & Inner West Line trains between Liverpool and Lidcombe.",IWL_2j,-1303612948344505806,2026-09-16 11:40:00+00:00,2026-09-16 15:30:00+00:00
b961cac8-0a10-51fd-96b1-9fe939e887d3,MAINTENANCE,MODIFIED_SERVICE,Buses replace trains between Leppington and Fairfield,"Wednesday 16 and Thursday 17 September
Nightly from 9:40PM to 1:30AM, buses replace trains between Leppington and Fairfield.
Trains run to a changed timetable between Fairfield and the City via Granville, and between Glenfield and the City via the Airport.
Some Inner West trains run to a changed timetable between Olympic Park or Homebush and the City.
Buses also replace T3 Liverpool & Inner West Line trains between Liverpool and Lidcombe.",IWL_1a,-460769293585121233,2026-09-16 11:40:00+00:00,2026-09-16 15:30:00+00:00
6d17c60f-f62e-519a-96dd-cea7953b1650,MAINTENANCE,MODIFIED_SERVICE,Buses replace the all-stations trains between Wolli Creek and Revesby,"Sunday 20 September
From 8:40AM to 3PM, buses replace the all-stations trains between Wolli Creek and Revesby.
Express trains continue to run but do not stop at stations between Padstow and Turrella.",APS_1d,3077076688999136044,2026-09-19 22:40:00+00:00,2026-09-20 05:00:07+00:00
d1248b74-e85c-5df1-9976-c3d6a76a783c,MAINTENANCE,MODIFIED_SERVICE,T1 North Shore Line: Buses replace trains between Hornsby and Milsons Point. Use metro services between Chatswood and the City,"Saturday 19 and Sunday 20 September
Buses replace trains between Hornsby and Milsons Point, also stopping at Crows Nest and Victoria Cross metro stations.
Use metro services between Chatswood and the City, or ferry services between Milsons Point and Circular Quay.
T9 Northern Line trains run between Berowra and Central, platforms 1-14 only.
On Sunday, some late-night buses run between T1 North Shore Line stations and Wynyard.",NSN_1a,4622583836084576750,2026-09-18 16:00:00+00:00,2026-09-20 16:00:27+00:00
d1248b74-e85c-5df1-9976-c3d6a76a783c,MAINTENANCE,MODIFIED_SERVICE,T1 North Shore Line: Buses replace trains between Hornsby and Milsons Point. Use metro services between Chatswood and the City,"Saturday 19 and Sunday 20 September
Buses replace trains between Hornsby and Milsons Point, also stopping at Crows Nest and Victoria Cross metro stations.
Use metro services between Chatswood and the City, or ferry services between Milsons Point and Circular Quay.
T9 Northern Line trains run between Berowra and Central, platforms 1-14 only.
On Sunday, some late-night buses run between T1 North Shore Line stations and Wynyard.",NSN_2a,9187031006395744173,2026-09-18 16:00:00+00:00,2026-09-20 16:00:27+00:00
57854255-0585-5e83-b4c1-59b55fd72731,MAINTENANCE,MODIFIED_SERVICE,You may need to change trains at Granville to continue your journey,"Tuesday 22 and Wednesday 23 September
Nightly from 11:50PM to 1:30AM, trains run to a changed timetable between Richmond or Leppington and Olympic Park. Some trains start and end at Granville.
You may need to change trains at Granville to continue your journey.",CMB_2d,-1209867813534204200,2026-09-22 13:50:00+00:00,2026-09-22 15:30:00+00:00
561e24bf-423a-52ba-83a5-ee081376535d,MAINTENANCE,MODIFIED_SERVICE,Sydney Metro trackwork may affect how you travel. Metro services do not run between Chatswood and Sydenham,"Saturday 26 and Sunday 27 September
Sydney Metro trackwork may affect how you travel. Metro services do not run between Chatswood and Sydenham.
Use trains between Epping or Chatswood, the City and Sydenham.",NTH_2a,8355324188916703396,2026-09-25 16:00:00+00:00,2026-09-26 16:00:24+00:00
f412b473-65bf-5133-8c12-5b4d2d09865b,MAINTENANCE,MODIFIED_SERVICE,Trains run to a changed timetable and reduced frequency,"Saturday 26 and Sunday 27 September
Trains run to a changed timetable and reduced frequency, every 30 minutes.",T6_2b,8595034154199357049,2026-09-25 16:00:00+00:00,2026-09-27 16:00:03+00:00
ac845045-d0c0-5a48-bdc9-40b302357093,MAINTENANCE,MODIFIED_SERVICE,Buses replace trains between Cabramatta and Granville,"Saturday 26 and Sunday 27 September
Buses replace trains between Cabramatta and Granville.
Trains run to a changed timetable and stopping pattern between Leppington and the City via Regents Park.
Change at:
- Cabramatta for buses to Canley Vale, Fairfield, Yennora, Guildford and Merrylands, or
- Lidcombe for trains towards Granville or T1 Western Line stations.",IWL_1d,7284748182596493165,2026-09-25 16:00:00+00:00,2026-09-27 16:00:19+00:00
a8c4b063-061e-5050-bdde-9f94fc8dce91,MAINTENANCE,MODIFIED_SERVICE,Sydney Metro trackwork may affect how you travel. Metro services do not run between Sydenham and Chatswood,"Saturday 26 and Sunday 27 September
Sydney Metro trackwork may affect how you travel. Metro services do not run between Sydenham and Chatswood.
Use trains between Sydenham, the City and Chatswood.",ESI_2e,6893476243656098456,2026-09-25 16:00:00+00:00,2026-09-27 16:00:24+00:00
a8c4b063-061e-5050-bdde-9f94fc8dce91,MAINTENANCE,MODIFIED_SERVICE,Sydney Metro trackwork may affect how you travel. Metro services do not run between Sydenham and Chatswood,"Saturday 26 and Sunday 27 September
Sydney Metro trackwork may affect how you travel. Metro services do not run between Sydenham and Chatswood.
Use trains between Sydenham, the City and Chatswood.",ESI_2f,-5513635247768088831,2026-09-25 16:00:00+00:00,2026-09-27 16:00:24+00:00
7a1297c1-0f7c-5fc3-95c7-fd1e7b580d1a,MAINTENANCE,MODIFIED_SERVICE,Buses replace trains between Cabramatta and Granville,"Saturday 26 and Sunday 27 September
Buses replace trains between Cabramatta and Granville.
Trains run to a changed timetable and stopping pattern between Leppington and the City via Regents Park, and between Schofields and Olympic Park.",CMB_2b,299721892419967497,2026-09-25 16:00:00+00:00,2026-09-27 16:00:39+00:00
039b54e3-bd3b-5f93-b4c1-9fa68ae248a8,MAINTENANCE,MODIFIED_SERVICE,Trains run to a changed timetable and stopping pattern,"Saturday 26 and Sunday 27 September
Trains run to a changed timetable and stopping pattern between Leppington and the City.
You may need to change trains if travelling to Inner West stations.",BNK_2a,655547182426901944,2026-09-25 16:00:00+00:00,2026-09-27 16:00:47+00:00
039b54e3-bd3b-5f93-b4c1-9fa68ae248a8,MAINTENANCE,MODIFIED_SERVICE,Trains run to a changed timetable and stopping pattern,"Saturday 26 and Sunday 27 September
Trains run to a changed timetable and stopping pattern between Leppington and the City.
You may need to change trains if travelling to Inner West stations.",BNK_1h,-6917538048992148610,2026-09-25 16:00:00+00:00,2026-09-27 16:00:47+00:00
3926e2a1-cf79-532a-a7c8-0787fb3006a2,MAINTENANCE,MODIFIED_SERVICE,Trains run to a changed timetable and stopping pattern,"Saturday 26 and Sunday 27 September
Trains may run to a changed timetable due to trackwork between Blacktown and Lidcombe.
Some trains between Bathurst and Lithgow also run to a changed timetable.",BMT_2,2347072026132267080,2026-09-25 16:00:00+00:00,2026-09-27 16:00:52+00:00
b2682c57-646a-5eb3-aad0-0dbfc88f6491,MAINTENANCE,MODIFIED_SERVICE,Some trains make extra stops at Croydon and Ashfield,"Wednesday 30 September
From 10:30PM to 1:30AM, some trains make extra stops at Croydon and Ashfield.",NTH_1a,8283204442033751644,2026-09-30 12:30:00+00:00,2026-09-30 15:30:01+00:00
32531557-1c2e-5a29-a8a1-9871eb185350,MAINTENANCE,MODIFIED_SERVICE,Buses replace trains between Central and Bondi Junction. Trains do not stop at Wolli Creek,"Wednesday 30 September and Thursday 1 October
Nightly from 9:50PM to 1:30AM, buses replace trains between Central and Bondi Junction, but do not stop at Martin Place.
Most trains run to a changed timetable between Cronulla, Waterfall and the City Circle, with some making extra stops at St Peters and Erskineville.
Nightly from 10:10PM to 1:30AM, trains do not stop at Wolli Creek but make an extra stop at Arncliffe.
Buses run between Sydenham, Wolli Creek and Arncliffe.
Change at Arncliffe or Sydenham for a bus to Wolli Creek or change at Central for a T8 Airport & South Line train if you have luggage or accessibility needs.",ESI_2f,-5513635247768088831,2026-09-30 11:50:00+00:00,2026-09-30 15:30:00+00:00
b44c15ce-6501-59ae-adb4-eaf1a5b73e6c,MAINTENANCE,MODIFIED_SERVICE,Some trains run to a changed timetable. Trackwork at Wolli Creek may affect how you travel,"Wednesday 30 September and Thursday 1 October
Nightly from 9:50PM to 1:30AM, trains between Sydenham and the City Circle run to a changed timetable.
Nightly from 10:10PM to 1:30AM, trackwork at Wolli Creek may affect how you travel to T4 Eastern Suburbs & Illawarra or South Coast Line stations.
T4 Eastern Suburbs & Illawarra and South Coast Line trains do not stop at Wolli Creek. Buses run between Sydenham, Wolli Creek and Arncliffe.
Change at Central for T4 Eastern Suburbs & Illawarra or South Coast Line trains.",APS_1f,-2261129489481632198,2026-09-30 11:50:00+00:00,2026-09-30 15:30:00+00:00
0c8cfac9-3202-52dd-ba23-730b5566e826,MAINTENANCE,MODIFIED_SERVICE,"At Hawkesbury River and Cowan, trains may leave from different platforms.  If travelling to Cowan you may need to change at Hawkesbury River for a bus","Saturday 3 October
From 5:30AM to 10:30AM, at Hawkesbury River and Cowan, all trains leave from platform 2.
From 7AM to 11:10AM, trains towards Hornsby do not stop at Cowan.
Buses run from Hawkesbury River to Cowan, and from Cowan to Berowra, in that direction only.
If travelling to Cowan, change at Hawkesbury River for a bus.
At Cowan, catch a bus to Berowra then change for a train to continue your journey.
Trains towards Gosford continue to stop at Cowan.",CCN_2a,-5978113767534294052,2026-10-02 19:30:00+00:00,2026-10-03 01:10:09+00:00
6d45fcc6-a371-5981-aec1-119ae204ddf0,MAINTENANCE,MODIFIED_SERVICE,Trains run to a changed timetable and reduced frequency,"Saturday 3 October
From 9:30AM to 1PM, trains run to a changed timetable and reduced frequency, every 30 minutes.​",T6_2b,8595034154199357049,2026-10-02 23:30:00+00:00,2026-10-03 03:00:58+00:00
e6814aaa-1618-5df1-b423-10576eb9f8a1,MAINTENANCE,MODIFIED_SERVICE,Buses replace trains between Newcastle Interchange and Gosford,"Saturday 3 October
Buses replace trains between Newcastle Interchange and Gosford.
Trains run between Gosford and Central, some to a changed timetable.",CCN_1a,6945390360945871574,2026-10-02 15:00:00+00:00,2026-10-03 16:00:00+00:00
e6814aaa-1618-5df1-b423-10576eb9f8a1,MAINTENANCE,MODIFIED_SERVICE,Buses replace trains between Newcastle Interchange and Gosford,"Saturday 3 October
Buses replace trains between Newcastle Interchange and Gosford.
Trains run between Gosford and Central, some to a changed timetable.",CCN_1b,-5236434750823934246,2026-10-02 15:00:00+00:00,2026-10-03 16:00:00+00:00
77a58cd0-8ce8-5e8d-8c92-db8cbf4b7826,MAINTENANCE,MODIFIED_SERVICE,Buses replace trains between Cabramatta and Granville,"Sunday 4 October
From 5:30AM to 9:40AM, buses replace trains between Cabramatta and Granville.
Trains run to a changed timetable between Leppington and the City via Regents Park.",IWL_2c,-7246217427817351284,2026-10-03 18:30:00+00:00,2026-10-03 22:40:00+00:00
77a58cd0-8ce8-5e8d-8c92-db8cbf4b7826,MAINTENANCE,MODIFIED_SERVICE,Buses replace trains between Cabramatta and Granville,"Sunday 4 October
From 5:30AM to 9:40AM, buses replace trains between Cabramatta and Granville.
Trains run to a changed timetable between Leppington and the City via Regents Park.",IWL_1c,-2200421255733575805,2026-10-03 18:30:00+00:00,2026-10-03 22:40:00+00:00
b2e90342-af67-50e3-a804-329d980f269b,MAINTENANCE,MODIFIED_SERVICE,Extra trains run between Leppington and the City via Regents Park,"Sunday 4 October
From 5:30AM to 9:40AM, extra trains run between Leppington and the City via Regents Park.",BNK_2g,7746676549497845523,2026-10-03 18:30:00+00:00,2026-10-03 22:40:03+00:00
d9e7ac87-a2d6-55d4-a9ef-62efa975f42b,MAINTENANCE,MODIFIED_SERVICE,Trains run to a changed timetable and stopping pattern,"Saturday 3 October
From 9:30AM to 1PM, trains run to a changed timetable between Liverpool and Lidcombe, and between Homebush and the City only.
You may need to change trains to continue your journey.
T1 Western and T2 Leppington Line trains run between Lidcombe and the City.",BNK_2b,-6006373974454194731,2026-10-03 11:30:00+00:00,2026-10-04 02:00:04+00:00
5500f84d-e087-5748-af79-f76f9d478444,MAINTENANCE,MODIFIED_SERVICE,Trains run to a changed timetable and stopping pattern,"Monday 5 October
From 9:30AM to 1PM, trains run to a changed timetable between Liverpool and Lidcombe, and between Homebush and the City only.
You may need to change trains to continue your journey.
T1 Western and T2 Leppington Line trains run between Lidcombe and the City.",T3_2b,-923579374989113359,2026-10-04 22:30:00+00:00,2026-10-05 02:00:31+00:00
5500f84d-e087-5748-af79-f76f9d478444,MAINTENANCE,MODIFIED_SERVICE,Trains run to a changed timetable and stopping pattern,"Monday 5 October
From 9:30AM to 1PM, trains run to a changed timetable between Liverpool and Lidcombe, and between Homebush and the City only.
You may need to change trains to continue your journey.
T1 Western and T2 Leppington Line trains run between Lidcombe and the City.",BNK_1h,-6917538048992148610,2026-10-04 22:30:00+00:00,2026-10-05 02:00:31+00:00
bb9f6b1e-829a-54f7-b18a-5f4433680e63,MAINTENANCE,MODIFIED_SERVICE,T1 North Shore Line: Trains run to a changed timetable and stopping pattern,"Monday 5 October
From 6PM to 2AM, trains run between Berowra and the City, continuing to Ashfield.
Express buses replace trains between Central and Olympic Park or Rhodes.",NSN_2i,9218376079003314857,2026-10-05 07:00:00+00:00,2026-10-05 15:00:31+00:00
6f055ffe-b484-5dc0-ab92-efbb59afb676,MAINTENANCE,MODIFIED_SERVICE,Trains run between Blue Mountains Line stations and Blacktown,"Monday 5 October
From 6PM to 2AM, trains run between Blue Mountains Line stations and Blacktown only.
Trains from Blacktown to Blue Mountains Line stations run up to 30 minutes later than the normal timetable.
T1 Western Line trains run to a changed timetable between Penrith and Olympic Park.
Buses replace trains between Olympic Park and Central.",BMT_1,-2224808403655777439,2026-10-05 07:00:00+00:00,2026-10-05 15:00:39+00:00
e0cde705-848b-5914-9472-bed39002de78,MAINTENANCE,MODIFIED_SERVICE,Buses replace trains between Olympic Park and Ashfield or Central,"Monday 5 October
From 6PM to 2AM, buses replace trains between Olympic Park and Ashfield. Express buses also run between Olympic Park and Central.
Replacement buses do not leave from Lidcombe.
Trains run to a changed timetable between:
- Liverpool and Lidcombe
- Lidcombe and Olympic Park
- Ashfield and the City, continuing to T1 North Shore Line stations.
You may need to change services to continue your journey.",T3_2b,-923579374989113359,2026-10-05 07:00:00+00:00,2026-10-05 15:00:53+00:00
aa8dc13b-cf94-5605-888d-0fe6a081cf8b,UNKNOWN_CAUSE,UNKNOWN_EFFECT,"Station Update - Bexley North, Kingsgrove, Lisarow and more",The warning tactiles are missing on some sections of the platform. Repairs have been arranged.  Please use caution and take care,IWL_2i,-4396571606196770016,2026-08-30 19:08:43+00:00,
aa8dc13b-cf94-5605-888d-0fe6a081cf8b,UNKNOWN_CAUSE,UNKNOWN_EFFECT,"Station Update - Bexley North, Kingsgrove, Lisarow and more",The warning tactiles are missing on some sections of the platform. Repairs have been arranged.  Please use caution and take care,IWL_2j,-1303612948344505806,2026-08-30 19:08:43+00:00,
aa8dc13b-cf94-5605-888d-0fe6a081cf8b,UNKNOWN_CAUSE,UNKNOWN_EFFECT,"Station Update - Bexley North, Kingsgrove, Lisarow and more",The warning tactiles are missing on some sections of the platform. Repairs have been arranged.  Please use caution and take care,BNK_2h,3013139253553952589,2026-08-30 19:08:43+00:00,
aa8dc13b-cf94-5605-888d-0fe6a081cf8b,UNKNOWN_CAUSE,UNKNOWN_EFFECT,"Station Update - Bexley North, Kingsgrove, Lisarow and more",The warning tactiles are missing on some sections of the platform. Repairs have been arranged.  Please use caution and take care,APS_2a,-8074707193682375787,2026-08-30 19:08:43+00:00,
aa8dc13b-cf94-5605-888d-0fe6a081cf8b,UNKNOWN_CAUSE,UNKNOWN_EFFECT,"Station Update - Bexley North, Kingsgrove, Lisarow and more",The warning tactiles are missing on some sections of the platform. Repairs have been arranged.  Please use caution and take care,APS_2h,-4013274463802835251,2026-08-30 19:08:43+00:00,
aa8dc13b-cf94-5605-888d-0fe6a081cf8b,UNKNOWN_CAUSE,UNKNOWN_EFFECT,"Station Update - Bexley North, Kingsgrove, Lisarow and more",The warning tactiles are missing on some sections of the platform. Repairs have been arranged.  Please use caution and take care,NTH_1a,8283204442033751644,2026-08-30 19:08:43+00:00,
7e669567-64e5-5fec-83a2-7332090518c3,UNKNOWN_CAUSE,UNKNOWN_EFFECT,Station Update - Central,"From Sunday to Thursday, between 10pm and 5am, ceiling installation works will take place in the pedestrian tunnel between platforms 4 and 11 and the lower concourse.
 - During this time, the Redfern end stairs on Platforms 4 to 11 will be closed.
 - Customer will need to use the City end of the platform to exit via the Grand Concourse.
 - If you need assistance, ask station staff or call 9379 1777.",4T.C.3406,-1626925979065498181,2026-08-06 00:30:06+00:00,
7e669567-64e5-5fec-83a2-7332090518c3,UNKNOWN_CAUSE,UNKNOWN_EFFECT,Station Update - Central,"From Sunday to Thursday, between 10pm and 5am, ceiling installation works will take place in the pedestrian tunnel between platforms 4 and 11 and the lower concourse.
 - During this time, the Redfern end stairs on Platforms 4 to 11 will be closed.
 - Customer will need to use the City end of the platform to exit via the Grand Concourse.
 - If you need assistance, ask station staff or call 9379 1777.",4T.C.4422,4429554554772414948,2026-08-06 00:30:06+00:00,
7e669567-64e5-5fec-83a2-7332090518c3,UNKNOWN_CAUSE,UNKNOWN_EFFECT,Station Update - Central,"From Sunday to Thursday, between 10pm and 5am, ceiling installation works will take place in the pedestrian tunnel between platforms 4 and 11 and the lower concourse.
 - During this time, the Redfern end stairs on Platforms 4 to 11 will be closed.
 - Customer will need to use the City end of the platform to exit via the Grand Concourse.
 - If you need assistance, ask station staff or call 9379 1777.",4T.T.SP32,1799532890110327543,2026-08-06 00:30:06+00:00,
7e669567-64e5-5fec-83a2-7332090518c3,UNKNOWN_CAUSE,UNKNOWN_EFFECT,Station Update - Central,"From Sunday to Thursday, between 10pm and 5am, ceiling installation works will take place in the pedestrian tunnel between platforms 4 and 11 and the lower concourse.
 - During this time, the Redfern end stairs on Platforms 4 to 11 will be closed.
 - Customer will need to use the City end of the platform to exit via the Grand Concourse.
 - If you need assistance, ask station staff or call 9379 1777.",4T.C.7402,-87958303458181155,2026-08-06 00:30:06+00:00,
7e669567-64e5-5fec-83a2-7332090518c3,UNKNOWN_CAUSE,UNKNOWN_EFFECT,Station Update - Central,"From Sunday to Thursday, between 10pm and 5am, ceiling installation works will take place in the pedestrian tunnel between platforms 4 and 11 and the lower concourse.
 - During this time, the Redfern end stairs on Platforms 4 to 11 will be closed.
 - Customer will need to use the City end of the platform to exit via the Grand Concourse.
 - If you need assistance, ask station staff or call 9379 1777.",IWL_1g,5311805744952906065,2026-08-06 00:30:06+00:00,
7e669567-64e5-5fec-83a2-7332090518c3,UNKNOWN_CAUSE,UNKNOWN_EFFECT,Station Update - Central,"From Sunday to Thursday, between 10pm and 5am, ceiling installation works will take place in the pedestrian tunnel between platforms 4 and 11 and the lower concourse.
 - During this time, the Redfern end stairs on Platforms 4 to 11 will be closed.
 - Customer will need to use the City end of the platform to exit via the Grand Concourse.
 - If you need assistance, ask station staff or call 9379 1777.",IWL_1i,-8590447049958111075,2026-08-06 00:30:06+00:00,
7e669567-64e5-5fec-83a2-7332090518c3,UNKNOWN_CAUSE,UNKNOWN_EFFECT,Station Update - Central,"From Sunday to Thursday, between 10pm and 5am, ceiling installation works will take place in the pedestrian tunnel between platforms 4 and 11 and the lower concourse.
 - During this time, the Redfern end stairs on Platforms 4 to 11 will be closed.
 - Customer will need to use the City end of the platform to exit via the Grand Concourse.
 - If you need assistance, ask station staff or call 9379 1777.",OLY_1b,-3865546843487294607,2026-08-06 00:30:06+00:00,
7e669567-64e5-5fec-83a2-7332090518c3,UNKNOWN_CAUSE,UNKNOWN_EFFECT,Station Update - Central,"From Sunday to Thursday, between 10pm and 5am, ceiling installation works will take place in the pedestrian tunnel between platforms 4 and 11 and the lower concourse.
 - During this time, the Redfern end stairs on Platforms 4 to 11 will be closed.
 - Customer will need to use the City end of the platform to exit via the Grand Concourse.
 - If you need assistance, ask station staff or call 9379 1777.",SCO_1a,4202176109787108346,2026-08-06 00:30:06+00:00,
e8f62d25-979f-56f6-8f2f-dfda63c1b7b8,MAINTENANCE,UNKNOWN_EFFECT,"Cumberland Line, Leppington & Inner West Line","Allow extra travel time between Granville and Cabramatta due to urgent track repairs at Granville. Repair crews are on site and working to restore train services as soon as possible. Trains will be stopping at different platforms. Stops may change at short notice. 

Trains are not running between Granville and Cabramatta and will be diverted via Sefton to provide regular service. Customers travelling between Granville and Cabramatta via Merrylands are advised to consider catching nearby public transport services to continue their journey. We are trying to arrange replacement buses.  Please delay travel if possible or use other transport.  Well update you when we have more information. Customers should plan ahead and allow plenty of extra travel time.

For service updates, please check transport apps, information screens and listen to announcements.",IWL_2e,4659744773727575182,2026-09-17 07:05:59+00:00,
e8f62d25-979f-56f6-8f2f-dfda63c1b7b8,MAINTENANCE,UNKNOWN_EFFECT,"Cumberland Line, Leppington & Inner West Line","Allow extra travel time between Granville and Cabramatta due to urgent track repairs at Granville. Repair crews are on site and working to restore train services as soon as possible. Trains will be stopping at different platforms. Stops may change at short notice. 

Most trains will be diverted via Sefton to provide regular service. Customers travelling between Granville and Cabramatta via Merrylands are advised to consider catching nearby public transport services to continue their journey. We are trying to arrange replacement buses.  Please delay travel if possible or use other transport.  Well update you when we have more information. Customers should plan ahead and allow plenty of extra travel time.

For service updates, please check transport apps, information screens and listen to announcements.",IWL_2c,-7246217427817351284,2026-09-17 06:50:04+00:00,
e8f62d25-979f-56f6-8f2f-dfda63c1b7b8,MAINTENANCE,UNKNOWN_EFFECT,"Cumberland Line, Leppington & Inner West Line","Allow extra travel time between Granville and Cabramatta due to urgent track repairs at Granville. Repair crews are on site and working to restore train services as soon as possible. Trains will be stopping at different platforms. Stops may change at short notice. 

Most trains will be diverted via Sefton to provide regular service. Customers travelling between Granville and Cabramatta via Merrylands are advised to consider catching nearby public transport services to continue their journey. We are trying to arrange replacement buses.  Please delay travel if possible or use other transport.  Well update you when we have more information. Customers should plan ahead and allow plenty of extra travel time.

For service updates, please check transport apps, information screens and listen to announcements.",IWL_2h,-5042242428352878110,2026-09-17 06:50:04+00:00,
e8f62d25-979f-56f6-8f2f-dfda63c1b7b8,MAINTENANCE,UNKNOWN_EFFECT,"Cumberland Line, Leppington & Inner West Line","Allow extra travel time between Granville and Cabramatta due to urgent track repairs at Granville. Repair crews are on site and working to restore train services as soon as possible. Trains will be stopping at different platforms. Stops may change at short notice. 

Most trains will be diverted via Sefton to provide regular service. Customers travelling between Granville and Cabramatta via Merrylands are advised to consider catching nearby public transport services to continue their journey. We are trying to arrange replacement buses.  Please delay travel if possible or use other transport.  Well update you when we have more information. Customers should plan ahead and allow plenty of extra travel time.

For service updates, please check transport apps, information screens and listen to announcements.",IWL_2i,-4396571606196770016,2026-09-17 06:50:04+00:00,
e8f62d25-979f-56f6-8f2f-dfda63c1b7b8,MAINTENANCE,UNKNOWN_EFFECT,"Cumberland Line, Leppington & Inner West Line","Allow extra travel time between Granville and Cabramatta due to urgent track repairs at Granville. Repair crews are on site and working to restore train services as soon as possible. 

Most trains will be diverted via Sefton to provide regular service. Customers travelling between Granville and Cabramatta via Merrylands are advised to consider catching nearby public transport services to continue their journey. Trains will be stopping at different platforms. Stops may change at short notice. . 

For service updates, please check transport apps, information screens and listen to announcements.",IWL_2i,-4396571606196770016,2026-09-17 06:37:33+00:00,
e8f62d25-979f-56f6-8f2f-dfda63c1b7b8,MAINTENANCE,UNKNOWN_EFFECT,"Cumberland Line, Leppington & Inner West Line","Allow extra travel time between Granville and Cabramatta due to urgent track repairs at Granville. Repair crews are on site and working to restore train services as soon as possible. 

Most trains will be diverted via Sefton to provide regular service. Customers travelling between Granville and Cabramatta via Merrylands are advised to consider catching nearby public transport services to continue their journey. Trains will be stopping at different platforms. Stops may change at short notice. . 

For service updates, please check transport apps, information screens and listen to announcements.",CMB_1a,8502485376767781749,2026-09-17 06:37:33+00:00,
e8f62d25-979f-56f6-8f2f-dfda63c1b7b8,MAINTENANCE,UNKNOWN_EFFECT,"Cumberland Line, Leppington & Inner West Line","Allow extra travel time between Granville and Cabramatta due to urgent track repairs at Granville. Repair crews are on site and working to restore train services as soon as possible. 

Most trains will be diverted via Sefton to provide regular service. Customers travelling between Granville and Cabramatta via Merrylands are advised to consider catching nearby public transport services to continue their journey. Trains will be stopping at different platforms. Stops may change at short notice. . 

For service updates, please check transport apps, information screens and listen to announcements.",CMB_1c,3823480081110772338,2026-09-17 06:37:33+00:00,
e8f62d25-979f-56f6-8f2f-dfda63c1b7b8,MAINTENANCE,UNKNOWN_EFFECT,"Cumberland Line, Leppington & Inner West Line","Allow extra travel time between Granville and Cabramatta due to urgent track repairs at Granville. Repair crews are on site and working to restore train services as soon as possible. 

Most trains will be diverted via Sefton to provide regular service. Customers travelling between Granville and Cabramatta via Merrylands are advised to consider catching nearby public transport services to continue their journey. Trains will be stopping at different platforms. Stops may change at short notice. . 

For service updates, please check transport apps, information screens and listen to announcements.",IWL_1e,2161230079104197071,2026-09-17 06:37:33+00:00,
e8f62d25-979f-56f6-8f2f-dfda63c1b7b8,MAINTENANCE,UNKNOWN_EFFECT,"Cumberland Line, Leppington & Inner West Line","Allow extra travel time between Granville and Cabramatta due to urgent track repairs at Granville. Repair crews are on site and working to restore train services as soon as possible. 

Most trains will be diverted via Sefton to provide regular service. Customers travelling between Granville and Cabramatta via Merrylands are advised to consider catching nearby public transport services to continue their journey. Trains will be stopping at different platforms. Stops may change at short notice. . 

For service updates, please check transport apps, information screens and listen to announcements.",IWL_1i,-8590447049958111075,2026-09-17 06:37:33+00:00,
e8f62d25-979f-56f6-8f2f-dfda63c1b7b8,MAINTENANCE,UNKNOWN_EFFECT,"Cumberland Line, Leppington & Inner West Line","Urgent track repairs at Granville have been completed. Services between Cabramatta and Granville have resumed. Services may be less frequent and travel time may be longer than normal. Stops may change at short notice. Delays up to 15 minutes may continue as services recover.

For service updates, please check transport apps, information screens and listen to announcements.",IWL_2b,7400251048012378211,2026-09-17 07:25:04+00:00,
504c2de3-c1bf-528e-8bdb-bd959a2b0307,MAINTENANCE,MODIFIED_SERVICE,T1 Western Line: Trains run to a changed timetable and make extra stops,"Wednesday 16 and Thursday 17 September
Nightly from 9:20PM to 1:30AM, trains may run to a changed timetable and make extra stops at some stations between Seven Hills and Lidcombe.",WST_1a,-8080502455091207041,2026-09-16 11:20:00+00:00,2026-09-16 15:30:00+00:00
2ad7fb1d-1308-50c1-b8a0-fb227dc90a53,MAINTENANCE,MODIFIED_SERVICE,Buses replace trains between Liverpool and Lidcombe,"Wednesday 16 and Thursday 17 September
Nightly from 9:40PM to 1:30AM, buses replace trains between Liverpool and Lidcombe.
Trains run between Lidcombe and the City, to a changed timetable. You may need to change trains to continue your journey.
Buses also replace T2 Leppington & Inner West Line trains between Leppington and Fairfield, and T6 Lidcombe & Bankstown Line trains between Bankstown and Lidcombe.",BNK_1a,6313364393264430797,2026-09-16 11:40:00+00:00,2026-09-16 15:30:00+00:00
2ad7fb1d-1308-50c1-b8a0-fb227dc90a53,MAINTENANCE,MODIFIED_SERVICE,Buses replace trains between Liverpool and Lidcombe,"Wednesday 16 and Thursday 17 September
Nightly from 9:40PM to 1:30AM, buses replace trains between Liverpool and Lidcombe.
Trains run between Lidcombe and the City, to a changed timetable. You may need to change trains to continue your journey.
Buses also replace T2 Leppington & Inner West Line trains between Leppington and Fairfield, and T6 Lidcombe & Bankstown Line trains between Bankstown and Lidcombe.",BNK_2f,-4213221836035426102,2026-09-16 11:40:00+00:00,2026-09-16 15:30:00+00:00
2ad7fb1d-1308-50c1-b8a0-fb227dc90a53,MAINTENANCE,MODIFIED_SERVICE,Buses replace trains between Liverpool and Lidcombe,"Wednesday 16 and Thursday 17 September
Nightly from 9:40PM to 1:30AM, buses replace trains between Liverpool and Lidcombe.
Trains run between Lidcombe and the City, to a changed timetable. You may need to change trains to continue your journey.
Buses also replace T2 Leppington & Inner West Line trains between Leppington and Fairfield, and T6 Lidcombe & Bankstown Line trains between Bankstown and Lidcombe.",BNK_2h,3013139253553952589,2026-09-16 11:40:00+00:00,2026-09-16 15:30:00+00:00
2ad7fb1d-1308-50c1-b8a0-fb227dc90a53,MAINTENANCE,MODIFIED_SERVICE,Buses replace trains between Liverpool and Lidcombe,"Wednesday 16 and Thursday 17 September
Nightly from 9:40PM to 1:30AM, buses replace trains between Liverpool and Lidcombe.
Trains run between Lidcombe and the City, to a changed timetable. You may need to change trains to continue your journey.
Buses also replace T2 Leppington & Inner West Line trains between Leppington and Fairfield, and T6 Lidcombe & Bankstown Line trains between Bankstown and Lidcombe.",T3_2b,-923579374989113359,2026-09-16 11:40:00+00:00,2026-09-16 15:30:00+00:00
0c3f595e-6aac-5fbf-965f-e63e1098dd36,MAINTENANCE,MODIFIED_SERVICE,Buses replace trains between Bankstown and Lidcombe,"Wednesday 16 and Thursday 17 September
Nightly from 9:10PM to 1:30AM, buses replace trains between Bankstown and Lidcombe.
Buses also replace T3 Liverpool & Inner West Line trains between Liverpool and Lidcombe.",T6_1b,-5736501019292966897,2026-09-16 11:10:00+00:00,2026-09-16 15:30:00+00:00
0c3f595e-6aac-5fbf-965f-e63e1098dd36,MAINTENANCE,MODIFIED_SERVICE,Buses replace trains between Bankstown and Lidcombe,"Wednesday 16 and Thursday 17 September
Nightly from 9:10PM to 1:30AM, buses replace trains between Bankstown and Lidcombe.
Buses also replace T3 Liverpool & Inner West Line trains between Liverpool and Lidcombe.",T6_2a,-5911806343721876623,2026-09-16 11:10:00+00:00,2026-09-16 15:30:00+00:00
9b133fbd-6f13-5534-8fb0-c4c9734db170,MAINTENANCE,MODIFIED_SERVICE,T1 North Shore Line: Buses replace trains between Gordon and Milsons Point. Use metro services between Chatswood and the City,"Friday 18 September
From 11:30PM, buses replace trains between Gordon and Milsons Point, also stopping at Crows Nest and Victoria Cross metro stations.
Use metro services between Chatswood and the City.
Trains run between Berowra and Gordon, some to a changed timetable.",NSN_2i,9218376079003314857,2026-09-18 13:30:00+00:00,2026-09-18 16:00:28+00:00
9b451136-c729-5d60-9bfe-58ac9ae899bb,MAINTENANCE,MODIFIED_SERVICE,Buses replace trains between Waterfall and Hurstville,"Monday 21 and Tuesday 22 September
Nightly from 9:50PM to 2:30AM, buses replace trains between Waterfall and Hurstville.
Trains run between South Coast Line stations and Waterfall, and between Hurstville and Bondi Junction, to a changed timetable.",SCO_1b,-3539652250674250885,2026-09-21 11:50:00+00:00,2026-09-21 16:30:00+00:00
e80e6ea1-2a2a-584d-b2f9-a0efa3433717,MAINTENANCE,MODIFIED_SERVICE,"At Scarborough, Wombarra and Coledale, trains leave from different platforms","Sunday 27 September
From 7:30AM to 11:30AM, at Scarborough, Wombarra and Coledale, all trains leave from platform 1.
From 12PM to 4PM, at Coledale, Wombarra and Scarborough, all trains leave from platform 2.",SCO_1b,-3539652250674250885,2026-09-26 21:30:00+00:00,2026-09-27 06:00:44+00:00
ac845045-d0c0-5a48-bdc9-40b302357093,MAINTENANCE,MODIFIED_SERVICE,Buses replace trains between Cabramatta and Granville,"Saturday 26 and Sunday 27 September
Buses replace trains between Cabramatta and Granville.
Trains run to a changed timetable and stopping pattern between Leppington and the City via Regents Park.
Change at:
- Cabramatta for buses to Canley Vale, Fairfield, Yennora, Guildford and Merrylands, or
- Lidcombe for trains towards Granville or T1 Western Line stations.",IWL_2e,4659744773727575182,2026-09-25 16:00:00+00:00,2026-09-27 16:00:19+00:00
ac845045-d0c0-5a48-bdc9-40b302357093,MAINTENANCE,MODIFIED_SERVICE,Buses replace trains between Cabramatta and Granville,"Saturday 26 and Sunday 27 September
Buses replace trains between Cabramatta and Granville.
Trains run to a changed timetable and stopping pattern between Leppington and the City via Regents Park.
Change at:
- Cabramatta for buses to Canley Vale, Fairfield, Yennora, Guildford and Merrylands, or
- Lidcombe for trains towards Granville or T1 Western Line stations.",IWL_1b,6193968622723203843,2026-09-25 16:00:00+00:00,2026-09-27 16:00:19+00:00
8a446d44-d955-5598-9b14-a1b87d68622d,MAINTENANCE,MODIFIED_SERVICE,Sydney Metro trackwork may affect how you travel. Metro services do not run between Chatswood and Sydenham,"Saturday 26 and Sunday 27 September
Sydney Metro trackwork may affect how you travel. Metro services do not run between Chatswood and Sydenham.
Use trains between Epping or Chatswood, the City and Sydenham.",CCN_2a,-5978113767534294052,2026-09-25 16:00:00+00:00,2026-09-27 16:00:33+00:00
039b54e3-bd3b-5f93-b4c1-9fa68ae248a8,MAINTENANCE,MODIFIED_SERVICE,Trains run to a changed timetable and stopping pattern,"Saturday 26 and Sunday 27 September
Trains run to a changed timetable and stopping pattern between Leppington and the City.
You may need to change trains if travelling to Inner West stations.",T3_2a,-5842204805049448059,2026-09-25 16:00:00+00:00,2026-09-27 16:00:47+00:00
039b54e3-bd3b-5f93-b4c1-9fa68ae248a8,MAINTENANCE,MODIFIED_SERVICE,Trains run to a changed timetable and stopping pattern,"Saturday 26 and Sunday 27 September
Trains run to a changed timetable and stopping pattern between Leppington and the City.
You may need to change trains if travelling to Inner West stations.",BNK_2c,3787217531919373545,2026-09-25 16:00:00+00:00,2026-09-27 16:00:47+00:00
8158d1cb-dcf1-51d8-b04c-77f1abafe3af,MAINTENANCE,MODIFIED_SERVICE,T1 North Shore Line: Sydney Metro trackwork may affect how you travel. Metro services do not run between Chatswood and Sydenham,"Saturday 26 and Sunday 27 September
Sydney Metro trackwork may affect how you travel. Metro services do not run between Chatswood and Sydenham.
Use trains between Chatswood, the City and Sydenham.",NSN_1a,4622583836084576750,2026-09-25 16:00:00+00:00,2026-09-27 16:00:55+00:00
ee0d0ca9-7e69-5d24-9b92-c84f13f8126b,MAINTENANCE,MODIFIED_SERVICE,Trains run to a changed timetable and stopping pattern,"Trains run to a changed timetable and stopping pattern
 
Wednesday 30 September
From 10:30PM to 1:30AM, Inner West trains run between Ashfield and the City Circle only.
Leppington trains do not stop at Ashfield or Newtown.
T1 Western Line trains make extra stops at Homebush and Burwood. T9 Northern Line trains make extra stops at Croydon and Ashfield.
You may need to change trains to continue your journey.",IWL_2d,-8761173739318814829,2026-09-30 12:30:02+00:00,2026-09-30 15:30:00+00:00
ee0d0ca9-7e69-5d24-9b92-c84f13f8126b,MAINTENANCE,MODIFIED_SERVICE,Trains run to a changed timetable and stopping pattern,"Trains run to a changed timetable and stopping pattern
 
Wednesday 30 September
From 10:30PM to 1:30AM, Inner West trains run between Ashfield and the City Circle only.
Leppington trains do not stop at Ashfield or Newtown.
T1 Western Line trains make extra stops at Homebush and Burwood. T9 Northern Line trains make extra stops at Croydon and Ashfield.
You may need to change trains to continue your journey.",IWL_1a,-460769293585121233,2026-09-30 12:30:02+00:00,2026-09-30 15:30:00+00:00
ee0d0ca9-7e69-5d24-9b92-c84f13f8126b,MAINTENANCE,MODIFIED_SERVICE,Trains run to a changed timetable and stopping pattern,"Trains run to a changed timetable and stopping pattern
 
Wednesday 30 September
From 10:30PM to 1:30AM, Inner West trains run between Ashfield and the City Circle only.
Leppington trains do not stop at Ashfield or Newtown.
T1 Western Line trains make extra stops at Homebush and Burwood. T9 Northern Line trains make extra stops at Croydon and Ashfield.
You may need to change trains to continue your journey.",IWL_1i,-8590447049958111075,2026-09-30 12:30:02+00:00,2026-09-30 15:30:00+00:00
669c9f49-5476-55f3-a619-192e1e529f0d,MAINTENANCE,MODIFIED_SERVICE,Trains run to a changed timetable and stopping pattern,"Wednesday 30 September
From 10:20PM to 1:30AM, trains run to a changed timetable between Liverpool and Lidcombe only. Change trains at Lidcombe to continue your journey.
Inner West trains run between Ashfield and the City Circle.
T1 Western Line trains run between Lidcombe and the City, making extra stops at Homebush and Burwood.
T9 Northern Line trains make extra stops at Croydon and Ashfield.",T3_1b,-2398108274111041511,2026-09-30 12:20:00+00:00,2026-09-30 15:30:26+00:00
669c9f49-5476-55f3-a619-192e1e529f0d,MAINTENANCE,MODIFIED_SERVICE,Trains run to a changed timetable and stopping pattern,"Wednesday 30 September
From 10:20PM to 1:30AM, trains run to a changed timetable between Liverpool and Lidcombe only. Change trains at Lidcombe to continue your journey.
Inner West trains run between Ashfield and the City Circle.
T1 Western Line trains run between Lidcombe and the City, making extra stops at Homebush and Burwood.
T9 Northern Line trains make extra stops at Croydon and Ashfield.",T3_1c,-1482151186623865843,2026-09-30 12:20:00+00:00,2026-09-30 15:30:26+00:00
32531557-1c2e-5a29-a8a1-9871eb185350,MAINTENANCE,MODIFIED_SERVICE,Buses replace trains between Central and Bondi Junction. Trains do not stop at Wolli Creek,"Wednesday 30 September and Thursday 1 October
Nightly from 9:50PM to 1:30AM, buses replace trains between Central and Bondi Junction, but do not stop at Martin Place.
Most trains run to a changed timetable between Cronulla, Waterfall and the City Circle, with some making extra stops at St Peters and Erskineville.
Nightly from 10:10PM to 1:30AM, trains do not stop at Wolli Creek but make an extra stop at Arncliffe.
Buses run between Sydenham, Wolli Creek and Arncliffe.
Change at Arncliffe or Sydenham for a bus to Wolli Creek or change at Central for a T8 Airport & South Line train if you have luggage or accessibility needs.",ESI_1a,2213430644432283724,2026-09-30 11:50:00+00:00,2026-09-30 15:30:00+00:00
b44c15ce-6501-59ae-adb4-eaf1a5b73e6c,MAINTENANCE,MODIFIED_SERVICE,Some trains run to a changed timetable. Trackwork at Wolli Creek may affect how you travel,"Wednesday 30 September and Thursday 1 October
Nightly from 9:50PM to 1:30AM, trains between Sydenham and the City Circle run to a changed timetable.
Nightly from 10:10PM to 1:30AM, trackwork at Wolli Creek may affect how you travel to T4 Eastern Suburbs & Illawarra or South Coast Line stations.
T4 Eastern Suburbs & Illawarra and South Coast Line trains do not stop at Wolli Creek. Buses run between Sydenham, Wolli Creek and Arncliffe.
Change at Central for T4 Eastern Suburbs & Illawarra or South Coast Line trains.",APS_2g,8410277826001083247,2026-09-30 11:50:00+00:00,2026-09-30 15:30:00+00:00
b44c15ce-6501-59ae-adb4-eaf1a5b73e6c,MAINTENANCE,MODIFIED_SERVICE,Some trains run to a changed timetable. Trackwork at Wolli Creek may affect how you travel,"Wednesday 30 September and Thursday 1 October
Nightly from 9:50PM to 1:30AM, trains between Sydenham and the City Circle run to a changed timetable.
Nightly from 10:10PM to 1:30AM, trackwork at Wolli Creek may affect how you travel to T4 Eastern Suburbs & Illawarra or South Coast Line stations.
T4 Eastern Suburbs & Illawarra and South Coast Line trains do not stop at Wolli Creek. Buses run between Sydenham, Wolli Creek and Arncliffe.
Change at Central for T4 Eastern Suburbs & Illawarra or South Coast Line trains.",APS_1b,3528247148565883103,2026-09-30 11:50:00+00:00,2026-09-30 15:30:00+00:00
b44c15ce-6501-59ae-adb4-eaf1a5b73e6c,MAINTENANCE,MODIFIED_SERVICE,Some trains run to a changed timetable. Trackwork at Wolli Creek may affect how you travel,"Wednesday 30 September and Thursday 1 October
Nightly from 9:50PM to 1:30AM, trains between Sydenham and the City Circle run to a changed timetable.
Nightly from 10:10PM to 1:30AM, trackwork at Wolli Creek may affect how you travel to T4 Eastern Suburbs & Illawarra or South Coast Line stations.
T4 Eastern Suburbs & Illawarra and South Coast Line trains do not stop at Wolli Creek. Buses run between Sydenham, Wolli Creek and Arncliffe.
Change at Central for T4 Eastern Suburbs & Illawarra or South Coast Line trains.",APS_1h,2391825133504522957,2026-09-30 11:50:00+00:00,2026-09-30 15:30:00+00:00
0c8cfac9-3202-52dd-ba23-730b5566e826,MAINTENANCE,MODIFIED_SERVICE,"At Hawkesbury River and Cowan, trains may leave from different platforms.  If travelling to Cowan you may need to change at Hawkesbury River for a bus","Saturday 3 October
From 5:30AM to 10:30AM, at Hawkesbury River and Cowan, all trains leave from platform 2.
From 7AM to 11:10AM, trains towards Hornsby do not stop at Cowan.
Buses run from Hawkesbury River to Cowan, and from Cowan to Berowra, in that direction only.
If travelling to Cowan, change at Hawkesbury River for a bus.
At Cowan, catch a bus to Berowra then change for a train to continue your journey.
Trains towards Gosford continue to stop at Cowan.",CCN_1b,-5236434750823934246,2026-10-02 19:30:00+00:00,2026-10-03 01:10:09+00:00
6d45fcc6-a371-5981-aec1-119ae204ddf0,MAINTENANCE,MODIFIED_SERVICE,Trains run to a changed timetable and reduced frequency,"Saturday 3 October
From 9:30AM to 1PM, trains run to a changed timetable and reduced frequency, every 30 minutes.​",T6_1c,-7826908861145066754,2026-10-02 23:30:00+00:00,2026-10-03 03:00:58+00:00
9b2f8085-0c84-59f4-bc71-b8abd9de657c,MAINTENANCE,MODIFIED_SERVICE,"At Waterfall and Helensburgh, trains leave from different platforms","Saturday 3 October
From 7:30AM to 11:30AM, at Waterfall and Helensburgh, all trains leave from platform 1.
From 12PM to 4PM, at Helensburgh and Waterfall, all trains leave from platform 2.",SCO_1a,4202176109787108346,2026-10-02 21:30:00+00:00,2026-10-03 06:00:11+00:00
e6814aaa-1618-5df1-b423-10576eb9f8a1,MAINTENANCE,MODIFIED_SERVICE,Buses replace trains between Newcastle Interchange and Gosford,"Saturday 3 October
Buses replace trains between Newcastle Interchange and Gosford.
Trains run between Gosford and Central, some to a changed timetable.",CCN_2b,627028831985276158,2026-10-02 15:00:00+00:00,2026-10-03 16:00:00+00:00
77a58cd0-8ce8-5e8d-8c92-db8cbf4b7826,MAINTENANCE,MODIFIED_SERVICE,Buses replace trains between Cabramatta and Granville,"Sunday 4 October
From 5:30AM to 9:40AM, buses replace trains between Cabramatta and Granville.
Trains run to a changed timetable between Leppington and the City via Regents Park.",IWL_2e,4659744773727575182,2026-10-03 18:30:00+00:00,2026-10-03 22:40:00+00:00
b2e90342-af67-50e3-a804-329d980f269b,MAINTENANCE,MODIFIED_SERVICE,Extra trains run between Leppington and the City via Regents Park,"Sunday 4 October
From 5:30AM to 9:40AM, extra trains run between Leppington and the City via Regents Park.",T3_2b,-923579374989113359,2026-10-03 18:30:00+00:00,2026-10-03 22:40:03+00:00
b2e90342-af67-50e3-a804-329d980f269b,MAINTENANCE,MODIFIED_SERVICE,Extra trains run between Leppington and the City via Regents Park,"Sunday 4 October
From 5:30AM to 9:40AM, extra trains run between Leppington and the City via Regents Park.",T3_1d,6228501476923438915,2026-10-03 18:30:00+00:00,2026-10-03 22:40:03+00:00
408bf41a-cae7-5b05-aeb4-ffb2d8bd5029,MAINTENANCE,MODIFIED_SERVICE,Buses replace trains between Cabramatta and Granville,"Sunday 4 October
From 5:30AM to 9:40AM, buses replace trains between Cabramatta and Granville.
Trains run to a changed timetable between Leppington and the City via Regents Park, and between Richmond or Schofields and Olympic Park.
You may need to change trains at Lidcombe to continue your journey.
From 9:40AM to 11:30AM, trains run to a changed timetable between Leppington and the City via Granville, and between Schofields and Olympic Park.
You may need to change trains at Granville to continue your journey.",CMB_2d,-1209867813534204200,2026-10-03 18:30:00+00:00,2026-10-04 00:30:00+00:00
d9e7ac87-a2d6-55d4-a9ef-62efa975f42b,MAINTENANCE,MODIFIED_SERVICE,Trains run to a changed timetable and stopping pattern,"Saturday 3 October
From 9:30AM to 1PM, trains run to a changed timetable between Liverpool and Lidcombe, and between Homebush and the City only.
You may need to change trains to continue your journey.
T1 Western and T2 Leppington Line trains run between Lidcombe and the City.",BNK_2a,655547182426901944,2026-10-03 11:30:00+00:00,2026-10-04 02:00:04+00:00
5500f84d-e087-5748-af79-f76f9d478444,MAINTENANCE,MODIFIED_SERVICE,Trains run to a changed timetable and stopping pattern,"Monday 5 October
From 9:30AM to 1PM, trains run to a changed timetable between Liverpool and Lidcombe, and between Homebush and the City only.
You may need to change trains to continue your journey.
T1 Western and T2 Leppington Line trains run between Lidcombe and the City.",T3_2a,-5842204805049448059,2026-10-04 22:30:00+00:00,2026-10-05 02:00:31+00:00
5500f84d-e087-5748-af79-f76f9d478444,MAINTENANCE,MODIFIED_SERVICE,Trains run to a changed timetable and stopping pattern,"Monday 5 October
From 9:30AM to 1PM, trains run to a changed timetable between Liverpool and Lidcombe, and between Homebush and the City only.
You may need to change trains to continue your journey.
T1 Western and T2 Leppington Line trains run between Lidcombe and the City.",BNK_2c,3787217531919373545,2026-10-04 22:30:00+00:00,2026-10-05 02:00:31+00:00
5500f84d-e087-5748-af79-f76f9d478444,MAINTENANCE,MODIFIED_SERVICE,Trains run to a changed timetable and stopping pattern,"Monday 5 October
From 9:30AM to 1PM, trains run to a changed timetable between Liverpool and Lidcombe, and between Homebush and the City only.
You may need to change trains to continue your journey.
T1 Western and T2 Leppington Line trains run between Lidcombe and the City.",T3_1b,-2398108274111041511,2026-10-04 22:30:00+00:00,2026-10-05 02:00:31+00:00
074c6ef5-dee2-547a-a802-30866ad80ff8,MAINTENANCE,MODIFIED_SERVICE,Buses replace trains between Newcastle Interchange and Wyong. Trains run to a changed timetable and stopping pattern,"Sunday 4 and Monday 5 October
Buses replace trains between Newcastle Interchange and Wyong.
Trains run between Wyong and Central, some to a changed timetable.
Monday from 6PM to 2AM, trains run between Wyong and Hornsby only.
T1 North Shore Line trains run between Hornsby and the City, and T9 Northern Line trains run between Hornsby and Rhodes only.
Buses replace trains between Rhodes and Ashfield or Central.
Use metro services between Epping or Chatswood and the City.",CCN_1a,6945390360945871574,2026-10-03 16:00:00+00:00,2026-10-05 15:00:33+00:00
2296d332-0849-557b-9655-7b386b02a419,MAINTENANCE,MODIFIED_SERVICE,Buses replace trains between Olympic Park and Ashfield or Central,"Monday 5 October
From 6:00PM to 2:00AM, buses replace trains between Olympic Park and Ashfield. Express buses also run between Olympic Park and Central.
Replacement buses do not leave from Lidcombe.
Trains run to a changed timetable between:
- Leppington and Olympic Park
- Glenfield and the City via the Airport
- Ashfield and the City, continuing to T1 North Shore Line stations.",IWL_1a,-460769293585121233,2026-10-05 07:00:00+00:00,2026-10-05 15:00:44+00:00
2296d332-0849-557b-9655-7b386b02a419,MAINTENANCE,MODIFIED_SERVICE,Buses replace trains between Olympic Park and Ashfield or Central,"Monday 5 October
From 6:00PM to 2:00AM, buses replace trains between Olympic Park and Ashfield. Express buses also run between Olympic Park and Central.
Replacement buses do not leave from Lidcombe.
Trains run to a changed timetable between:
- Leppington and Olympic Park
- Glenfield and the City via the Airport
- Ashfield and the City, continuing to T1 North Shore Line stations.",IWL_1c,-2200421255733575805,2026-10-05 07:00:00+00:00,2026-10-05 15:00:44+00:00
e0cde705-848b-5914-9472-bed39002de78,MAINTENANCE,MODIFIED_SERVICE,Buses replace trains between Olympic Park and Ashfield or Central,"Monday 5 October
From 6PM to 2AM, buses replace trains between Olympic Park and Ashfield. Express buses also run between Olympic Park and Central.
Replacement buses do not leave from Lidcombe.
Trains run to a changed timetable between:
- Liverpool and Lidcombe
- Lidcombe and Olympic Park
- Ashfield and the City, continuing to T1 North Shore Line stations.
You may need to change services to continue your journey.",BNK_2e,8793175541741277163,2026-10-05 07:00:00+00:00,2026-10-05 15:00:53+00:00
e0cde705-848b-5914-9472-bed39002de78,MAINTENANCE,MODIFIED_SERVICE,Buses replace trains between Olympic Park and Ashfield or Central,"Monday 5 October
From 6PM to 2AM, buses replace trains between Olympic Park and Ashfield. Express buses also run between Olympic Park and Central.
Replacement buses do not leave from Lidcombe.
Trains run to a changed timetable between:
- Liverpool and Lidcombe
- Lidcombe and Olympic Park
- Ashfield and the City, continuing to T1 North Shore Line stations.
You may need to change services to continue your journey.",BNK_1b,824071575942029262,2026-10-05 07:00:00+00:00,2026-10-05 15:00:53+00:00
e0cde705-848b-5914-9472-bed39002de78,MAINTENANCE,MODIFIED_SERVICE,Buses replace trains between Olympic Park and Ashfield or Central,"Monday 5 October
From 6PM to 2AM, buses replace trains between Olympic Park and Ashfield. Express buses also run between Olympic Park and Central.
Replacement buses do not leave from Lidcombe.
Trains run to a changed timetable between:
- Liverpool and Lidcombe
- Lidcombe and Olympic Park
- Ashfield and the City, continuing to T1 North Shore Line stations.
You may need to change services to continue your journey.",BNK_1f,2955980060543399440,2026-10-05 07:00:00+00:00,2026-10-05 15:00:53+00:00
aa8dc13b-cf94-5605-888d-0fe6a081cf8b,UNKNOWN_CAUSE,UNKNOWN_EFFECT,"Station Update - Bexley North, Kingsgrove, Lisarow and more",The warning tactiles are missing on some sections of the platform. Repairs have been arranged.  Please use caution and take care,BNK_2e,8793175541741277163,2026-08-30 19:08:43+00:00,
aa8dc13b-cf94-5605-888d-0fe6a081cf8b,UNKNOWN_CAUSE,UNKNOWN_EFFECT,"Station Update - Bexley North, Kingsgrove, Lisarow and more",The warning tactiles are missing on some sections of the platform. Repairs have been arranged.  Please use caution and take care,APS_2c,2798141468541829682,2026-08-30 19:08:43+00:00,
aa8dc13b-cf94-5605-888d-0fe6a081cf8b,UNKNOWN_CAUSE,UNKNOWN_EFFECT,"Station Update - Bexley North, Kingsgrove, Lisarow and more",The warning tactiles are missing on some sections of the platform. Repairs have been arranged.  Please use caution and take care,IWL_1g,5311805744952906065,2026-08-30 19:08:43+00:00,
7e669567-64e5-5fec-83a2-7332090518c3,UNKNOWN_CAUSE,UNKNOWN_EFFECT,Station Update - Central,"From Sunday to Thursday, between 10pm and 5am, ceiling installation works will take place in the pedestrian tunnel between platforms 4 and 11 and the lower concourse.
 - During this time, the Redfern end stairs on Platforms 4 to 11 will be closed.
 - Customer will need to use the City end of the platform to exit via the Grand Concourse.
 - If you need assistance, ask station staff or call 9379 1777.",BNK_2d,-669550999481604271,2026-08-06 00:30:06+00:00,
7e669567-64e5-5fec-83a2-7332090518c3,UNKNOWN_CAUSE,UNKNOWN_EFFECT,Station Update - Central,"From Sunday to Thursday, between 10pm and 5am, ceiling installation works will take place in the pedestrian tunnel between platforms 4 and 11 and the lower concourse.
 - During this time, the Redfern end stairs on Platforms 4 to 11 will be closed.
 - Customer will need to use the City end of the platform to exit via the Grand Concourse.
 - If you need assistance, ask station staff or call 9379 1777.",APS_2b,-4997717676751494424,2026-08-06 00:30:06+00:00,
7e669567-64e5-5fec-83a2-7332090518c3,UNKNOWN_CAUSE,UNKNOWN_EFFECT,Station Update - Central,"From Sunday to Thursday, between 10pm and 5am, ceiling installation works will take place in the pedestrian tunnel between platforms 4 and 11 and the lower concourse.
 - During this time, the Redfern end stairs on Platforms 4 to 11 will be closed.
 - Customer will need to use the City end of the platform to exit via the Grand Concourse.
 - If you need assistance, ask station staff or call 9379 1777.",4T.C.3608,4962106636138213372,2026-08-06 00:30:06+00:00,
7e669567-64e5-5fec-83a2-7332090518c3,UNKNOWN_CAUSE,UNKNOWN_EFFECT,Station Update - Central,"From Sunday to Thursday, between 10pm and 5am, ceiling installation works will take place in the pedestrian tunnel between platforms 4 and 11 and the lower concourse.
 - During this time, the Redfern end stairs on Platforms 4 to 11 will be closed.
 - Customer will need to use the City end of the platform to exit via the Grand Concourse.
 - If you need assistance, ask station staff or call 9379 1777.",4T.C.6204,-3734609090001297384,2026-08-06 00:30:06+00:00,
7e669567-64e5-5fec-83a2-7332090518c3,UNKNOWN_CAUSE,UNKNOWN_EFFECT,Station Update - Central,"From Sunday to Thursday, between 10pm and 5am, ceiling installation works will take place in the pedestrian tunnel between platforms 4 and 11 and the lower concourse.
 - During this time, the Redfern end stairs on Platforms 4 to 11 will be closed.
 - Customer will need to use the City end of the platform to exit via the Grand Concourse.
 - If you need assistance, ask station staff or call 9379 1777.",4T.C.6234,7494474348151875726,2026-08-06 00:30:06+00:00,
7e669567-64e5-5fec-83a2-7332090518c3,UNKNOWN_CAUSE,UNKNOWN_EFFECT,Station Update - Central,"From Sunday to Thursday, between 10pm and 5am, ceiling installation works will take place in the pedestrian tunnel between platforms 4 and 11 and the lower concourse.
 - During this time, the Redfern end stairs on Platforms 4 to 11 will be closed.
 - Customer will need to use the City end of the platform to exit via the Grand Concourse.
 - If you need assistance, ask station staff or call 9379 1777.",IWL_1d,7284748182596493165,2026-08-06 00:30:06+00:00,
7e669567-64e5-5fec-83a2-7332090518c3,UNKNOWN_CAUSE,UNKNOWN_EFFECT,Station Update - Central,"From Sunday to Thursday, between 10pm and 5am, ceiling installation works will take place in the pedestrian tunnel between platforms 4 and 11 and the lower concourse.
 - During this time, the Redfern end stairs on Platforms 4 to 11 will be closed.
 - Customer will need to use the City end of the platform to exit via the Grand Concourse.
 - If you need assistance, ask station staff or call 9379 1777.",BNK_1g,5064893934630336586,2026-08-06 00:30:06+00:00,
7e669567-64e5-5fec-83a2-7332090518c3,UNKNOWN_CAUSE,UNKNOWN_EFFECT,Station Update - Central,"From Sunday to Thursday, between 10pm and 5am, ceiling installation works will take place in the pedestrian tunnel between platforms 4 and 11 and the lower concourse.
 - During this time, the Redfern end stairs on Platforms 4 to 11 will be closed.
 - Customer will need to use the City end of the platform to exit via the Grand Concourse.
 - If you need assistance, ask station staff or call 9379 1777.",ESI_1a,2213430644432283724,2026-08-06 00:30:06+00:00,
e8f62d25-979f-56f6-8f2f-dfda63c1b7b8,MAINTENANCE,UNKNOWN_EFFECT,"Cumberland Line, Leppington & Inner West Line","Allow extra travel time between Granville and Cabramatta due to urgent track repairs at Granville. Repair crews are on site and working to restore train services as soon as possible. Trains will be stopping at different platforms. Stops may change at short notice. 

Trains are not running between Granville and Cabramatta and will be diverted via Sefton to provide regular service. Customers travelling between Granville and Cabramatta via Merrylands are advised to consider catching nearby public transport services to continue their journey. We are trying to arrange replacement buses.  Please delay travel if possible or use other transport.  Well update you when we have more information. Customers should plan ahead and allow plenty of extra travel time.

For service updates, please check transport apps, information screens and listen to announcements.",CMB_1a,8502485376767781749,2026-09-17 07:05:59+00:00,
e8f62d25-979f-56f6-8f2f-dfda63c1b7b8,MAINTENANCE,UNKNOWN_EFFECT,"Cumberland Line, Leppington & Inner West Line","Allow extra travel time between Granville and Cabramatta due to urgent track repairs at Granville. Repair crews are on site and working to restore train services as soon as possible. Trains will be stopping at different platforms. Stops may change at short notice. 

Trains are not running between Granville and Cabramatta and will be diverted via Sefton to provide regular service. Customers travelling between Granville and Cabramatta via Merrylands are advised to consider catching nearby public transport services to continue their journey. We are trying to arrange replacement buses.  Please delay travel if possible or use other transport.  Well update you when we have more information. Customers should plan ahead and allow plenty of extra travel time.

For service updates, please check transport apps, information screens and listen to announcements.",IWL_2b,7400251048012378211,2026-09-17 07:05:59+00:00,
e8f62d25-979f-56f6-8f2f-dfda63c1b7b8,MAINTENANCE,UNKNOWN_EFFECT,"Cumberland Line, Leppington & Inner West Line","Allow extra travel time between Granville and Cabramatta due to urgent track repairs at Granville. Repair crews are on site and working to restore train services as soon as possible. Trains will be stopping at different platforms. Stops may change at short notice. 

Trains are not running between Granville and Cabramatta and will be diverted via Sefton to provide regular service. Customers travelling between Granville and Cabramatta via Merrylands are advised to consider catching nearby public transport services to continue their journey. We are trying to arrange replacement buses.  Please delay travel if possible or use other transport.  Well update you when we have more information. Customers should plan ahead and allow plenty of extra travel time.

For service updates, please check transport apps, information screens and listen to announcements.",IWL_2h,-5042242428352878110,2026-09-17 07:05:59+00:00,
e8f62d25-979f-56f6-8f2f-dfda63c1b7b8,MAINTENANCE,UNKNOWN_EFFECT,"Cumberland Line, Leppington & Inner West Line","Allow extra travel time between Granville and Cabramatta due to urgent track repairs at Granville. Repair crews are on site and working to restore train services as soon as possible. Trains will be stopping at different platforms. Stops may change at short notice. 

Trains are not running between Granville and Cabramatta and will be diverted via Sefton to provide regular service. Customers travelling between Granville and Cabramatta via Merrylands are advised to consider catching nearby public transport services to continue their journey. We are trying to arrange replacement buses.  Please delay travel if possible or use other transport.  Well update you when we have more information. Customers should plan ahead and allow plenty of extra travel time.

For service updates, please check transport apps, information screens and listen to announcements.",IWL_1j,1258465799022621567,2026-09-17 07:05:59+00:00,
e8f62d25-979f-56f6-8f2f-dfda63c1b7b8,MAINTENANCE,UNKNOWN_EFFECT,"Cumberland Line, Leppington & Inner West Line","Allow extra travel time between Granville and Cabramatta due to urgent track repairs at Granville. Repair crews are on site and working to restore train services as soon as possible. Trains will be stopping at different platforms. Stops may change at short notice. 

Most trains will be diverted via Sefton to provide regular service. Customers travelling between Granville and Cabramatta via Merrylands are advised to consider catching nearby public transport services to continue their journey. We are trying to arrange replacement buses.  Please delay travel if possible or use other transport.  Well update you when we have more information. Customers should plan ahead and allow plenty of extra travel time.

For service updates, please check transport apps, information screens and listen to announcements.",IWL_2g,4132240000327817005,2026-09-17 06:50:04+00:00,
e8f62d25-979f-56f6-8f2f-dfda63c1b7b8,MAINTENANCE,UNKNOWN_EFFECT,"Cumberland Line, Leppington & Inner West Line","Allow extra travel time between Granville and Cabramatta due to urgent track repairs at Granville. Repair crews are on site and working to restore train services as soon as possible. Trains will be stopping at different platforms. Stops may change at short notice. 

Most trains will be diverted via Sefton to provide regular service. Customers travelling between Granville and Cabramatta via Merrylands are advised to consider catching nearby public transport services to continue their journey. We are trying to arrange replacement buses.  Please delay travel if possible or use other transport.  Well update you when we have more information. Customers should plan ahead and allow plenty of extra travel time.

For service updates, please check transport apps, information screens and listen to announcements.",IWL_1f,1221224009602693160,2026-09-17 06:50:04+00:00,
e8f62d25-979f-56f6-8f2f-dfda63c1b7b8,MAINTENANCE,UNKNOWN_EFFECT,"Cumberland Line, Leppington & Inner West Line","Allow extra travel time between Granville and Cabramatta due to urgent track repairs at Granville. Repair crews are on site and working to restore train services as soon as possible. 

Most trains will be diverted via Sefton to provide regular service. Customers travelling between Granville and Cabramatta via Merrylands are advised to consider catching nearby public transport services to continue their journey. Trains will be stopping at different platforms. Stops may change at short notice. . 

For service updates, please check transport apps, information screens and listen to announcements.",IWL_2f,4691458740276869547,2026-09-17 06:37:33+00:00,
e8f62d25-979f-56f6-8f2f-dfda63c1b7b8,MAINTENANCE,UNKNOWN_EFFECT,"Cumberland Line, Leppington & Inner West Line","Allow extra travel time between Granville and Cabramatta due to urgent track repairs at Granville. Repair crews are on site and working to restore train services as soon as possible. 

Most trains will be diverted via Sefton to provide regular service. Customers travelling between Granville and Cabramatta via Merrylands are advised to consider catching nearby public transport services to continue their journey. Trains will be stopping at different platforms. Stops may change at short notice. . 

For service updates, please check transport apps, information screens and listen to announcements.",IWL_2j,-1303612948344505806,2026-09-17 06:37:33+00:00,
e8f62d25-979f-56f6-8f2f-dfda63c1b7b8,MAINTENANCE,UNKNOWN_EFFECT,"Cumberland Line, Leppington & Inner West Line","Allow extra travel time between Granville and Cabramatta due to urgent track repairs at Granville. Repair crews are on site and working to restore train services as soon as possible. 

Most trains will be diverted via Sefton to provide regular service. Customers travelling between Granville and Cabramatta via Merrylands are advised to consider catching nearby public transport services to continue their journey. Trains will be stopping at different platforms. Stops may change at short notice. . 

For service updates, please check transport apps, information screens and listen to announcements.",CMB_1b,-2936976510359900114,2026-09-17 06:37:33+00:00,
e8f62d25-979f-56f6-8f2f-dfda63c1b7b8,MAINTENANCE,UNKNOWN_EFFECT,"Cumberland Line, Leppington & Inner West Line","Allow extra travel time between Granville and Cabramatta due to urgent track repairs at Granville. Repair crews are on site and working to restore train services as soon as possible. 

Most trains will be diverted via Sefton to provide regular service. Customers travelling between Granville and Cabramatta via Merrylands are advised to consider catching nearby public transport services to continue their journey. Trains will be stopping at different platforms. Stops may change at short notice. . 

For service updates, please check transport apps, information screens and listen to announcements.",CMB_2d,-1209867813534204200,2026-09-17 06:37:33+00:00,
e8f62d25-979f-56f6-8f2f-dfda63c1b7b8,MAINTENANCE,UNKNOWN_EFFECT,"Cumberland Line, Leppington & Inner West Line","Urgent track repairs at Granville have been completed. Services between Cabramatta and Granville have resumed. Services may be less frequent and travel time may be longer than normal. Stops may change at short notice. Delays up to 15 minutes may continue as services recover.

For service updates, please check transport apps, information screens and listen to announcements.",IWL_2c,-7246217427817351284,2026-09-17 07:25:04+00:00,
e8f62d25-979f-56f6-8f2f-dfda63c1b7b8,MAINTENANCE,UNKNOWN_EFFECT,"Cumberland Line, Leppington & Inner West Line","Urgent track repairs at Granville have been completed. Services between Cabramatta and Granville have resumed. Services may be less frequent and travel time may be longer than normal. Stops may change at short notice. Delays up to 15 minutes may continue as services recover.

For service updates, please check transport apps, information screens and listen to announcements.",IWL_2g,4132240000327817005,2026-09-17 07:25:04+00:00,
504c2de3-c1bf-528e-8bdb-bd959a2b0307,MAINTENANCE,MODIFIED_SERVICE,T1 Western Line: Trains run to a changed timetable and make extra stops,"Wednesday 16 and Thursday 17 September
Nightly from 9:20PM to 1:30AM, trains may run to a changed timetable and make extra stops at some stations between Seven Hills and Lidcombe.",WST_1b,-2301718121315425992,2026-09-16 11:20:00+00:00,2026-09-16 15:30:00+00:00
2ad7fb1d-1308-50c1-b8a0-fb227dc90a53,MAINTENANCE,MODIFIED_SERVICE,Buses replace trains between Liverpool and Lidcombe,"Wednesday 16 and Thursday 17 September
Nightly from 9:40PM to 1:30AM, buses replace trains between Liverpool and Lidcombe.
Trains run between Lidcombe and the City, to a changed timetable. You may need to change trains to continue your journey.
Buses also replace T2 Leppington & Inner West Line trains between Leppington and Fairfield, and T6 Lidcombe & Bankstown Line trains between Bankstown and Lidcombe.",T3_1a,-7189270326134903042,2026-09-16 11:40:00+00:00,2026-09-16 15:30:00+00:00
2ad7fb1d-1308-50c1-b8a0-fb227dc90a53,MAINTENANCE,MODIFIED_SERVICE,Buses replace trains between Liverpool and Lidcombe,"Wednesday 16 and Thursday 17 September
Nightly from 9:40PM to 1:30AM, buses replace trains between Liverpool and Lidcombe.
Trains run between Lidcombe and the City, to a changed timetable. You may need to change trains to continue your journey.
Buses also replace T2 Leppington & Inner West Line trains between Leppington and Fairfield, and T6 Lidcombe & Bankstown Line trains between Bankstown and Lidcombe.",T3_2c,4458461905226594776,2026-09-16 11:40:00+00:00,2026-09-16 15:30:00+00:00
43c708a8-065e-5d71-bc28-5c403486c3a5,MAINTENANCE,MODIFIED_SERVICE,Buses replace trains between Leppington and Fairfield,"Wednesday 16 and Thursday 17 September 
Nightly from 9:40PM to 1:30AM, buses replace trains between Leppington and Fairfield.
Trains run to a changed timetable between Fairfield and Richmond.",CMB_1d,1150323432029512968,2026-09-16 11:40:00+00:00,2026-09-16 15:30:00+00:00
6d17c60f-f62e-519a-96dd-cea7953b1650,MAINTENANCE,MODIFIED_SERVICE,Buses replace the all-stations trains between Wolli Creek and Revesby,"Sunday 20 September
From 8:40AM to 3PM, buses replace the all-stations trains between Wolli Creek and Revesby.
Express trains continue to run but do not stop at stations between Padstow and Turrella.",APS_2f,4089134572644777184,2026-09-19 22:40:00+00:00,2026-09-20 05:00:07+00:00
9b451136-c729-5d60-9bfe-58ac9ae899bb,MAINTENANCE,MODIFIED_SERVICE,Buses replace trains between Waterfall and Hurstville,"Monday 21 and Tuesday 22 September
Nightly from 9:50PM to 2:30AM, buses replace trains between Waterfall and Hurstville.
Trains run between South Coast Line stations and Waterfall, and between Hurstville and Bondi Junction, to a changed timetable.",SCO_2a,799312986268590053,2026-09-21 11:50:00+00:00,2026-09-21 16:30:00+00:00
57854255-0585-5e83-b4c1-59b55fd72731,MAINTENANCE,MODIFIED_SERVICE,You may need to change trains at Granville to continue your journey,"Tuesday 22 and Wednesday 23 September
Nightly from 11:50PM to 1:30AM, trains run to a changed timetable between Richmond or Leppington and Olympic Park. Some trains start and end at Granville.
You may need to change trains at Granville to continue your journey.",CMB_1b,-2936976510359900114,2026-09-22 13:50:00+00:00,2026-09-22 15:30:00+00:00
8a5ba36d-a983-5411-869a-caac50eda0f1,MAINTENANCE,MODIFIED_SERVICE,Buses replace most trains between Newcastle Interchange and Hornsby,"Tuesday 22 and Wednesday 23 September
Nightly from 8:30PM to 4AM, buses replace most trains between Newcastle Interchange and Hornsby.
T9 Northern Line trains run between Hornsby and Central, to a changed timetable.
Wednesday and Thursday, the 02:38 Wyong to Central service starts from Gosford at 03:15 and runs 15 minutes later than the normal timetable towards Central.",CCN_1c,7107036069782603127,2026-09-22 10:30:00+00:00,2026-09-23 18:00:27+00:00
c06ef39b-1f78-5836-a122-fa5ee67a2ce4,MAINTENANCE,MODIFIED_SERVICE,"At Stanwell Park and Coalcliff, trains leave from different platforms","Saturday 26 September
From 7:30AM to 11:30AM, at Stanwell Park and Coalcliff, all trains leave from platform 1.
From 12PM to 4PM, at Coalcliff and Stanwell Park, all trains leave from platform 2.",SCO_1a,4202176109787108346,2026-09-25 21:30:00+00:00,2026-09-26 06:00:35+00:00
a8c4b063-061e-5050-bdde-9f94fc8dce91,MAINTENANCE,MODIFIED_SERVICE,Sydney Metro trackwork may affect how you travel. Metro services do not run between Sydenham and Chatswood,"Saturday 26 and Sunday 27 September
Sydney Metro trackwork may affect how you travel. Metro services do not run between Sydenham and Chatswood.
Use trains between Sydenham, the City and Chatswood.",ESI_2b,5175417367365540535,2026-09-25 16:00:00+00:00,2026-09-27 16:00:24+00:00
8a446d44-d955-5598-9b14-a1b87d68622d,MAINTENANCE,MODIFIED_SERVICE,Sydney Metro trackwork may affect how you travel. Metro services do not run between Chatswood and Sydenham,"Saturday 26 and Sunday 27 September
Sydney Metro trackwork may affect how you travel. Metro services do not run between Chatswood and Sydenham.
Use trains between Epping or Chatswood, the City and Sydenham.",CCN_2b,627028831985276158,2026-09-25 16:00:00+00:00,2026-09-27 16:00:33+00:00
039b54e3-bd3b-5f93-b4c1-9fa68ae248a8,MAINTENANCE,MODIFIED_SERVICE,Trains run to a changed timetable and stopping pattern,"Saturday 26 and Sunday 27 September
Trains run to a changed timetable and stopping pattern between Leppington and the City.
You may need to change trains if travelling to Inner West stations.",BNK_1d,-7821700733867273095,2026-09-25 16:00:00+00:00,2026-09-27 16:00:47+00:00
2ded9af6-6f3d-5fb4-b035-a8aa19c29de9,MAINTENANCE,MODIFIED_SERVICE,T1 North Shore Line: Buses replace trains between Hornsby and Milsons Point. Use metro services between Chatswood and the City,"Monday 28 and Tuesday 29 September
Nightly from 9:20PM to 1:30AM, buses replace trains from Hornsby to Milsons Point.
Nightly from 9:50PM to 1:30AM, buses replace trains from Milsons Point to Hornsby.
Use metro services between Chatswood and the City.",NSN_1a,4622583836084576750,2026-09-28 11:20:00+00:00,2026-09-28 15:30:00+00:00
ee0d0ca9-7e69-5d24-9b92-c84f13f8126b,MAINTENANCE,MODIFIED_SERVICE,Trains run to a changed timetable and stopping pattern,"Trains run to a changed timetable and stopping pattern
 
Wednesday 30 September
From 10:30PM to 1:30AM, Inner West trains run between Ashfield and the City Circle only.
Leppington trains do not stop at Ashfield or Newtown.
T1 Western Line trains make extra stops at Homebush and Burwood. T9 Northern Line trains make extra stops at Croydon and Ashfield.
You may need to change trains to continue your journey.",IWL_1h,6999377604685702146,2026-09-30 12:30:02+00:00,2026-09-30 15:30:00+00:00
669c9f49-5476-55f3-a619-192e1e529f0d,MAINTENANCE,MODIFIED_SERVICE,Trains run to a changed timetable and stopping pattern,"Wednesday 30 September
From 10:20PM to 1:30AM, trains run to a changed timetable between Liverpool and Lidcombe only. Change trains at Lidcombe to continue your journey.
Inner West trains run between Ashfield and the City Circle.
T1 Western Line trains run between Lidcombe and the City, making extra stops at Homebush and Burwood.
T9 Northern Line trains make extra stops at Croydon and Ashfield.",T3_2d,2203676127428383300,2026-09-30 12:20:00+00:00,2026-09-30 15:30:26+00:00
32531557-1c2e-5a29-a8a1-9871eb185350,MAINTENANCE,MODIFIED_SERVICE,Buses replace trains between Central and Bondi Junction. Trains do not stop at Wolli Creek,"Wednesday 30 September and Thursday 1 October
Nightly from 9:50PM to 1:30AM, buses replace trains between Central and Bondi Junction, but do not stop at Martin Place.
Most trains run to a changed timetable between Cronulla, Waterfall and the City Circle, with some making extra stops at St Peters and Erskineville.
Nightly from 10:10PM to 1:30AM, trains do not stop at Wolli Creek but make an extra stop at Arncliffe.
Buses run between Sydenham, Wolli Creek and Arncliffe.
Change at Arncliffe or Sydenham for a bus to Wolli Creek or change at Central for a T8 Airport & South Line train if you have luggage or accessibility needs.",ESI_2e,6893476243656098456,2026-09-30 11:50:00+00:00,2026-09-30 15:30:00+00:00
32531557-1c2e-5a29-a8a1-9871eb185350,MAINTENANCE,MODIFIED_SERVICE,Buses replace trains between Central and Bondi Junction. Trains do not stop at Wolli Creek,"Wednesday 30 September and Thursday 1 October
Nightly from 9:50PM to 1:30AM, buses replace trains between Central and Bondi Junction, but do not stop at Martin Place.
Most trains run to a changed timetable between Cronulla, Waterfall and the City Circle, with some making extra stops at St Peters and Erskineville.
Nightly from 10:10PM to 1:30AM, trains do not stop at Wolli Creek but make an extra stop at Arncliffe.
Buses run between Sydenham, Wolli Creek and Arncliffe.
Change at Arncliffe or Sydenham for a bus to Wolli Creek or change at Central for a T8 Airport & South Line train if you have luggage or accessibility needs.",ESI_1e,-8860949549741138520,2026-09-30 11:50:00+00:00,2026-09-30 15:30:00+00:00
b44c15ce-6501-59ae-adb4-eaf1a5b73e6c,MAINTENANCE,MODIFIED_SERVICE,Some trains run to a changed timetable. Trackwork at Wolli Creek may affect how you travel,"Wednesday 30 September and Thursday 1 October
Nightly from 9:50PM to 1:30AM, trains between Sydenham and the City Circle run to a changed timetable.
Nightly from 10:10PM to 1:30AM, trackwork at Wolli Creek may affect how you travel to T4 Eastern Suburbs & Illawarra or South Coast Line stations.
T4 Eastern Suburbs & Illawarra and South Coast Line trains do not stop at Wolli Creek. Buses run between Sydenham, Wolli Creek and Arncliffe.
Change at Central for T4 Eastern Suburbs & Illawarra or South Coast Line trains.",APS_2a,-8074707193682375787,2026-09-30 11:50:00+00:00,2026-09-30 15:30:00+00:00
b44c15ce-6501-59ae-adb4-eaf1a5b73e6c,MAINTENANCE,MODIFIED_SERVICE,Some trains run to a changed timetable. Trackwork at Wolli Creek may affect how you travel,"Wednesday 30 September and Thursday 1 October
Nightly from 9:50PM to 1:30AM, trains between Sydenham and the City Circle run to a changed timetable.
Nightly from 10:10PM to 1:30AM, trackwork at Wolli Creek may affect how you travel to T4 Eastern Suburbs & Illawarra or South Coast Line stations.
T4 Eastern Suburbs & Illawarra and South Coast Line trains do not stop at Wolli Creek. Buses run between Sydenham, Wolli Creek and Arncliffe.
Change at Central for T4 Eastern Suburbs & Illawarra or South Coast Line trains.",APS_2b,-4997717676751494424,2026-09-30 11:50:00+00:00,2026-09-30 15:30:00+00:00
b44c15ce-6501-59ae-adb4-eaf1a5b73e6c,MAINTENANCE,MODIFIED_SERVICE,Some trains run to a changed timetable. Trackwork at Wolli Creek may affect how you travel,"Wednesday 30 September and Thursday 1 October
Nightly from 9:50PM to 1:30AM, trains between Sydenham and the City Circle run to a changed timetable.
Nightly from 10:10PM to 1:30AM, trackwork at Wolli Creek may affect how you travel to T4 Eastern Suburbs & Illawarra or South Coast Line stations.
T4 Eastern Suburbs & Illawarra and South Coast Line trains do not stop at Wolli Creek. Buses run between Sydenham, Wolli Creek and Arncliffe.
Change at Central for T4 Eastern Suburbs & Illawarra or South Coast Line trains.",APS_1a,-3402953319642480407,2026-09-30 11:50:00+00:00,2026-09-30 15:30:00+00:00
0c8cfac9-3202-52dd-ba23-730b5566e826,MAINTENANCE,MODIFIED_SERVICE,"At Hawkesbury River and Cowan, trains may leave from different platforms.  If travelling to Cowan you may need to change at Hawkesbury River for a bus","Saturday 3 October
From 5:30AM to 10:30AM, at Hawkesbury River and Cowan, all trains leave from platform 2.
From 7AM to 11:10AM, trains towards Hornsby do not stop at Cowan.
Buses run from Hawkesbury River to Cowan, and from Cowan to Berowra, in that direction only.
If travelling to Cowan, change at Hawkesbury River for a bus.
At Cowan, catch a bus to Berowra then change for a train to continue your journey.
Trains towards Gosford continue to stop at Cowan.",CCN_2b,627028831985276158,2026-10-02 19:30:00+00:00,2026-10-03 01:10:09+00:00
0c8cfac9-3202-52dd-ba23-730b5566e826,MAINTENANCE,MODIFIED_SERVICE,"At Hawkesbury River and Cowan, trains may leave from different platforms.  If travelling to Cowan you may need to change at Hawkesbury River for a bus","Saturday 3 October
From 5:30AM to 10:30AM, at Hawkesbury River and Cowan, all trains leave from platform 2.
From 7AM to 11:10AM, trains towards Hornsby do not stop at Cowan.
Buses run from Hawkesbury River to Cowan, and from Cowan to Berowra, in that direction only.
If travelling to Cowan, change at Hawkesbury River for a bus.
At Cowan, catch a bus to Berowra then change for a train to continue your journey.
Trains towards Gosford continue to stop at Cowan.",CCN_1c,7107036069782603127,2026-10-02 19:30:00+00:00,2026-10-03 01:10:09+00:00
77a58cd0-8ce8-5e8d-8c92-db8cbf4b7826,MAINTENANCE,MODIFIED_SERVICE,Buses replace trains between Cabramatta and Granville,"Sunday 4 October
From 5:30AM to 9:40AM, buses replace trains between Cabramatta and Granville.
Trains run to a changed timetable between Leppington and the City via Regents Park.",IWL_1a,-460769293585121233,2026-10-03 18:30:00+00:00,2026-10-03 22:40:00+00:00
77a58cd0-8ce8-5e8d-8c92-db8cbf4b7826,MAINTENANCE,MODIFIED_SERVICE,Buses replace trains between Cabramatta and Granville,"Sunday 4 October
From 5:30AM to 9:40AM, buses replace trains between Cabramatta and Granville.
Trains run to a changed timetable between Leppington and the City via Regents Park.",IWL_1d,7284748182596493165,2026-10-03 18:30:00+00:00,2026-10-03 22:40:00+00:00
77a58cd0-8ce8-5e8d-8c92-db8cbf4b7826,MAINTENANCE,MODIFIED_SERVICE,Buses replace trains between Cabramatta and Granville,"Sunday 4 October
From 5:30AM to 9:40AM, buses replace trains between Cabramatta and Granville.
Trains run to a changed timetable between Leppington and the City via Regents Park.",IWL_1h,6999377604685702146,2026-10-03 18:30:00+00:00,2026-10-03 22:40:00+00:00
b2e90342-af67-50e3-a804-329d980f269b,MAINTENANCE,MODIFIED_SERVICE,Extra trains run between Leppington and the City via Regents Park,"Sunday 4 October
From 5:30AM to 9:40AM, extra trains run between Leppington and the City via Regents Park.",BNK_2h,3013139253553952589,2026-10-03 18:30:00+00:00,2026-10-03 22:40:03+00:00
47b8e043-f824-5a30-96fc-9a9ff30408a9,MAINTENANCE,MODIFIED_SERVICE,"At Cowan and Hawkesbury River, trains may leave from different platforms","Sunday 4 October
From 6AM to 11AM, at Cowan and Hawkesbury River, all trains leave from platform 1.",CCN_1b,-5236434750823934246,2026-10-03 19:00:00+00:00,2026-10-04 00:00:50+00:00
6bbebaa6-05b7-5784-b3c1-9aa38c44d685,MAINTENANCE,MODIFIED_SERVICE,"At Helensburgh and Otford, trains leave from different platforms","Sunday 4 October
From 7:30AM to 11:30AM, at Helensburgh and Otford, all trains leave from platform 1.
From 12PM to 4PM, at Otford and Helensburgh, all trains leave from platform 2.",SCO_1b,-3539652250674250885,2026-10-03 20:30:00+00:00,2026-10-04 05:00:04+00:00
a7a3ff7c-2231-5430-a38f-0ddeb000b242,MAINTENANCE,MODIFIED_SERVICE,Some trains run to a changed timetable and stopping pattern,"Monday 5 October
From 11:50PM to 1:30AM, some trains run between Richmond or Leppington and Olympic Park.
You may need to change trains at Granville to continue your journey.",CMB_2b,299721892419967497,2026-10-05 12:50:00+00:00,2026-10-05 14:30:22+00:00
2296d332-0849-557b-9655-7b386b02a419,MAINTENANCE,MODIFIED_SERVICE,Buses replace trains between Olympic Park and Ashfield or Central,"Monday 5 October
From 6:00PM to 2:00AM, buses replace trains between Olympic Park and Ashfield. Express buses also run between Olympic Park and Central.
Replacement buses do not leave from Lidcombe.
Trains run to a changed timetable between:
- Leppington and Olympic Park
- Glenfield and the City via the Airport
- Ashfield and the City, continuing to T1 North Shore Line stations.",IWL_2c,-7246217427817351284,2026-10-05 07:00:00+00:00,2026-10-05 15:00:44+00:00
2296d332-0849-557b-9655-7b386b02a419,MAINTENANCE,MODIFIED_SERVICE,Buses replace trains between Olympic Park and Ashfield or Central,"Monday 5 October
From 6:00PM to 2:00AM, buses replace trains between Olympic Park and Ashfield. Express buses also run between Olympic Park and Central.
Replacement buses do not leave from Lidcombe.
Trains run to a changed timetable between:
- Leppington and Olympic Park
- Glenfield and the City via the Airport
- Ashfield and the City, continuing to T1 North Shore Line stations.",IWL_2g,4132240000327817005,2026-10-05 07:00:00+00:00,2026-10-05 15:00:44+00:00
2296d332-0849-557b-9655-7b386b02a419,MAINTENANCE,MODIFIED_SERVICE,Buses replace trains between Olympic Park and Ashfield or Central,"Monday 5 October
From 6:00PM to 2:00AM, buses replace trains between Olympic Park and Ashfield. Express buses also run between Olympic Park and Central.
Replacement buses do not leave from Lidcombe.
Trains run to a changed timetable between:
- Leppington and Olympic Park
- Glenfield and the City via the Airport
- Ashfield and the City, continuing to T1 North Shore Line stations.",IWL_2j,-1303612948344505806,2026-10-05 07:00:00+00:00,2026-10-05 15:00:44+00:00
2296d332-0849-557b-9655-7b386b02a419,MAINTENANCE,MODIFIED_SERVICE,Buses replace trains between Olympic Park and Ashfield or Central,"Monday 5 October
From 6:00PM to 2:00AM, buses replace trains between Olympic Park and Ashfield. Express buses also run between Olympic Park and Central.
Replacement buses do not leave from Lidcombe.
Trains run to a changed timetable between:
- Leppington and Olympic Park
- Glenfield and the City via the Airport
- Ashfield and the City, continuing to T1 North Shore Line stations.",IWL_1i,-8590447049958111075,2026-10-05 07:00:00+00:00,2026-10-05 15:00:44+00:00
e0cde705-848b-5914-9472-bed39002de78,MAINTENANCE,MODIFIED_SERVICE,Buses replace trains between Olympic Park and Ashfield or Central,"Monday 5 October
From 6PM to 2AM, buses replace trains between Olympic Park and Ashfield. Express buses also run between Olympic Park and Central.
Replacement buses do not leave from Lidcombe.
Trains run to a changed timetable between:
- Liverpool and Lidcombe
- Lidcombe and Olympic Park
- Ashfield and the City, continuing to T1 North Shore Line stations.
You may need to change services to continue your journey.",BNK_1a,6313364393264430797,2026-10-05 07:00:00+00:00,2026-10-05 15:00:53+00:00
aa8dc13b-cf94-5605-888d-0fe6a081cf8b,UNKNOWN_CAUSE,UNKNOWN_EFFECT,"Station Update - Bexley North, Kingsgrove, Lisarow and more",The warning tactiles are missing on some sections of the platform. Repairs have been arranged.  Please use caution and take care,IWL_2b,7400251048012378211,2026-08-30 19:08:43+00:00,
aa8dc13b-cf94-5605-888d-0fe6a081cf8b,UNKNOWN_CAUSE,UNKNOWN_EFFECT,"Station Update - Bexley North, Kingsgrove, Lisarow and more",The warning tactiles are missing on some sections of the platform. Repairs have been arranged.  Please use caution and take care,IWL_2h,-5042242428352878110,2026-08-30 19:08:43+00:00,
aa8dc13b-cf94-5605-888d-0fe6a081cf8b,UNKNOWN_CAUSE,UNKNOWN_EFFECT,"Station Update - Bexley North, Kingsgrove, Lisarow and more",The warning tactiles are missing on some sections of the platform. Repairs have been arranged.  Please use caution and take care,BNK_2b,-6006373974454194731,2026-08-30 19:08:43+00:00,
aa8dc13b-cf94-5605-888d-0fe6a081cf8b,UNKNOWN_CAUSE,UNKNOWN_EFFECT,"Station Update - Bexley North, Kingsgrove, Lisarow and more",The warning tactiles are missing on some sections of the platform. Repairs have been arranged.  Please use caution and take care,NTH_2a,8355324188916703396,2026-08-30 19:08:43+00:00,
aa8dc13b-cf94-5605-888d-0fe6a081cf8b,UNKNOWN_CAUSE,UNKNOWN_EFFECT,"Station Update - Bexley North, Kingsgrove, Lisarow and more",The warning tactiles are missing on some sections of the platform. Repairs have been arranged.  Please use caution and take care,CCN_2a,-5978113767534294052,2026-08-30 19:08:43+00:00,
aa8dc13b-cf94-5605-888d-0fe6a081cf8b,UNKNOWN_CAUSE,UNKNOWN_EFFECT,"Station Update - Bexley North, Kingsgrove, Lisarow and more",The warning tactiles are missing on some sections of the platform. Repairs have been arranged.  Please use caution and take care,IWL_1b,6193968622723203843,2026-08-30 19:08:43+00:00,
aa8dc13b-cf94-5605-888d-0fe6a081cf8b,UNKNOWN_CAUSE,UNKNOWN_EFFECT,"Station Update - Bexley North, Kingsgrove, Lisarow and more",The warning tactiles are missing on some sections of the platform. Repairs have been arranged.  Please use caution and take care,IWL_1j,1258465799022621567,2026-08-30 19:08:43+00:00,
aa8dc13b-cf94-5605-888d-0fe6a081cf8b,UNKNOWN_CAUSE,UNKNOWN_EFFECT,"Station Update - Bexley North, Kingsgrove, Lisarow and more",The warning tactiles are missing on some sections of the platform. Repairs have been arranged.  Please use caution and take care,APS_1b,3528247148565883103,2026-08-30 19:08:43+00:00,
7e669567-64e5-5fec-83a2-7332090518c3,UNKNOWN_CAUSE,UNKNOWN_EFFECT,Station Update - Central,"From Sunday to Thursday, between 10pm and 5am, ceiling installation works will take place in the pedestrian tunnel between platforms 4 and 11 and the lower concourse.
 - During this time, the Redfern end stairs on Platforms 4 to 11 will be closed.
 - Customer will need to use the City end of the platform to exit via the Grand Concourse.
 - If you need assistance, ask station staff or call 9379 1777.",IWL_2g,4132240000327817005,2026-08-06 00:30:06+00:00,
7e669567-64e5-5fec-83a2-7332090518c3,UNKNOWN_CAUSE,UNKNOWN_EFFECT,Station Update - Central,"From Sunday to Thursday, between 10pm and 5am, ceiling installation works will take place in the pedestrian tunnel between platforms 4 and 11 and the lower concourse.
 - During this time, the Redfern end stairs on Platforms 4 to 11 will be closed.
 - Customer will need to use the City end of the platform to exit via the Grand Concourse.
 - If you need assistance, ask station staff or call 9379 1777.",BNK_2f,-4213221836035426102,2026-08-06 00:30:06+00:00,
7e669567-64e5-5fec-83a2-7332090518c3,UNKNOWN_CAUSE,UNKNOWN_EFFECT,Station Update - Central,"From Sunday to Thursday, between 10pm and 5am, ceiling installation works will take place in the pedestrian tunnel between platforms 4 and 11 and the lower concourse.
 - During this time, the Redfern end stairs on Platforms 4 to 11 will be closed.
 - Customer will need to use the City end of the platform to exit via the Grand Concourse.
 - If you need assistance, ask station staff or call 9379 1777.",T3_2c,4458461905226594776,2026-08-06 00:30:06+00:00,
7e669567-64e5-5fec-83a2-7332090518c3,UNKNOWN_CAUSE,UNKNOWN_EFFECT,Station Update - Central,"From Sunday to Thursday, between 10pm and 5am, ceiling installation works will take place in the pedestrian tunnel between platforms 4 and 11 and the lower concourse.
 - During this time, the Redfern end stairs on Platforms 4 to 11 will be closed.
 - Customer will need to use the City end of the platform to exit via the Grand Concourse.
 - If you need assistance, ask station staff or call 9379 1777.",SCO_2a,799312986268590053,2026-08-06 00:30:06+00:00,
7e669567-64e5-5fec-83a2-7332090518c3,UNKNOWN_CAUSE,UNKNOWN_EFFECT,Station Update - Central,"From Sunday to Thursday, between 10pm and 5am, ceiling installation works will take place in the pedestrian tunnel between platforms 4 and 11 and the lower concourse.
 - During this time, the Redfern end stairs on Platforms 4 to 11 will be closed.
 - Customer will need to use the City end of the platform to exit via the Grand Concourse.
 - If you need assistance, ask station staff or call 9379 1777.",4T.T.NT36,-1985489340422612340,2026-08-06 00:30:06+00:00,
7e669567-64e5-5fec-83a2-7332090518c3,UNKNOWN_CAUSE,UNKNOWN_EFFECT,Station Update - Central,"From Sunday to Thursday, between 10pm and 5am, ceiling installation works will take place in the pedestrian tunnel between platforms 4 and 11 and the lower concourse.
 - During this time, the Redfern end stairs on Platforms 4 to 11 will be closed.
 - Customer will need to use the City end of the platform to exit via the Grand Concourse.
 - If you need assistance, ask station staff or call 9379 1777.",4T.C.2406,-231815702529731448,2026-08-06 00:30:06+00:00,
7e669567-64e5-5fec-83a2-7332090518c3,UNKNOWN_CAUSE,UNKNOWN_EFFECT,Station Update - Central,"From Sunday to Thursday, between 10pm and 5am, ceiling installation works will take place in the pedestrian tunnel between platforms 4 and 11 and the lower concourse.
 - During this time, the Redfern end stairs on Platforms 4 to 11 will be closed.
 - Customer will need to use the City end of the platform to exit via the Grand Concourse.
 - If you need assistance, ask station staff or call 9379 1777.",4T.C.2802,6243983587281700788,2026-08-06 00:30:06+00:00,
7e669567-64e5-5fec-83a2-7332090518c3,UNKNOWN_CAUSE,UNKNOWN_EFFECT,Station Update - Central,"From Sunday to Thursday, between 10pm and 5am, ceiling installation works will take place in the pedestrian tunnel between platforms 4 and 11 and the lower concourse.
 - During this time, the Redfern end stairs on Platforms 4 to 11 will be closed.
 - Customer will need to use the City end of the platform to exit via the Grand Concourse.
 - If you need assistance, ask station staff or call 9379 1777.",4T.C.6406,-3431182279738315358,2026-08-06 00:30:06+00:00,
7e669567-64e5-5fec-83a2-7332090518c3,UNKNOWN_CAUSE,UNKNOWN_EFFECT,Station Update - Central,"From Sunday to Thursday, between 10pm and 5am, ceiling installation works will take place in the pedestrian tunnel between platforms 4 and 11 and the lower concourse.
 - During this time, the Redfern end stairs on Platforms 4 to 11 will be closed.
 - Customer will need to use the City end of the platform to exit via the Grand Concourse.
 - If you need assistance, ask station staff or call 9379 1777.",BNK_1b,824071575942029262,2026-08-06 00:30:06+00:00,
7e669567-64e5-5fec-83a2-7332090518c3,UNKNOWN_CAUSE,UNKNOWN_EFFECT,Station Update - Central,"From Sunday to Thursday, between 10pm and 5am, ceiling installation works will take place in the pedestrian tunnel between platforms 4 and 11 and the lower concourse.
 - During this time, the Redfern end stairs on Platforms 4 to 11 will be closed.
 - Customer will need to use the City end of the platform to exit via the Grand Concourse.
 - If you need assistance, ask station staff or call 9379 1777.",BNK_1f,2955980060543399440,2026-08-06 00:30:06+00:00,
7e669567-64e5-5fec-83a2-7332090518c3,UNKNOWN_CAUSE,UNKNOWN_EFFECT,Station Update - Central,"From Sunday to Thursday, between 10pm and 5am, ceiling installation works will take place in the pedestrian tunnel between platforms 4 and 11 and the lower concourse.
 - During this time, the Redfern end stairs on Platforms 4 to 11 will be closed.
 - Customer will need to use the City end of the platform to exit via the Grand Concourse.
 - If you need assistance, ask station staff or call 9379 1777.",NTH_1b,2926858006344023531,2026-08-06 00:30:06+00:00,
7e669567-64e5-5fec-83a2-7332090518c3,UNKNOWN_CAUSE,UNKNOWN_EFFECT,Station Update - Central,"From Sunday to Thursday, between 10pm and 5am, ceiling installation works will take place in the pedestrian tunnel between platforms 4 and 11 and the lower concourse.
 - During this time, the Redfern end stairs on Platforms 4 to 11 will be closed.
 - Customer will need to use the City end of the platform to exit via the Grand Concourse.
 - If you need assistance, ask station staff or call 9379 1777.",4T.T.NP23,6200613048660754983,2026-08-06 00:30:06+00:00,
7e669567-64e5-5fec-83a2-7332090518c3,UNKNOWN_CAUSE,UNKNOWN_EFFECT,Station Update - Central,"From Sunday to Thursday, between 10pm and 5am, ceiling installation works will take place in the pedestrian tunnel between platforms 4 and 11 and the lower concourse.
 - During this time, the Redfern end stairs on Platforms 4 to 11 will be closed.
 - Customer will need to use the City end of the platform to exit via the Grand Concourse.
 - If you need assistance, ask station staff or call 9379 1777.",4T.C.6103,-7010264219951485553,2026-08-06 00:30:06+00:00,
e8f62d25-979f-56f6-8f2f-dfda63c1b7b8,MAINTENANCE,UNKNOWN_EFFECT,"Cumberland Line, Leppington & Inner West Line","Allow extra travel time between Granville and Cabramatta due to urgent track repairs at Granville. Repair crews are on site and working to restore train services as soon as possible. Trains will be stopping at different platforms. Stops may change at short notice. 

Trains are not running between Granville and Cabramatta and will be diverted via Sefton to provide regular service. Customers travelling between Granville and Cabramatta via Merrylands are advised to consider catching nearby public transport services to continue their journey. We are trying to arrange replacement buses.  Please delay travel if possible or use other transport.  Well update you when we have more information. Customers should plan ahead and allow plenty of extra travel time.

For service updates, please check transport apps, information screens and listen to announcements.",IWL_2d,-8761173739318814829,2026-09-17 07:05:59+00:00,
e8f62d25-979f-56f6-8f2f-dfda63c1b7b8,MAINTENANCE,UNKNOWN_EFFECT,"Cumberland Line, Leppington & Inner West Line","Allow extra travel time between Granville and Cabramatta due to urgent track repairs at Granville. Repair crews are on site and working to restore train services as soon as possible. Trains will be stopping at different platforms. Stops may change at short notice. 

Trains are not running between Granville and Cabramatta and will be diverted via Sefton to provide regular service. Customers travelling between Granville and Cabramatta via Merrylands are advised to consider catching nearby public transport services to continue their journey. We are trying to arrange replacement buses.  Please delay travel if possible or use other transport.  Well update you when we have more information. Customers should plan ahead and allow plenty of extra travel time.

For service updates, please check transport apps, information screens and listen to announcements.",IWL_2i,-4396571606196770016,2026-09-17 07:05:59+00:00,
e8f62d25-979f-56f6-8f2f-dfda63c1b7b8,MAINTENANCE,UNKNOWN_EFFECT,"Cumberland Line, Leppington & Inner West Line","Allow extra travel time between Granville and Cabramatta due to urgent track repairs at Granville. Repair crews are on site and working to restore train services as soon as possible. Trains will be stopping at different platforms. Stops may change at short notice. 

Trains are not running between Granville and Cabramatta and will be diverted via Sefton to provide regular service. Customers travelling between Granville and Cabramatta via Merrylands are advised to consider catching nearby public transport services to continue their journey. We are trying to arrange replacement buses.  Please delay travel if possible or use other transport.  Well update you when we have more information. Customers should plan ahead and allow plenty of extra travel time.

For service updates, please check transport apps, information screens and listen to announcements.",IWL_2j,-1303612948344505806,2026-09-17 07:05:59+00:00,
e8f62d25-979f-56f6-8f2f-dfda63c1b7b8,MAINTENANCE,UNKNOWN_EFFECT,"Cumberland Line, Leppington & Inner West Line","Allow extra travel time between Granville and Cabramatta due to urgent track repairs at Granville. Repair crews are on site and working to restore train services as soon as possible. Trains will be stopping at different platforms. Stops may change at short notice. 

Trains are not running between Granville and Cabramatta and will be diverted via Sefton to provide regular service. Customers travelling between Granville and Cabramatta via Merrylands are advised to consider catching nearby public transport services to continue their journey. We are trying to arrange replacement buses.  Please delay travel if possible or use other transport.  Well update you when we have more information. Customers should plan ahead and allow plenty of extra travel time.

For service updates, please check transport apps, information screens and listen to announcements.",IWL_1g,5311805744952906065,2026-09-17 07:05:59+00:00,
e8f62d25-979f-56f6-8f2f-dfda63c1b7b8,MAINTENANCE,UNKNOWN_EFFECT,"Cumberland Line, Leppington & Inner West Line","Allow extra travel time between Granville and Cabramatta due to urgent track repairs at Granville. Repair crews are on site and working to restore train services as soon as possible. 

Most trains will be diverted via Sefton to provide regular service. Customers travelling between Granville and Cabramatta via Merrylands are advised to consider catching nearby public transport services to continue their journey. Trains will be stopping at different platforms. Stops may change at short notice. . 

For service updates, please check transport apps, information screens and listen to announcements.",IWL_2e,4659744773727575182,2026-09-17 06:37:33+00:00,
e8f62d25-979f-56f6-8f2f-dfda63c1b7b8,MAINTENANCE,UNKNOWN_EFFECT,"Cumberland Line, Leppington & Inner West Line","Allow extra travel time between Granville and Cabramatta due to urgent track repairs at Granville. Repair crews are on site and working to restore train services as soon as possible. 

Most trains will be diverted via Sefton to provide regular service. Customers travelling between Granville and Cabramatta via Merrylands are advised to consider catching nearby public transport services to continue their journey. Trains will be stopping at different platforms. Stops may change at short notice. . 

For service updates, please check transport apps, information screens and listen to announcements.",CMB_2c,2372143633426116796,2026-09-17 06:37:33+00:00,
e8f62d25-979f-56f6-8f2f-dfda63c1b7b8,MAINTENANCE,UNKNOWN_EFFECT,"Cumberland Line, Leppington & Inner West Line","Allow extra travel time between Granville and Cabramatta due to urgent track repairs at Granville. Repair crews are on site and working to restore train services as soon as possible. 

Most trains will be diverted via Sefton to provide regular service. Customers travelling between Granville and Cabramatta via Merrylands are advised to consider catching nearby public transport services to continue their journey. Trains will be stopping at different platforms. Stops may change at short notice. . 

For service updates, please check transport apps, information screens and listen to announcements.",IWL_1d,7284748182596493165,2026-09-17 06:37:33+00:00,
e8f62d25-979f-56f6-8f2f-dfda63c1b7b8,MAINTENANCE,UNKNOWN_EFFECT,"Cumberland Line, Leppington & Inner West Line","Allow extra travel time between Granville and Cabramatta due to urgent track repairs at Granville. Repair crews are on site and working to restore train services as soon as possible. 

Most trains will be diverted via Sefton to provide regular service. Customers travelling between Granville and Cabramatta via Merrylands are advised to consider catching nearby public transport services to continue their journey. Trains will be stopping at different platforms. Stops may change at short notice. . 

For service updates, please check transport apps, information screens and listen to announcements.",IWL_1j,1258465799022621567,2026-09-17 06:37:33+00:00,
e8f62d25-979f-56f6-8f2f-dfda63c1b7b8,MAINTENANCE,UNKNOWN_EFFECT,"Cumberland Line, Leppington & Inner West Line","Urgent track repairs at Granville have been completed. Services between Cabramatta and Granville have resumed. Services may be less frequent and travel time may be longer than normal. Stops may change at short notice. Delays up to 15 minutes may continue as services recover.

For service updates, please check transport apps, information screens and listen to announcements.",CMB_2c,2372143633426116796,2026-09-17 07:25:04+00:00,
e8f62d25-979f-56f6-8f2f-dfda63c1b7b8,MAINTENANCE,UNKNOWN_EFFECT,"Cumberland Line, Leppington & Inner West Line","Urgent track repairs at Granville have been completed. Services between Cabramatta and Granville have resumed. Services may be less frequent and travel time may be longer than normal. Stops may change at short notice. Delays up to 15 minutes may continue as services recover.

For service updates, please check transport apps, information screens and listen to announcements.",IWL_1c,-2200421255733575805,2026-09-17 07:25:04+00:00,
b961cac8-0a10-51fd-96b1-9fe939e887d3,MAINTENANCE,MODIFIED_SERVICE,Buses replace trains between Leppington and Fairfield,"Wednesday 16 and Thursday 17 September
Nightly from 9:40PM to 1:30AM, buses replace trains between Leppington and Fairfield.
Trains run to a changed timetable between Fairfield and the City via Granville, and between Glenfield and the City via the Airport.
Some Inner West trains run to a changed timetable between Olympic Park or Homebush and the City.
Buses also replace T3 Liverpool & Inner West Line trains between Liverpool and Lidcombe.",IWL_1d,7284748182596493165,2026-09-16 11:40:00+00:00,2026-09-16 15:30:00+00:00
b961cac8-0a10-51fd-96b1-9fe939e887d3,MAINTENANCE,MODIFIED_SERVICE,Buses replace trains between Leppington and Fairfield,"Wednesday 16 and Thursday 17 September
Nightly from 9:40PM to 1:30AM, buses replace trains between Leppington and Fairfield.
Trains run to a changed timetable between Fairfield and the City via Granville, and between Glenfield and the City via the Airport.
Some Inner West trains run to a changed timetable between Olympic Park or Homebush and the City.
Buses also replace T3 Liverpool & Inner West Line trains between Liverpool and Lidcombe.",IWL_1f,1221224009602693160,2026-09-16 11:40:00+00:00,2026-09-16 15:30:00+00:00
2ad7fb1d-1308-50c1-b8a0-fb227dc90a53,MAINTENANCE,MODIFIED_SERVICE,Buses replace trains between Liverpool and Lidcombe,"Wednesday 16 and Thursday 17 September
Nightly from 9:40PM to 1:30AM, buses replace trains between Liverpool and Lidcombe.
Trains run between Lidcombe and the City, to a changed timetable. You may need to change trains to continue your journey.
Buses also replace T2 Leppington & Inner West Line trains between Leppington and Fairfield, and T6 Lidcombe & Bankstown Line trains between Bankstown and Lidcombe.",T3_1c,-1482151186623865843,2026-09-16 11:40:00+00:00,2026-09-16 15:30:00+00:00
2ad7fb1d-1308-50c1-b8a0-fb227dc90a53,MAINTENANCE,MODIFIED_SERVICE,Buses replace trains between Liverpool and Lidcombe,"Wednesday 16 and Thursday 17 September
Nightly from 9:40PM to 1:30AM, buses replace trains between Liverpool and Lidcombe.
Trains run between Lidcombe and the City, to a changed timetable. You may need to change trains to continue your journey.
Buses also replace T2 Leppington & Inner West Line trains between Leppington and Fairfield, and T6 Lidcombe & Bankstown Line trains between Bankstown and Lidcombe.",T3_2d,2203676127428383300,2026-09-16 11:40:00+00:00,2026-09-16 15:30:00+00:00
43c708a8-065e-5d71-bc28-5c403486c3a5,MAINTENANCE,MODIFIED_SERVICE,Buses replace trains between Leppington and Fairfield,"Wednesday 16 and Thursday 17 September 
Nightly from 9:40PM to 1:30AM, buses replace trains between Leppington and Fairfield.
Trains run to a changed timetable between Fairfield and Richmond.",CMB_2d,-1209867813534204200,2026-09-16 11:40:00+00:00,2026-09-16 15:30:00+00:00
9b133fbd-6f13-5534-8fb0-c4c9734db170,MAINTENANCE,MODIFIED_SERVICE,T1 North Shore Line: Buses replace trains between Gordon and Milsons Point. Use metro services between Chatswood and the City,"Friday 18 September
From 11:30PM, buses replace trains between Gordon and Milsons Point, also stopping at Crows Nest and Victoria Cross metro stations.
Use metro services between Chatswood and the City.
Trains run between Berowra and Gordon, some to a changed timetable.",NSN_2a,9187031006395744173,2026-09-18 13:30:00+00:00,2026-09-18 16:00:28+00:00
2d69d46a-db04-5e40-b7bb-17fba51e249d,MAINTENANCE,MODIFIED_SERVICE,"T1 Western Line: Penrith trains run between Penrith and Central, platforms 1-14","Friday 18 September
From 11:30PM, Penrith trains run between Penrith and Central, platforms 1-14 only.",WST_2d,-6255990460352317300,2026-09-18 13:30:00+00:00,2026-09-18 16:00:45+00:00
2d69d46a-db04-5e40-b7bb-17fba51e249d,MAINTENANCE,MODIFIED_SERVICE,"T1 Western Line: Penrith trains run between Penrith and Central, platforms 1-14","Friday 18 September
From 11:30PM, Penrith trains run between Penrith and Central, platforms 1-14 only.",WST_1b,-2301718121315425992,2026-09-18 13:30:00+00:00,2026-09-18 16:00:45+00:00
6d17c60f-f62e-519a-96dd-cea7953b1650,MAINTENANCE,MODIFIED_SERVICE,Buses replace the all-stations trains between Wolli Creek and Revesby,"Sunday 20 September
From 8:40AM to 3PM, buses replace the all-stations trains between Wolli Creek and Revesby.
Express trains continue to run but do not stop at stations between Padstow and Turrella.",APS_1h,2391825133504522957,2026-09-19 22:40:00+00:00,2026-09-20 05:00:07+00:00
e1329f88-385f-5689-9a27-934865f326bd,MAINTENANCE,MODIFIED_SERVICE,"Trains run between Berowra or Hornsby and Central, platforms 1-14","Saturday 19 and Sunday 20 September
Trains run between Berowra or Hornsby and Central, platforms 1-14 only.
If travelling to T1 North Shore Line stations, change at Epping or Central for metro services to Victoria Cross, Crows Nest or Chatswood, then change for a bus.",NTH_1a,8283204442033751644,2026-09-18 16:00:00+00:00,2026-09-20 16:00:54+00:00
ac845045-d0c0-5a48-bdc9-40b302357093,MAINTENANCE,MODIFIED_SERVICE,Buses replace trains between Cabramatta and Granville,"Saturday 26 and Sunday 27 September
Buses replace trains between Cabramatta and Granville.
Trains run to a changed timetable and stopping pattern between Leppington and the City via Regents Park.
Change at:
- Cabramatta for buses to Canley Vale, Fairfield, Yennora, Guildford and Merrylands, or
- Lidcombe for trains towards Granville or T1 Western Line stations.",IWL_1g,5311805744952906065,2026-09-25 16:00:00+00:00,2026-09-27 16:00:19+00:00
a8c4b063-061e-5050-bdde-9f94fc8dce91,MAINTENANCE,MODIFIED_SERVICE,Sydney Metro trackwork may affect how you travel. Metro services do not run between Sydenham and Chatswood,"Saturday 26 and Sunday 27 September
Sydney Metro trackwork may affect how you travel. Metro services do not run between Sydenham and Chatswood.
Use trains between Sydenham, the City and Chatswood.",ESI_1d,-6150595769256102763,2026-09-25 16:00:00+00:00,2026-09-27 16:00:24+00:00
a8c4b063-061e-5050-bdde-9f94fc8dce91,MAINTENANCE,MODIFIED_SERVICE,Sydney Metro trackwork may affect how you travel. Metro services do not run between Sydenham and Chatswood,"Saturday 26 and Sunday 27 September
Sydney Metro trackwork may affect how you travel. Metro services do not run between Sydenham and Chatswood.
Use trains between Sydenham, the City and Chatswood.",ESI_1f,6623726655960024896,2026-09-25 16:00:00+00:00,2026-09-27 16:00:24+00:00
458650b8-76af-5f3c-b00c-a3a2e2d130be,MAINTENANCE,MODIFIED_SERVICE,Buses replace trains between Bomaderry and Wollongong,"Saturday 26 and Sunday 27 September
Buses replace trains between Bomaderry and Wollongong.
Trains run between Port Kembla, Wollongong and Bondi Junction, some to a changed timetable.
Buses do not run to the train timetable. If connecting with trains at Wollongong you may need to catch an earlier bus to ensure you meet your train connection.
Sydney Metro trackwork may affect how you travel. Metro services do not run between Sydenham and Chatswood.
Use trains between Central and Epping or Chatswood.",SCO_2a,799312986268590053,2026-09-25 16:00:00+00:00,2026-09-27 16:00:25+00:00
7a1297c1-0f7c-5fc3-95c7-fd1e7b580d1a,MAINTENANCE,MODIFIED_SERVICE,Buses replace trains between Cabramatta and Granville,"Saturday 26 and Sunday 27 September
Buses replace trains between Cabramatta and Granville.
Trains run to a changed timetable and stopping pattern between Leppington and the City via Regents Park, and between Schofields and Olympic Park.",CMB_2c,2372143633426116796,2026-09-25 16:00:00+00:00,2026-09-27 16:00:39+00:00
039b54e3-bd3b-5f93-b4c1-9fa68ae248a8,MAINTENANCE,MODIFIED_SERVICE,Trains run to a changed timetable and stopping pattern,"Saturday 26 and Sunday 27 September
Trains run to a changed timetable and stopping pattern between Leppington and the City.
You may need to change trains if travelling to Inner West stations.",T3_1b,-2398108274111041511,2026-09-25 16:00:00+00:00,2026-09-27 16:00:47+00:00
039b54e3-bd3b-5f93-b4c1-9fa68ae248a8,MAINTENANCE,MODIFIED_SERVICE,Trains run to a changed timetable and stopping pattern,"Saturday 26 and Sunday 27 September
Trains run to a changed timetable and stopping pattern between Leppington and the City.
You may need to change trains if travelling to Inner West stations.",T3_1d,6228501476923438915,2026-09-25 16:00:00+00:00,2026-09-27 16:00:47+00:00
3926e2a1-cf79-532a-a7c8-0787fb3006a2,MAINTENANCE,MODIFIED_SERVICE,Trains run to a changed timetable and stopping pattern,"Saturday 26 and Sunday 27 September
Trains may run to a changed timetable due to trackwork between Blacktown and Lidcombe.
Some trains between Bathurst and Lithgow also run to a changed timetable.",4T.T.BMT,45939443291718084,2026-09-25 16:00:00+00:00,2026-09-27 16:00:52+00:00
ee0d0ca9-7e69-5d24-9b92-c84f13f8126b,MAINTENANCE,MODIFIED_SERVICE,Trains run to a changed timetable and stopping pattern,"Trains run to a changed timetable and stopping pattern
 
Wednesday 30 September
From 10:30PM to 1:30AM, Inner West trains run between Ashfield and the City Circle only.
Leppington trains do not stop at Ashfield or Newtown.
T1 Western Line trains make extra stops at Homebush and Burwood. T9 Northern Line trains make extra stops at Croydon and Ashfield.
You may need to change trains to continue your journey.",IWL_2h,-5042242428352878110,2026-09-30 12:30:02+00:00,2026-09-30 15:30:00+00:00
ee0d0ca9-7e69-5d24-9b92-c84f13f8126b,MAINTENANCE,MODIFIED_SERVICE,Trains run to a changed timetable and stopping pattern,"Trains run to a changed timetable and stopping pattern
 
Wednesday 30 September
From 10:30PM to 1:30AM, Inner West trains run between Ashfield and the City Circle only.
Leppington trains do not stop at Ashfield or Newtown.
T1 Western Line trains make extra stops at Homebush and Burwood. T9 Northern Line trains make extra stops at Croydon and Ashfield.
You may need to change trains to continue your journey.",IWL_1b,6193968622723203843,2026-09-30 12:30:02+00:00,2026-09-30 15:30:00+00:00
ee0d0ca9-7e69-5d24-9b92-c84f13f8126b,MAINTENANCE,MODIFIED_SERVICE,Trains run to a changed timetable and stopping pattern,"Trains run to a changed timetable and stopping pattern
 
Wednesday 30 September
From 10:30PM to 1:30AM, Inner West trains run between Ashfield and the City Circle only.
Leppington trains do not stop at Ashfield or Newtown.
T1 Western Line trains make extra stops at Homebush and Burwood. T9 Northern Line trains make extra stops at Croydon and Ashfield.
You may need to change trains to continue your journey.",IWL_1g,5311805744952906065,2026-09-30 12:30:02+00:00,2026-09-30 15:30:00+00:00
669c9f49-5476-55f3-a619-192e1e529f0d,MAINTENANCE,MODIFIED_SERVICE,Trains run to a changed timetable and stopping pattern,"Wednesday 30 September
From 10:20PM to 1:30AM, trains run to a changed timetable between Liverpool and Lidcombe only. Change trains at Lidcombe to continue your journey.
Inner West trains run between Ashfield and the City Circle.
T1 Western Line trains run between Lidcombe and the City, making extra stops at Homebush and Burwood.
T9 Northern Line trains make extra stops at Croydon and Ashfield.",BNK_1a,6313364393264430797,2026-09-30 12:20:00+00:00,2026-09-30 15:30:26+00:00
b44c15ce-6501-59ae-adb4-eaf1a5b73e6c,MAINTENANCE,MODIFIED_SERVICE,Some trains run to a changed timetable. Trackwork at Wolli Creek may affect how you travel,"Wednesday 30 September and Thursday 1 October
Nightly from 9:50PM to 1:30AM, trains between Sydenham and the City Circle run to a changed timetable.
Nightly from 10:10PM to 1:30AM, trackwork at Wolli Creek may affect how you travel to T4 Eastern Suburbs & Illawarra or South Coast Line stations.
T4 Eastern Suburbs & Illawarra and South Coast Line trains do not stop at Wolli Creek. Buses run between Sydenham, Wolli Creek and Arncliffe.
Change at Central for T4 Eastern Suburbs & Illawarra or South Coast Line trains.",APS_2h,-4013274463802835251,2026-09-30 11:50:00+00:00,2026-09-30 15:30:00+00:00
0c8cfac9-3202-52dd-ba23-730b5566e826,MAINTENANCE,MODIFIED_SERVICE,"At Hawkesbury River and Cowan, trains may leave from different platforms.  If travelling to Cowan you may need to change at Hawkesbury River for a bus","Saturday 3 October
From 5:30AM to 10:30AM, at Hawkesbury River and Cowan, all trains leave from platform 2.
From 7AM to 11:10AM, trains towards Hornsby do not stop at Cowan.
Buses run from Hawkesbury River to Cowan, and from Cowan to Berowra, in that direction only.
If travelling to Cowan, change at Hawkesbury River for a bus.
At Cowan, catch a bus to Berowra then change for a train to continue your journey.
Trains towards Gosford continue to stop at Cowan.",CCN_1a,6945390360945871574,2026-10-02 19:30:00+00:00,2026-10-03 01:10:09+00:00
dfc94053-1fd9-567e-9324-e8f3b60388e0,MAINTENANCE,MODIFIED_SERVICE,Buses replace trains between Lithgow and Katoomba,"Saturday 3 October
From 9:20AM to 4:40PM, buses replace trains between Lithgow and Katoomba.
Trains run to a changed timetable between Katoomba and Central.",4T.T.BMT,45939443291718084,2026-10-02 23:20:00+00:00,2026-10-03 06:40:01+00:00
77a58cd0-8ce8-5e8d-8c92-db8cbf4b7826,MAINTENANCE,MODIFIED_SERVICE,Buses replace trains between Cabramatta and Granville,"Sunday 4 October
From 5:30AM to 9:40AM, buses replace trains between Cabramatta and Granville.
Trains run to a changed timetable between Leppington and the City via Regents Park.",IWL_2d,-8761173739318814829,2026-10-03 18:30:00+00:00,2026-10-03 22:40:00+00:00
77a58cd0-8ce8-5e8d-8c92-db8cbf4b7826,MAINTENANCE,MODIFIED_SERVICE,Buses replace trains between Cabramatta and Granville,"Sunday 4 October
From 5:30AM to 9:40AM, buses replace trains between Cabramatta and Granville.
Trains run to a changed timetable between Leppington and the City via Regents Park.",IWL_2f,4691458740276869547,2026-10-03 18:30:00+00:00,2026-10-03 22:40:00+00:00
d9e7ac87-a2d6-55d4-a9ef-62efa975f42b,MAINTENANCE,MODIFIED_SERVICE,Trains run to a changed timetable and stopping pattern,"Saturday 3 October
From 9:30AM to 1PM, trains run to a changed timetable between Liverpool and Lidcombe, and between Homebush and the City only.
You may need to change trains to continue your journey.
T1 Western and T2 Leppington Line trains run between Lidcombe and the City.",BNK_1f,2955980060543399440,2026-10-03 11:30:00+00:00,2026-10-04 02:00:04+00:00
d9e7ac87-a2d6-55d4-a9ef-62efa975f42b,MAINTENANCE,MODIFIED_SERVICE,Trains run to a changed timetable and stopping pattern,"Saturday 3 October
From 9:30AM to 1PM, trains run to a changed timetable between Liverpool and Lidcombe, and between Homebush and the City only.
You may need to change trains to continue your journey.
T1 Western and T2 Leppington Line trains run between Lidcombe and the City.",BNK_1h,-6917538048992148610,2026-10-03 11:30:00+00:00,2026-10-04 02:00:04+00:00
d9e7ac87-a2d6-55d4-a9ef-62efa975f42b,MAINTENANCE,MODIFIED_SERVICE,Trains run to a changed timetable and stopping pattern,"Saturday 3 October
From 9:30AM to 1PM, trains run to a changed timetable between Liverpool and Lidcombe, and between Homebush and the City only.
You may need to change trains to continue your journey.
T1 Western and T2 Leppington Line trains run between Lidcombe and the City.",T3_1b,-2398108274111041511,2026-10-03 11:30:00+00:00,2026-10-04 02:00:04+00:00
6bbebaa6-05b7-5784-b3c1-9aa38c44d685,MAINTENANCE,MODIFIED_SERVICE,"At Helensburgh and Otford, trains leave from different platforms","Sunday 4 October
From 7:30AM to 11:30AM, at Helensburgh and Otford, all trains leave from platform 1.
From 12PM to 4PM, at Otford and Helensburgh, all trains leave from platform 2.",SCO_1a,4202176109787108346,2026-10-03 20:30:00+00:00,2026-10-04 05:00:04+00:00
5500f84d-e087-5748-af79-f76f9d478444,MAINTENANCE,MODIFIED_SERVICE,Trains run to a changed timetable and stopping pattern,"Monday 5 October
From 9:30AM to 1PM, trains run to a changed timetable between Liverpool and Lidcombe, and between Homebush and the City only.
You may need to change trains to continue your journey.
T1 Western and T2 Leppington Line trains run between Lidcombe and the City.",BNK_2g,7746676549497845523,2026-10-04 22:30:00+00:00,2026-10-05 02:00:31+00:00
5500f84d-e087-5748-af79-f76f9d478444,MAINTENANCE,MODIFIED_SERVICE,Trains run to a changed timetable and stopping pattern,"Monday 5 October
From 9:30AM to 1PM, trains run to a changed timetable between Liverpool and Lidcombe, and between Homebush and the City only.
You may need to change trains to continue your journey.
T1 Western and T2 Leppington Line trains run between Lidcombe and the City.",T3_1a,-7189270326134903042,2026-10-04 22:30:00+00:00,2026-10-05 02:00:31+00:00
5500f84d-e087-5748-af79-f76f9d478444,MAINTENANCE,MODIFIED_SERVICE,Trains run to a changed timetable and stopping pattern,"Monday 5 October
From 9:30AM to 1PM, trains run to a changed timetable between Liverpool and Lidcombe, and between Homebush and the City only.
You may need to change trains to continue your journey.
T1 Western and T2 Leppington Line trains run between Lidcombe and the City.",T3_1c,-1482151186623865843,2026-10-04 22:30:00+00:00,2026-10-05 02:00:31+00:00
a7a3ff7c-2231-5430-a38f-0ddeb000b242,MAINTENANCE,MODIFIED_SERVICE,Some trains run to a changed timetable and stopping pattern,"Monday 5 October
From 11:50PM to 1:30AM, some trains run between Richmond or Leppington and Olympic Park.
You may need to change trains at Granville to continue your journey.",CMB_1d,1150323432029512968,2026-10-05 12:50:00+00:00,2026-10-05 14:30:22+00:00
c6c4ee06-2ddc-5b1c-97bf-78c7d70a8d40,MAINTENANCE,MODIFIED_SERVICE,Buses replace trains between Port Kembla and Wollongong,"Saturday 3 to Monday 5 October 
Buses replace trains between Port Kembla and Wollongong.
Trains run between Bomaderry, Kiama and Bondi Junction, some to a changed timetable.
Buses towards Wollongong may leave stations up to 15 minutes earlier than the normal train timetable.",SCO_1b,-3539652250674250885,2026-10-02 16:00:00+00:00,2026-10-05 15:00:27+00:00
074c6ef5-dee2-547a-a802-30866ad80ff8,MAINTENANCE,MODIFIED_SERVICE,Buses replace trains between Newcastle Interchange and Wyong. Trains run to a changed timetable and stopping pattern,"Sunday 4 and Monday 5 October
Buses replace trains between Newcastle Interchange and Wyong.
Trains run between Wyong and Central, some to a changed timetable.
Monday from 6PM to 2AM, trains run between Wyong and Hornsby only.
T1 North Shore Line trains run between Hornsby and the City, and T9 Northern Line trains run between Hornsby and Rhodes only.
Buses replace trains between Rhodes and Ashfield or Central.
Use metro services between Epping or Chatswood and the City.",CCN_1c,7107036069782603127,2026-10-03 16:00:00+00:00,2026-10-05 15:00:33+00:00
2296d332-0849-557b-9655-7b386b02a419,MAINTENANCE,MODIFIED_SERVICE,Buses replace trains between Olympic Park and Ashfield or Central,"Monday 5 October
From 6:00PM to 2:00AM, buses replace trains between Olympic Park and Ashfield. Express buses also run between Olympic Park and Central.
Replacement buses do not leave from Lidcombe.
Trains run to a changed timetable between:
- Leppington and Olympic Park
- Glenfield and the City via the Airport
- Ashfield and the City, continuing to T1 North Shore Line stations.",IWL_1b,6193968622723203843,2026-10-05 07:00:00+00:00,2026-10-05 15:00:44+00:00
e0cde705-848b-5914-9472-bed39002de78,MAINTENANCE,MODIFIED_SERVICE,Buses replace trains between Olympic Park and Ashfield or Central,"Monday 5 October
From 6PM to 2AM, buses replace trains between Olympic Park and Ashfield. Express buses also run between Olympic Park and Central.
Replacement buses do not leave from Lidcombe.
Trains run to a changed timetable between:
- Liverpool and Lidcombe
- Lidcombe and Olympic Park
- Ashfield and the City, continuing to T1 North Shore Line stations.
You may need to change services to continue your journey.",BNK_2a,655547182426901944,2026-10-05 07:00:00+00:00,2026-10-05 15:00:53+00:00
e0cde705-848b-5914-9472-bed39002de78,MAINTENANCE,MODIFIED_SERVICE,Buses replace trains between Olympic Park and Ashfield or Central,"Monday 5 October
From 6PM to 2AM, buses replace trains between Olympic Park and Ashfield. Express buses also run between Olympic Park and Central.
Replacement buses do not leave from Lidcombe.
Trains run to a changed timetable between:
- Liverpool and Lidcombe
- Lidcombe and Olympic Park
- Ashfield and the City, continuing to T1 North Shore Line stations.
You may need to change services to continue your journey.",BNK_2b,-6006373974454194731,2026-10-05 07:00:00+00:00,2026-10-05 15:00:53+00:00
aa8dc13b-cf94-5605-888d-0fe6a081cf8b,UNKNOWN_CAUSE,UNKNOWN_EFFECT,"Station Update - Bexley North, Kingsgrove, Lisarow and more",The warning tactiles are missing on some sections of the platform. Repairs have been arranged.  Please use caution and take care,BNK_2g,7746676549497845523,2026-08-30 19:08:43+00:00,
aa8dc13b-cf94-5605-888d-0fe6a081cf8b,UNKNOWN_CAUSE,UNKNOWN_EFFECT,"Station Update - Bexley North, Kingsgrove, Lisarow and more",The warning tactiles are missing on some sections of the platform. Repairs have been arranged.  Please use caution and take care,T3_2c,4458461905226594776,2026-08-30 19:08:43+00:00,
aa8dc13b-cf94-5605-888d-0fe6a081cf8b,UNKNOWN_CAUSE,UNKNOWN_EFFECT,"Station Update - Bexley North, Kingsgrove, Lisarow and more",The warning tactiles are missing on some sections of the platform. Repairs have been arranged.  Please use caution and take care,T3_2d,2203676127428383300,2026-08-30 19:08:43+00:00,
aa8dc13b-cf94-5605-888d-0fe6a081cf8b,UNKNOWN_CAUSE,UNKNOWN_EFFECT,"Station Update - Bexley North, Kingsgrove, Lisarow and more",The warning tactiles are missing on some sections of the platform. Repairs have been arranged.  Please use caution and take care,APS_2d,3209398359404724700,2026-08-30 19:08:43+00:00,
aa8dc13b-cf94-5605-888d-0fe6a081cf8b,UNKNOWN_CAUSE,UNKNOWN_EFFECT,"Station Update - Bexley North, Kingsgrove, Lisarow and more",The warning tactiles are missing on some sections of the platform. Repairs have been arranged.  Please use caution and take care,APS_2e,-3879013211178800379,2026-08-30 19:08:43+00:00,
aa8dc13b-cf94-5605-888d-0fe6a081cf8b,UNKNOWN_CAUSE,UNKNOWN_EFFECT,"Station Update - Bexley North, Kingsgrove, Lisarow and more",The warning tactiles are missing on some sections of the platform. Repairs have been arranged.  Please use caution and take care,IWL_1c,-2200421255733575805,2026-08-30 19:08:43+00:00,
aa8dc13b-cf94-5605-888d-0fe6a081cf8b,UNKNOWN_CAUSE,UNKNOWN_EFFECT,"Station Update - Bexley North, Kingsgrove, Lisarow and more",The warning tactiles are missing on some sections of the platform. Repairs have been arranged.  Please use caution and take care,IWL_1e,2161230079104197071,2026-08-30 19:08:43+00:00,
aa8dc13b-cf94-5605-888d-0fe6a081cf8b,UNKNOWN_CAUSE,UNKNOWN_EFFECT,"Station Update - Bexley North, Kingsgrove, Lisarow and more",The warning tactiles are missing on some sections of the platform. Repairs have been arranged.  Please use caution and take care,IWL_1h,6999377604685702146,2026-08-30 19:08:43+00:00,
aa8dc13b-cf94-5605-888d-0fe6a081cf8b,UNKNOWN_CAUSE,UNKNOWN_EFFECT,"Station Update - Bexley North, Kingsgrove, Lisarow and more",The warning tactiles are missing on some sections of the platform. Repairs have been arranged.  Please use caution and take care,IWL_1i,-8590447049958111075,2026-08-30 19:08:43+00:00,
7e669567-64e5-5fec-83a2-7332090518c3,UNKNOWN_CAUSE,UNKNOWN_EFFECT,Station Update - Central,"From Sunday to Thursday, between 10pm and 5am, ceiling installation works will take place in the pedestrian tunnel between platforms 4 and 11 and the lower concourse.
 - During this time, the Redfern end stairs on Platforms 4 to 11 will be closed.
 - Customer will need to use the City end of the platform to exit via the Grand Concourse.
 - If you need assistance, ask station staff or call 9379 1777.",BNK_2g,7746676549497845523,2026-08-06 00:30:06+00:00,
7e669567-64e5-5fec-83a2-7332090518c3,UNKNOWN_CAUSE,UNKNOWN_EFFECT,Station Update - Central,"From Sunday to Thursday, between 10pm and 5am, ceiling installation works will take place in the pedestrian tunnel between platforms 4 and 11 and the lower concourse.
 - During this time, the Redfern end stairs on Platforms 4 to 11 will be closed.
 - Customer will need to use the City end of the platform to exit via the Grand Concourse.
 - If you need assistance, ask station staff or call 9379 1777.",APS_2d,3209398359404724700,2026-08-06 00:30:06+00:00,
7e669567-64e5-5fec-83a2-7332090518c3,UNKNOWN_CAUSE,UNKNOWN_EFFECT,Station Update - Central,"From Sunday to Thursday, between 10pm and 5am, ceiling installation works will take place in the pedestrian tunnel between platforms 4 and 11 and the lower concourse.
 - During this time, the Redfern end stairs on Platforms 4 to 11 will be closed.
 - Customer will need to use the City end of the platform to exit via the Grand Concourse.
 - If you need assistance, ask station staff or call 9379 1777.",4T.T.NT34,-7835336798660550322,2026-08-06 00:30:06+00:00,
7e669567-64e5-5fec-83a2-7332090518c3,UNKNOWN_CAUSE,UNKNOWN_EFFECT,Station Update - Central,"From Sunday to Thursday, between 10pm and 5am, ceiling installation works will take place in the pedestrian tunnel between platforms 4 and 11 and the lower concourse.
 - During this time, the Redfern end stairs on Platforms 4 to 11 will be closed.
 - Customer will need to use the City end of the platform to exit via the Grand Concourse.
 - If you need assistance, ask station staff or call 9379 1777.",4T.C.3204,7260231812686971701,2026-08-06 00:30:06+00:00,
7e669567-64e5-5fec-83a2-7332090518c3,UNKNOWN_CAUSE,UNKNOWN_EFFECT,Station Update - Central,"From Sunday to Thursday, between 10pm and 5am, ceiling installation works will take place in the pedestrian tunnel between platforms 4 and 11 and the lower concourse.
 - During this time, the Redfern end stairs on Platforms 4 to 11 will be closed.
 - Customer will need to use the City end of the platform to exit via the Grand Concourse.
 - If you need assistance, ask station staff or call 9379 1777.",4T.C.3208,-1224397717583923286,2026-08-06 00:30:06+00:00,
7e669567-64e5-5fec-83a2-7332090518c3,UNKNOWN_CAUSE,UNKNOWN_EFFECT,Station Update - Central,"From Sunday to Thursday, between 10pm and 5am, ceiling installation works will take place in the pedestrian tunnel between platforms 4 and 11 and the lower concourse.
 - During this time, the Redfern end stairs on Platforms 4 to 11 will be closed.
 - Customer will need to use the City end of the platform to exit via the Grand Concourse.
 - If you need assistance, ask station staff or call 9379 1777.",4T.C.6236,3401362769817554655,2026-08-06 00:30:06+00:00,
7e669567-64e5-5fec-83a2-7332090518c3,UNKNOWN_CAUSE,UNKNOWN_EFFECT,Station Update - Central,"From Sunday to Thursday, between 10pm and 5am, ceiling installation works will take place in the pedestrian tunnel between platforms 4 and 11 and the lower concourse.
 - During this time, the Redfern end stairs on Platforms 4 to 11 will be closed.
 - Customer will need to use the City end of the platform to exit via the Grand Concourse.
 - If you need assistance, ask station staff or call 9379 1777.",IWL_1j,1258465799022621567,2026-08-06 00:30:06+00:00,
7e669567-64e5-5fec-83a2-7332090518c3,UNKNOWN_CAUSE,UNKNOWN_EFFECT,Station Update - Central,"From Sunday to Thursday, between 10pm and 5am, ceiling installation works will take place in the pedestrian tunnel between platforms 4 and 11 and the lower concourse.
 - During this time, the Redfern end stairs on Platforms 4 to 11 will be closed.
 - Customer will need to use the City end of the platform to exit via the Grand Concourse.
 - If you need assistance, ask station staff or call 9379 1777.",IWL_2a,-1562489065343894865,2026-08-06 00:30:06+00:00,
7e669567-64e5-5fec-83a2-7332090518c3,UNKNOWN_CAUSE,UNKNOWN_EFFECT,Station Update - Central,"From Sunday to Thursday, between 10pm and 5am, ceiling installation works will take place in the pedestrian tunnel between platforms 4 and 11 and the lower concourse.
 - During this time, the Redfern end stairs on Platforms 4 to 11 will be closed.
 - Customer will need to use the City end of the platform to exit via the Grand Concourse.
 - If you need assistance, ask station staff or call 9379 1777.",BNK_1e,-9115475355294482475,2026-08-06 00:30:06+00:00,
7e669567-64e5-5fec-83a2-7332090518c3,UNKNOWN_CAUSE,UNKNOWN_EFFECT,Station Update - Central,"From Sunday to Thursday, between 10pm and 5am, ceiling installation works will take place in the pedestrian tunnel between platforms 4 and 11 and the lower concourse.
 - During this time, the Redfern end stairs on Platforms 4 to 11 will be closed.
 - Customer will need to use the City end of the platform to exit via the Grand Concourse.
 - If you need assistance, ask station staff or call 9379 1777.",ESI_1d,-6150595769256102763,2026-08-06 00:30:06+00:00,
7e669567-64e5-5fec-83a2-7332090518c3,UNKNOWN_CAUSE,UNKNOWN_EFFECT,Station Update - Central,"From Sunday to Thursday, between 10pm and 5am, ceiling installation works will take place in the pedestrian tunnel between platforms 4 and 11 and the lower concourse.
 - During this time, the Redfern end stairs on Platforms 4 to 11 will be closed.
 - Customer will need to use the City end of the platform to exit via the Grand Concourse.
 - If you need assistance, ask station staff or call 9379 1777.",APS_1b,3528247148565883103,2026-08-06 00:30:06+00:00,
7e669567-64e5-5fec-83a2-7332090518c3,UNKNOWN_CAUSE,UNKNOWN_EFFECT,Station Update - Central,"From Sunday to Thursday, between 10pm and 5am, ceiling installation works will take place in the pedestrian tunnel between platforms 4 and 11 and the lower concourse.
 - During this time, the Redfern end stairs on Platforms 4 to 11 will be closed.
 - Customer will need to use the City end of the platform to exit via the Grand Concourse.
 - If you need assistance, ask station staff or call 9379 1777.",4T.T.NT33,-2370475526643073074,2026-08-06 00:30:06+00:00,
7e669567-64e5-5fec-83a2-7332090518c3,UNKNOWN_CAUSE,UNKNOWN_EFFECT,Station Update - Central,"From Sunday to Thursday, between 10pm and 5am, ceiling installation works will take place in the pedestrian tunnel between platforms 4 and 11 and the lower concourse.
 - During this time, the Redfern end stairs on Platforms 4 to 11 will be closed.
 - Customer will need to use the City end of the platform to exit via the Grand Concourse.
 - If you need assistance, ask station staff or call 9379 1777.",4T.C.2301,-6729507603519262796,2026-08-06 00:30:06+00:00,
7e669567-64e5-5fec-83a2-7332090518c3,UNKNOWN_CAUSE,UNKNOWN_EFFECT,Station Update - Central,"From Sunday to Thursday, between 10pm and 5am, ceiling installation works will take place in the pedestrian tunnel between platforms 4 and 11 and the lower concourse.
 - During this time, the Redfern end stairs on Platforms 4 to 11 will be closed.
 - Customer will need to use the City end of the platform to exit via the Grand Concourse.
 - If you need assistance, ask station staff or call 9379 1777.",4T.C.3305,-839592924981134829,2026-08-06 00:30:06+00:00,
7e669567-64e5-5fec-83a2-7332090518c3,UNKNOWN_CAUSE,UNKNOWN_EFFECT,Station Update - Central,"From Sunday to Thursday, between 10pm and 5am, ceiling installation works will take place in the pedestrian tunnel between platforms 4 and 11 and the lower concourse.
 - During this time, the Redfern end stairs on Platforms 4 to 11 will be closed.
 - Customer will need to use the City end of the platform to exit via the Grand Concourse.
 - If you need assistance, ask station staff or call 9379 1777.",4T.C.4317,-4518745609511692648,2026-08-06 00:30:06+00:00,
7e669567-64e5-5fec-83a2-7332090518c3,UNKNOWN_CAUSE,UNKNOWN_EFFECT,Station Update - Central,"From Sunday to Thursday, between 10pm and 5am, ceiling installation works will take place in the pedestrian tunnel between platforms 4 and 11 and the lower concourse.
 - During this time, the Redfern end stairs on Platforms 4 to 11 will be closed.
 - Customer will need to use the City end of the platform to exit via the Grand Concourse.
 - If you need assistance, ask station staff or call 9379 1777.",4T.C.6303,-7704822459488148742,2026-08-06 00:30:06+00:00,
7e669567-64e5-5fec-83a2-7332090518c3,UNKNOWN_CAUSE,UNKNOWN_EFFECT,Station Update - Central,"From Sunday to Thursday, between 10pm and 5am, ceiling installation works will take place in the pedestrian tunnel between platforms 4 and 11 and the lower concourse.
 - During this time, the Redfern end stairs on Platforms 4 to 11 will be closed.
 - Customer will need to use the City end of the platform to exit via the Grand Concourse.
 - If you need assistance, ask station staff or call 9379 1777.",4T.C.6337,-3788879782044244333,2026-08-06 00:30:06+00:00,
e8f62d25-979f-56f6-8f2f-dfda63c1b7b8,MAINTENANCE,UNKNOWN_EFFECT,"Cumberland Line, Leppington & Inner West Line","Allow extra travel time between Granville and Cabramatta due to urgent track repairs at Granville. Repair crews are on site and working to restore train services as soon as possible. Trains will be stopping at different platforms. Stops may change at short notice. 

Trains are not running between Granville and Cabramatta and will be diverted via Sefton to provide regular service. Customers travelling between Granville and Cabramatta via Merrylands are advised to consider catching nearby public transport services to continue their journey. We are trying to arrange replacement buses.  Please delay travel if possible or use other transport.  Well update you when we have more information. Customers should plan ahead and allow plenty of extra travel time.

For service updates, please check transport apps, information screens and listen to announcements.",CMB_2c,2372143633426116796,2026-09-17 07:05:59+00:00,
e8f62d25-979f-56f6-8f2f-dfda63c1b7b8,MAINTENANCE,UNKNOWN_EFFECT,"Cumberland Line, Leppington & Inner West Line","Allow extra travel time between Granville and Cabramatta due to urgent track repairs at Granville. Repair crews are on site and working to restore train services as soon as possible. Trains will be stopping at different platforms. Stops may change at short notice. 

Trains are not running between Granville and Cabramatta and will be diverted via Sefton to provide regular service. Customers travelling between Granville and Cabramatta via Merrylands are advised to consider catching nearby public transport services to continue their journey. We are trying to arrange replacement buses.  Please delay travel if possible or use other transport.  Well update you when we have more information. Customers should plan ahead and allow plenty of extra travel time.

For service updates, please check transport apps, information screens and listen to announcements.",CMB_2d,-1209867813534204200,2026-09-17 07:05:59+00:00,
e8f62d25-979f-56f6-8f2f-dfda63c1b7b8,MAINTENANCE,UNKNOWN_EFFECT,"Cumberland Line, Leppington & Inner West Line","Allow extra travel time between Granville and Cabramatta due to urgent track repairs at Granville. Repair crews are on site and working to restore train services as soon as possible. Trains will be stopping at different platforms. Stops may change at short notice. 

Most trains will be diverted via Sefton to provide regular service. Customers travelling between Granville and Cabramatta via Merrylands are advised to consider catching nearby public transport services to continue their journey. We are trying to arrange replacement buses.  Please delay travel if possible or use other transport.  Well update you when we have more information. Customers should plan ahead and allow plenty of extra travel time.

For service updates, please check transport apps, information screens and listen to announcements.",IWL_1b,6193968622723203843,2026-09-17 06:50:04+00:00,
e8f62d25-979f-56f6-8f2f-dfda63c1b7b8,MAINTENANCE,UNKNOWN_EFFECT,"Cumberland Line, Leppington & Inner West Line","Allow extra travel time between Granville and Cabramatta due to urgent track repairs at Granville. Repair crews are on site and working to restore train services as soon as possible. Trains will be stopping at different platforms. Stops may change at short notice. 

Most trains will be diverted via Sefton to provide regular service. Customers travelling between Granville and Cabramatta via Merrylands are advised to consider catching nearby public transport services to continue their journey. We are trying to arrange replacement buses.  Please delay travel if possible or use other transport.  Well update you when we have more information. Customers should plan ahead and allow plenty of extra travel time.

For service updates, please check transport apps, information screens and listen to announcements.",IWL_1j,1258465799022621567,2026-09-17 06:50:04+00:00,
e8f62d25-979f-56f6-8f2f-dfda63c1b7b8,MAINTENANCE,UNKNOWN_EFFECT,"Cumberland Line, Leppington & Inner West Line","Allow extra travel time between Granville and Cabramatta due to urgent track repairs at Granville. Repair crews are on site and working to restore train services as soon as possible. Trains will be stopping at different platforms. Stops may change at short notice. 

Most trains will be diverted via Sefton to provide regular service. Customers travelling between Granville and Cabramatta via Merrylands are advised to consider catching nearby public transport services to continue their journey. We are trying to arrange replacement buses.  Please delay travel if possible or use other transport.  Well update you when we have more information. Customers should plan ahead and allow plenty of extra travel time.

For service updates, please check transport apps, information screens and listen to announcements.",CMB_2a,1644696160033301445,2026-09-17 06:50:04+00:00,
e8f62d25-979f-56f6-8f2f-dfda63c1b7b8,MAINTENANCE,UNKNOWN_EFFECT,"Cumberland Line, Leppington & Inner West Line","Allow extra travel time between Granville and Cabramatta due to urgent track repairs at Granville. Repair crews are on site and working to restore train services as soon as possible. 

Most trains will be diverted via Sefton to provide regular service. Customers travelling between Granville and Cabramatta via Merrylands are advised to consider catching nearby public transport services to continue their journey. Trains will be stopping at different platforms. Stops may change at short notice. . 

For service updates, please check transport apps, information screens and listen to announcements.",IWL_2b,7400251048012378211,2026-09-17 06:37:33+00:00,
e8f62d25-979f-56f6-8f2f-dfda63c1b7b8,MAINTENANCE,UNKNOWN_EFFECT,"Cumberland Line, Leppington & Inner West Line","Allow extra travel time between Granville and Cabramatta due to urgent track repairs at Granville. Repair crews are on site and working to restore train services as soon as possible. 

Most trains will be diverted via Sefton to provide regular service. Customers travelling between Granville and Cabramatta via Merrylands are advised to consider catching nearby public transport services to continue their journey. Trains will be stopping at different platforms. Stops may change at short notice. . 

For service updates, please check transport apps, information screens and listen to announcements.",IWL_2g,4132240000327817005,2026-09-17 06:37:33+00:00,
e8f62d25-979f-56f6-8f2f-dfda63c1b7b8,MAINTENANCE,UNKNOWN_EFFECT,"Cumberland Line, Leppington & Inner West Line","Urgent track repairs at Granville have been completed. Services between Cabramatta and Granville have resumed. Services may be less frequent and travel time may be longer than normal. Stops may change at short notice. Delays up to 15 minutes may continue as services recover.

For service updates, please check transport apps, information screens and listen to announcements.",IWL_1i,-8590447049958111075,2026-09-17 07:25:04+00:00,
b961cac8-0a10-51fd-96b1-9fe939e887d3,MAINTENANCE,MODIFIED_SERVICE,Buses replace trains between Leppington and Fairfield,"Wednesday 16 and Thursday 17 September
Nightly from 9:40PM to 1:30AM, buses replace trains between Leppington and Fairfield.
Trains run to a changed timetable between Fairfield and the City via Granville, and between Glenfield and the City via the Airport.
Some Inner West trains run to a changed timetable between Olympic Park or Homebush and the City.
Buses also replace T3 Liverpool & Inner West Line trains between Liverpool and Lidcombe.",IWL_1i,-8590447049958111075,2026-09-16 11:40:00+00:00,2026-09-16 15:30:00+00:00
b961cac8-0a10-51fd-96b1-9fe939e887d3,MAINTENANCE,MODIFIED_SERVICE,Buses replace trains between Leppington and Fairfield,"Wednesday 16 and Thursday 17 September
Nightly from 9:40PM to 1:30AM, buses replace trains between Leppington and Fairfield.
Trains run to a changed timetable between Fairfield and the City via Granville, and between Glenfield and the City via the Airport.
Some Inner West trains run to a changed timetable between Olympic Park or Homebush and the City.
Buses also replace T3 Liverpool & Inner West Line trains between Liverpool and Lidcombe.",IWL_2a,-1562489065343894865,2026-09-16 11:40:00+00:00,2026-09-16 15:30:00+00:00
2ad7fb1d-1308-50c1-b8a0-fb227dc90a53,MAINTENANCE,MODIFIED_SERVICE,Buses replace trains between Liverpool and Lidcombe,"Wednesday 16 and Thursday 17 September
Nightly from 9:40PM to 1:30AM, buses replace trains between Liverpool and Lidcombe.
Trains run between Lidcombe and the City, to a changed timetable. You may need to change trains to continue your journey.
Buses also replace T2 Leppington & Inner West Line trains between Leppington and Fairfield, and T6 Lidcombe & Bankstown Line trains between Bankstown and Lidcombe.",T3_1b,-2398108274111041511,2026-09-16 11:40:00+00:00,2026-09-16 15:30:00+00:00
4d047aad-f9ec-5b2f-8b1c-6002867e7338,MAINTENANCE,MODIFIED_SERVICE,"Trains run between Hornsby and Central, platforms 1-14","Friday 18 September
From 11:30PM, trains run between Hornsby and Central, platforms 1-14 only.
If travelling to T1 North Shore Line stations, change at Epping or Central for metro services to Victoria Cross, Crows Nest or Chatswood, then change for a bus.",NTH_1b,2926858006344023531,2026-09-18 13:30:00+00:00,2026-09-18 16:00:44+00:00
871c63df-4862-5c7a-a1a1-fc9d6465d1bb,MAINTENANCE,MODIFIED_SERVICE,Trains may run to a changed timetable,"Saturday 19 September
From 9AM to 3PM, trains may run to a changed timetable due to trackwork between Revesby and Turrella.",APS_2c,2798141468541829682,2026-09-18 23:00:00+00:00,2026-09-19 05:00:46+00:00
871c63df-4862-5c7a-a1a1-fc9d6465d1bb,MAINTENANCE,MODIFIED_SERVICE,Trains may run to a changed timetable,"Saturday 19 September
From 9AM to 3PM, trains may run to a changed timetable due to trackwork between Revesby and Turrella.",APS_1b,3528247148565883103,2026-09-18 23:00:00+00:00,2026-09-19 05:00:46+00:00
871c63df-4862-5c7a-a1a1-fc9d6465d1bb,MAINTENANCE,MODIFIED_SERVICE,Trains may run to a changed timetable,"Saturday 19 September
From 9AM to 3PM, trains may run to a changed timetable due to trackwork between Revesby and Turrella.",APS_1e,3446910552962544978,2026-09-18 23:00:00+00:00,2026-09-19 05:00:46+00:00
6d17c60f-f62e-519a-96dd-cea7953b1650,MAINTENANCE,MODIFIED_SERVICE,Buses replace the all-stations trains between Wolli Creek and Revesby,"Sunday 20 September
From 8:40AM to 3PM, buses replace the all-stations trains between Wolli Creek and Revesby.
Express trains continue to run but do not stop at stations between Padstow and Turrella.",APS_2e,-3879013211178800379,2026-09-19 22:40:00+00:00,2026-09-20 05:00:07+00:00
6d17c60f-f62e-519a-96dd-cea7953b1650,MAINTENANCE,MODIFIED_SERVICE,Buses replace the all-stations trains between Wolli Creek and Revesby,"Sunday 20 September
From 8:40AM to 3PM, buses replace the all-stations trains between Wolli Creek and Revesby.
Express trains continue to run but do not stop at stations between Padstow and Turrella.",APS_1b,3528247148565883103,2026-09-19 22:40:00+00:00,2026-09-20 05:00:07+00:00
6d17c60f-f62e-519a-96dd-cea7953b1650,MAINTENANCE,MODIFIED_SERVICE,Buses replace the all-stations trains between Wolli Creek and Revesby,"Sunday 20 September
From 8:40AM to 3PM, buses replace the all-stations trains between Wolli Creek and Revesby.
Express trains continue to run but do not stop at stations between Padstow and Turrella.",APS_1f,-2261129489481632198,2026-09-19 22:40:00+00:00,2026-09-20 05:00:07+00:00
8a5ba36d-a983-5411-869a-caac50eda0f1,MAINTENANCE,MODIFIED_SERVICE,Buses replace most trains between Newcastle Interchange and Hornsby,"Tuesday 22 and Wednesday 23 September
Nightly from 8:30PM to 4AM, buses replace most trains between Newcastle Interchange and Hornsby.
T9 Northern Line trains run between Hornsby and Central, to a changed timetable.
Wednesday and Thursday, the 02:38 Wyong to Central service starts from Gosford at 03:15 and runs 15 minutes later than the normal timetable towards Central.",CCN_2b,627028831985276158,2026-09-22 10:30:00+00:00,2026-09-23 18:00:27+00:00
9f75f272-9f9e-5380-9282-df94e8dd6ffa,MAINTENANCE,MODIFIED_SERVICE,Buses replace trains between Bomaderry and Wollongong,"Friday 25 September
From 2:50PM, buses replace trains from Wollongong to Bomaderry.
From 3:50PM, buses replace trains from Bomaderry to Wollongong.
Trains run between Port Kembla, Wollongong and Bondi Junction, some to a changed timetable.
Buses do not run to the train timetable. If connecting with trains at Wollongong you may need to catch an earlier bus to ensure you meet your train connection.",4T.T.SCO,-5668692109264656390,2026-09-25 04:50:00+00:00,2026-09-25 16:00:44+00:00
15cfea4d-aaf6-5fa7-bce8-46e151981d40,MAINTENANCE,MODIFIED_SERVICE,T1 Western Line: Some trains run to a changed timetable and stopping pattern,"Saturday 26 and Sunday 27 September
Some trains run to a changed timetable and stopping pattern.
Richmond trains run between Richmond and Olympic Park. You may need to change trains to continue your journey.",NSN_2k,6965782384900562698,2026-09-25 16:00:00+00:00,2026-09-27 16:00:11+00:00
7a1297c1-0f7c-5fc3-95c7-fd1e7b580d1a,MAINTENANCE,MODIFIED_SERVICE,Buses replace trains between Cabramatta and Granville,"Saturday 26 and Sunday 27 September
Buses replace trains between Cabramatta and Granville.
Trains run to a changed timetable and stopping pattern between Leppington and the City via Regents Park, and between Schofields and Olympic Park.",CMB_1c,3823480081110772338,2026-09-25 16:00:00+00:00,2026-09-27 16:00:39+00:00
039b54e3-bd3b-5f93-b4c1-9fa68ae248a8,MAINTENANCE,MODIFIED_SERVICE,Trains run to a changed timetable and stopping pattern,"Saturday 26 and Sunday 27 September
Trains run to a changed timetable and stopping pattern between Leppington and the City.
You may need to change trains if travelling to Inner West stations.",T3_2c,4458461905226594776,2026-09-25 16:00:00+00:00,2026-09-27 16:00:47+00:00
ee0d0ca9-7e69-5d24-9b92-c84f13f8126b,MAINTENANCE,MODIFIED_SERVICE,Trains run to a changed timetable and stopping pattern,"Trains run to a changed timetable and stopping pattern
 
Wednesday 30 September
From 10:30PM to 1:30AM, Inner West trains run between Ashfield and the City Circle only.
Leppington trains do not stop at Ashfield or Newtown.
T1 Western Line trains make extra stops at Homebush and Burwood. T9 Northern Line trains make extra stops at Croydon and Ashfield.
You may need to change trains to continue your journey.",IWL_1c,-2200421255733575805,2026-09-30 12:30:02+00:00,2026-09-30 15:30:00+00:00
ee0d0ca9-7e69-5d24-9b92-c84f13f8126b,MAINTENANCE,MODIFIED_SERVICE,Trains run to a changed timetable and stopping pattern,"Trains run to a changed timetable and stopping pattern
 
Wednesday 30 September
From 10:30PM to 1:30AM, Inner West trains run between Ashfield and the City Circle only.
Leppington trains do not stop at Ashfield or Newtown.
T1 Western Line trains make extra stops at Homebush and Burwood. T9 Northern Line trains make extra stops at Croydon and Ashfield.
You may need to change trains to continue your journey.",IWL_1j,1258465799022621567,2026-09-30 12:30:02+00:00,2026-09-30 15:30:00+00:00
669c9f49-5476-55f3-a619-192e1e529f0d,MAINTENANCE,MODIFIED_SERVICE,Trains run to a changed timetable and stopping pattern,"Wednesday 30 September
From 10:20PM to 1:30AM, trains run to a changed timetable between Liverpool and Lidcombe only. Change trains at Lidcombe to continue your journey.
Inner West trains run between Ashfield and the City Circle.
T1 Western Line trains run between Lidcombe and the City, making extra stops at Homebush and Burwood.
T9 Northern Line trains make extra stops at Croydon and Ashfield.",BNK_2e,8793175541741277163,2026-09-30 12:20:00+00:00,2026-09-30 15:30:26+00:00
32531557-1c2e-5a29-a8a1-9871eb185350,MAINTENANCE,MODIFIED_SERVICE,Buses replace trains between Central and Bondi Junction. Trains do not stop at Wolli Creek,"Wednesday 30 September and Thursday 1 October
Nightly from 9:50PM to 1:30AM, buses replace trains between Central and Bondi Junction, but do not stop at Martin Place.
Most trains run to a changed timetable between Cronulla, Waterfall and the City Circle, with some making extra stops at St Peters and Erskineville.
Nightly from 10:10PM to 1:30AM, trains do not stop at Wolli Creek but make an extra stop at Arncliffe.
Buses run between Sydenham, Wolli Creek and Arncliffe.
Change at Arncliffe or Sydenham for a bus to Wolli Creek or change at Central for a T8 Airport & South Line train if you have luggage or accessibility needs.",ESI_1d,-6150595769256102763,2026-09-30 11:50:00+00:00,2026-09-30 15:30:00+00:00
dfc94053-1fd9-567e-9324-e8f3b60388e0,MAINTENANCE,MODIFIED_SERVICE,Buses replace trains between Lithgow and Katoomba,"Saturday 3 October
From 9:20AM to 4:40PM, buses replace trains between Lithgow and Katoomba.
Trains run to a changed timetable between Katoomba and Central.",BMT_2,2347072026132267080,2026-10-02 23:20:00+00:00,2026-10-03 06:40:01+00:00
77a58cd0-8ce8-5e8d-8c92-db8cbf4b7826,MAINTENANCE,MODIFIED_SERVICE,Buses replace trains between Cabramatta and Granville,"Sunday 4 October
From 5:30AM to 9:40AM, buses replace trains between Cabramatta and Granville.
Trains run to a changed timetable between Leppington and the City via Regents Park.",IWL_2a,-1562489065343894865,2026-10-03 18:30:00+00:00,2026-10-03 22:40:00+00:00
b2e90342-af67-50e3-a804-329d980f269b,MAINTENANCE,MODIFIED_SERVICE,Extra trains run between Leppington and the City via Regents Park,"Sunday 4 October
From 5:30AM to 9:40AM, extra trains run between Leppington and the City via Regents Park.",BNK_2a,655547182426901944,2026-10-03 18:30:00+00:00,2026-10-03 22:40:03+00:00
b2e90342-af67-50e3-a804-329d980f269b,MAINTENANCE,MODIFIED_SERVICE,Extra trains run between Leppington and the City via Regents Park,"Sunday 4 October
From 5:30AM to 9:40AM, extra trains run between Leppington and the City via Regents Park.",T3_2a,-5842204805049448059,2026-10-03 18:30:00+00:00,2026-10-03 22:40:03+00:00
b2e90342-af67-50e3-a804-329d980f269b,MAINTENANCE,MODIFIED_SERVICE,Extra trains run between Leppington and the City via Regents Park,"Sunday 4 October
From 5:30AM to 9:40AM, extra trains run between Leppington and the City via Regents Park.",T3_1b,-2398108274111041511,2026-10-03 18:30:00+00:00,2026-10-03 22:40:03+00:00
5500f84d-e087-5748-af79-f76f9d478444,MAINTENANCE,MODIFIED_SERVICE,Trains run to a changed timetable and stopping pattern,"Monday 5 October
From 9:30AM to 1PM, trains run to a changed timetable between Liverpool and Lidcombe, and between Homebush and the City only.
You may need to change trains to continue your journey.
T1 Western and T2 Leppington Line trains run between Lidcombe and the City.",BNK_2b,-6006373974454194731,2026-10-04 22:30:00+00:00,2026-10-05 02:00:31+00:00
5500f84d-e087-5748-af79-f76f9d478444,MAINTENANCE,MODIFIED_SERVICE,Trains run to a changed timetable and stopping pattern,"Monday 5 October
From 9:30AM to 1PM, trains run to a changed timetable between Liverpool and Lidcombe, and between Homebush and the City only.
You may need to change trains to continue your journey.
T1 Western and T2 Leppington Line trains run between Lidcombe and the City.",T3_2c,4458461905226594776,2026-10-04 22:30:00+00:00,2026-10-05 02:00:31+00:00
5500f84d-e087-5748-af79-f76f9d478444,MAINTENANCE,MODIFIED_SERVICE,Trains run to a changed timetable and stopping pattern,"Monday 5 October
From 9:30AM to 1PM, trains run to a changed timetable between Liverpool and Lidcombe, and between Homebush and the City only.
You may need to change trains to continue your journey.
T1 Western and T2 Leppington Line trains run between Lidcombe and the City.",BNK_1e,-9115475355294482475,2026-10-04 22:30:00+00:00,2026-10-05 02:00:31+00:00
dcf27602-c9ca-5554-b0d8-65d342dc6e9e,MAINTENANCE,MODIFIED_SERVICE,Buses replace trains between Rhodes and Ashfield or Central,"Monday 5 October
From 6:00PM to 2:00AM, buses replace trains between Rhodes and Ashfield. 
Use metro services between Epping and the City.
Trains run to a changed timetable between Hornsby and Rhodes, and between Ashfield and the City.",NTH_2a,8355324188916703396,2026-10-05 07:00:00+00:00,2026-10-05 15:00:21+00:00
c6c4ee06-2ddc-5b1c-97bf-78c7d70a8d40,MAINTENANCE,MODIFIED_SERVICE,Buses replace trains between Port Kembla and Wollongong,"Saturday 3 to Monday 5 October 
Buses replace trains between Port Kembla and Wollongong.
Trains run between Bomaderry, Kiama and Bondi Junction, some to a changed timetable.
Buses towards Wollongong may leave stations up to 15 minutes earlier than the normal train timetable.",SCO_2a,799312986268590053,2026-10-02 16:00:00+00:00,2026-10-05 15:00:27+00:00
bb9f6b1e-829a-54f7-b18a-5f4433680e63,MAINTENANCE,MODIFIED_SERVICE,T1 North Shore Line: Trains run to a changed timetable and stopping pattern,"Monday 5 October
From 6PM to 2AM, trains run between Berowra and the City, continuing to Ashfield.
Express buses replace trains between Central and Olympic Park or Rhodes.",NSN_2a,9187031006395744173,2026-10-05 07:00:00+00:00,2026-10-05 15:00:31+00:00
bb9f6b1e-829a-54f7-b18a-5f4433680e63,MAINTENANCE,MODIFIED_SERVICE,T1 North Shore Line: Trains run to a changed timetable and stopping pattern,"Monday 5 October
From 6PM to 2AM, trains run between Berowra and the City, continuing to Ashfield.
Express buses replace trains between Central and Olympic Park or Rhodes.",NSN_2k,6965782384900562698,2026-10-05 07:00:00+00:00,2026-10-05 15:00:31+00:00
868b0643-f043-5bfe-bd3b-ae15ca403f4d,MAINTENANCE,MODIFIED_SERVICE,Trains run to a changed timetable and stopping pattern,"Monday 5 October
From 6PM to 2AM, trains run to a changed timetable and stopping pattern between Olympic Park and Penrith or Leppington.
Buses replace trains between Olympic Park and Ashfield. Express buses also run between Olympic Park and Central.
Replacement buses do not leave from Lidcombe.",OLY_1a,1273529647987399013,2026-10-05 07:00:00+00:00,2026-10-05 15:00:33+00:00
868b0643-f043-5bfe-bd3b-ae15ca403f4d,MAINTENANCE,MODIFIED_SERVICE,Trains run to a changed timetable and stopping pattern,"Monday 5 October
From 6PM to 2AM, trains run to a changed timetable and stopping pattern between Olympic Park and Penrith or Leppington.
Buses replace trains between Olympic Park and Ashfield. Express buses also run between Olympic Park and Central.
Replacement buses do not leave from Lidcombe.",OLY_2b,-7364126812600970332,2026-10-05 07:00:00+00:00,2026-10-05 15:00:33+00:00
e0cde705-848b-5914-9472-bed39002de78,MAINTENANCE,MODIFIED_SERVICE,Buses replace trains between Olympic Park and Ashfield or Central,"Monday 5 October
From 6PM to 2AM, buses replace trains between Olympic Park and Ashfield. Express buses also run between Olympic Park and Central.
Replacement buses do not leave from Lidcombe.
Trains run to a changed timetable between:
- Liverpool and Lidcombe
- Lidcombe and Olympic Park
- Ashfield and the City, continuing to T1 North Shore Line stations.
You may need to change services to continue your journey.",BNK_1g,5064893934630336586,2026-10-05 07:00:00+00:00,2026-10-05 15:00:53+00:00
aa8dc13b-cf94-5605-888d-0fe6a081cf8b,UNKNOWN_CAUSE,UNKNOWN_EFFECT,"Station Update - Bexley North, Kingsgrove, Lisarow and more",The warning tactiles are missing on some sections of the platform. Repairs have been arranged.  Please use caution and take care,T3_2b,-923579374989113359,2026-08-30 19:08:43+00:00,
aa8dc13b-cf94-5605-888d-0fe6a081cf8b,UNKNOWN_CAUSE,UNKNOWN_EFFECT,"Station Update - Bexley North, Kingsgrove, Lisarow and more",The warning tactiles are missing on some sections of the platform. Repairs have been arranged.  Please use caution and take care,T3_1a,-7189270326134903042,2026-08-30 19:08:43+00:00,
aa8dc13b-cf94-5605-888d-0fe6a081cf8b,UNKNOWN_CAUSE,UNKNOWN_EFFECT,"Station Update - Bexley North, Kingsgrove, Lisarow and more",The warning tactiles are missing on some sections of the platform. Repairs have been arranged.  Please use caution and take care,BMT_1,-2224808403655777439,2026-08-30 19:08:43+00:00,
7e669567-64e5-5fec-83a2-7332090518c3,UNKNOWN_CAUSE,UNKNOWN_EFFECT,Station Update - Central,"From Sunday to Thursday, between 10pm and 5am, ceiling installation works will take place in the pedestrian tunnel between platforms 4 and 11 and the lower concourse.
 - During this time, the Redfern end stairs on Platforms 4 to 11 will be closed.
 - Customer will need to use the City end of the platform to exit via the Grand Concourse.
 - If you need assistance, ask station staff or call 9379 1777.",IWL_2j,-1303612948344505806,2026-08-06 00:30:06+00:00,
7e669567-64e5-5fec-83a2-7332090518c3,UNKNOWN_CAUSE,UNKNOWN_EFFECT,Station Update - Central,"From Sunday to Thursday, between 10pm and 5am, ceiling installation works will take place in the pedestrian tunnel between platforms 4 and 11 and the lower concourse.
 - During this time, the Redfern end stairs on Platforms 4 to 11 will be closed.
 - Customer will need to use the City end of the platform to exit via the Grand Concourse.
 - If you need assistance, ask station staff or call 9379 1777.",4T.C.2404,-8311834339914402307,2026-08-06 00:30:06+00:00,
7e669567-64e5-5fec-83a2-7332090518c3,UNKNOWN_CAUSE,UNKNOWN_EFFECT,Station Update - Central,"From Sunday to Thursday, between 10pm and 5am, ceiling installation works will take place in the pedestrian tunnel between platforms 4 and 11 and the lower concourse.
 - During this time, the Redfern end stairs on Platforms 4 to 11 will be closed.
 - Customer will need to use the City end of the platform to exit via the Grand Concourse.
 - If you need assistance, ask station staff or call 9379 1777.",4T.C.2410,8202217696706650890,2026-08-06 00:30:06+00:00,
7e669567-64e5-5fec-83a2-7332090518c3,UNKNOWN_CAUSE,UNKNOWN_EFFECT,Station Update - Central,"From Sunday to Thursday, between 10pm and 5am, ceiling installation works will take place in the pedestrian tunnel between platforms 4 and 11 and the lower concourse.
 - During this time, the Redfern end stairs on Platforms 4 to 11 will be closed.
 - Customer will need to use the City end of the platform to exit via the Grand Concourse.
 - If you need assistance, ask station staff or call 9379 1777.",4T.T.WP46,3480544885137142074,2026-08-06 00:30:06+00:00,
7e669567-64e5-5fec-83a2-7332090518c3,UNKNOWN_CAUSE,UNKNOWN_EFFECT,Station Update - Central,"From Sunday to Thursday, between 10pm and 5am, ceiling installation works will take place in the pedestrian tunnel between platforms 4 and 11 and the lower concourse.
 - During this time, the Redfern end stairs on Platforms 4 to 11 will be closed.
 - Customer will need to use the City end of the platform to exit via the Grand Concourse.
 - If you need assistance, ask station staff or call 9379 1777.",4T.C.6206,-199206043550838297,2026-08-06 00:30:06+00:00,
7e669567-64e5-5fec-83a2-7332090518c3,UNKNOWN_CAUSE,UNKNOWN_EFFECT,Station Update - Central,"From Sunday to Thursday, between 10pm and 5am, ceiling installation works will take place in the pedestrian tunnel between platforms 4 and 11 and the lower concourse.
 - During this time, the Redfern end stairs on Platforms 4 to 11 will be closed.
 - Customer will need to use the City end of the platform to exit via the Grand Concourse.
 - If you need assistance, ask station staff or call 9379 1777.",4T.T.ST22,6212862581864215921,2026-08-06 00:30:06+00:00,
7e669567-64e5-5fec-83a2-7332090518c3,UNKNOWN_CAUSE,UNKNOWN_EFFECT,Station Update - Central,"From Sunday to Thursday, between 10pm and 5am, ceiling installation works will take place in the pedestrian tunnel between platforms 4 and 11 and the lower concourse.
 - During this time, the Redfern end stairs on Platforms 4 to 11 will be closed.
 - Customer will need to use the City end of the platform to exit via the Grand Concourse.
 - If you need assistance, ask station staff or call 9379 1777.",4T.T.ST24,2899608655475416068,2026-08-06 00:30:06+00:00,
7e669567-64e5-5fec-83a2-7332090518c3,UNKNOWN_CAUSE,UNKNOWN_EFFECT,Station Update - Central,"From Sunday to Thursday, between 10pm and 5am, ceiling installation works will take place in the pedestrian tunnel between platforms 4 and 11 and the lower concourse.
 - During this time, the Redfern end stairs on Platforms 4 to 11 will be closed.
 - Customer will need to use the City end of the platform to exit via the Grand Concourse.
 - If you need assistance, ask station staff or call 9379 1777.",ESI_1c,-8579160858663815588,2026-08-06 00:30:06+00:00,
7e669567-64e5-5fec-83a2-7332090518c3,UNKNOWN_CAUSE,UNKNOWN_EFFECT,Station Update - Central,"From Sunday to Thursday, between 10pm and 5am, ceiling installation works will take place in the pedestrian tunnel between platforms 4 and 11 and the lower concourse.
 - During this time, the Redfern end stairs on Platforms 4 to 11 will be closed.
 - Customer will need to use the City end of the platform to exit via the Grand Concourse.
 - If you need assistance, ask station staff or call 9379 1777.",APS_1g,-8457744376016795793,2026-08-06 00:30:06+00:00,
7e669567-64e5-5fec-83a2-7332090518c3,UNKNOWN_CAUSE,UNKNOWN_EFFECT,Station Update - Central,"From Sunday to Thursday, between 10pm and 5am, ceiling installation works will take place in the pedestrian tunnel between platforms 4 and 11 and the lower concourse.
 - During this time, the Redfern end stairs on Platforms 4 to 11 will be closed.
 - Customer will need to use the City end of the platform to exit via the Grand Concourse.
 - If you need assistance, ask station staff or call 9379 1777.",APS_1h,2391825133504522957,2026-08-06 00:30:06+00:00,
7e669567-64e5-5fec-83a2-7332090518c3,UNKNOWN_CAUSE,UNKNOWN_EFFECT,Station Update - Central,"From Sunday to Thursday, between 10pm and 5am, ceiling installation works will take place in the pedestrian tunnel between platforms 4 and 11 and the lower concourse.
 - During this time, the Redfern end stairs on Platforms 4 to 11 will be closed.
 - Customer will need to use the City end of the platform to exit via the Grand Concourse.
 - If you need assistance, ask station staff or call 9379 1777.",4T.C.4103,2110810716530256623,2026-08-06 00:30:06+00:00,
7e669567-64e5-5fec-83a2-7332090518c3,UNKNOWN_CAUSE,UNKNOWN_EFFECT,Station Update - Central,"From Sunday to Thursday, between 10pm and 5am, ceiling installation works will take place in the pedestrian tunnel between platforms 4 and 11 and the lower concourse.
 - During this time, the Redfern end stairs on Platforms 4 to 11 will be closed.
 - Customer will need to use the City end of the platform to exit via the Grand Concourse.
 - If you need assistance, ask station staff or call 9379 1777.",4T.C.6105,8424608380146631332,2026-08-06 00:30:06+00:00,
24ec6d75-368b-5a43-af39-0176e463e065,UNKNOWN_CAUSE,UNKNOWN_EFFECT,Station Update - West Ryde,"From Monday 7 September to Sunday 1 November, lift replacement works will be taking place at West Ryde Station, closing the lift between the concourse and Ryedale Road. 

During this time, lift access to the station will be available on the opposite side of the station on West Parade.

Baggage handlers will be available to assist during this time.

If you need further assistance, ask station staff or call 02 9752 8465",NTH_2a,8355324188916703396,2026-09-04 02:27:30+00:00,
24ec6d75-368b-5a43-af39-0176e463e065,UNKNOWN_CAUSE,UNKNOWN_EFFECT,Station Update - West Ryde,"From Monday 7 September to Sunday 1 November, lift replacement works will be taking place at West Ryde Station, closing the lift between the concourse and Ryedale Road. 

During this time, lift access to the station will be available on the opposite side of the station on West Parade.

Baggage handlers will be available to assist during this time.

If you need further assistance, ask station staff or call 02 9752 8465",NTH_1a,8283204442033751644,2026-09-04 02:27:30+00:00,
24ec6d75-368b-5a43-af39-0176e463e065,UNKNOWN_CAUSE,UNKNOWN_EFFECT,Station Update - West Ryde,"From Monday 7 September to Sunday 1 November, lift replacement works will be taking place at West Ryde Station, closing the lift between the concourse and Ryedale Road. 

During this time, lift access to the station will be available on the opposite side of the station on West Parade.

Baggage handlers will be available to assist during this time.

If you need further assistance, ask station staff or call 02 9752 8465",CCN_1c,7107036069782603127,2026-09-04 02:27:30+00:00,
e8f62d25-979f-56f6-8f2f-dfda63c1b7b8,MAINTENANCE,UNKNOWN_EFFECT,"Cumberland Line, Leppington & Inner West Line","Allow extra travel time between Granville and Cabramatta due to urgent track repairs at Granville. Repair crews are on site and working to restore train services as soon as possible. Trains will be stopping at different platforms. Stops may change at short notice. 

Most trains will be diverted via Sefton to provide regular service. Customers travelling between Granville and Cabramatta via Merrylands are advised to consider catching nearby public transport services to continue their journey. We are trying to arrange replacement buses.  Please delay travel if possible or use other transport.  Well update you when we have more information. Customers should plan ahead and allow plenty of extra travel time.

For service updates, please check transport apps, information screens and listen to announcements.",IWL_2a,-1562489065343894865,2026-09-17 06:50:04+00:00,
e8f62d25-979f-56f6-8f2f-dfda63c1b7b8,MAINTENANCE,UNKNOWN_EFFECT,"Cumberland Line, Leppington & Inner West Line","Urgent track repairs at Granville have been completed. Services between Cabramatta and Granville have resumed. Services may be less frequent and travel time may be longer than normal. Stops may change at short notice. Delays up to 15 minutes may continue as services recover.

For service updates, please check transport apps, information screens and listen to announcements.",IWL_1g,5311805744952906065,2026-09-17 07:25:04+00:00,
e8f62d25-979f-56f6-8f2f-dfda63c1b7b8,MAINTENANCE,UNKNOWN_EFFECT,"Cumberland Line, Leppington & Inner West Line","Urgent track repairs at Granville have been completed. Services between Cabramatta and Granville have resumed. Services may be less frequent and travel time may be longer than normal. Stops may change at short notice. Delays up to 15 minutes may continue as services recover.

For service updates, please check transport apps, information screens and listen to announcements.",CMB_2d,-1209867813534204200,2026-09-17 07:25:04+00:00,
b961cac8-0a10-51fd-96b1-9fe939e887d3,MAINTENANCE,MODIFIED_SERVICE,Buses replace trains between Leppington and Fairfield,"Wednesday 16 and Thursday 17 September
Nightly from 9:40PM to 1:30AM, buses replace trains between Leppington and Fairfield.
Trains run to a changed timetable between Fairfield and the City via Granville, and between Glenfield and the City via the Airport.
Some Inner West trains run to a changed timetable between Olympic Park or Homebush and the City.
Buses also replace T3 Liverpool & Inner West Line trains between Liverpool and Lidcombe.",IWL_1e,2161230079104197071,2026-09-16 11:40:00+00:00,2026-09-16 15:30:00+00:00
2ad7fb1d-1308-50c1-b8a0-fb227dc90a53,MAINTENANCE,MODIFIED_SERVICE,Buses replace trains between Liverpool and Lidcombe,"Wednesday 16 and Thursday 17 September
Nightly from 9:40PM to 1:30AM, buses replace trains between Liverpool and Lidcombe.
Trains run between Lidcombe and the City, to a changed timetable. You may need to change trains to continue your journey.
Buses also replace T2 Leppington & Inner West Line trains between Leppington and Fairfield, and T6 Lidcombe & Bankstown Line trains between Bankstown and Lidcombe.",BNK_1d,-7821700733867273095,2026-09-16 11:40:00+00:00,2026-09-16 15:30:00+00:00
43c708a8-065e-5d71-bc28-5c403486c3a5,MAINTENANCE,MODIFIED_SERVICE,Buses replace trains between Leppington and Fairfield,"Wednesday 16 and Thursday 17 September 
Nightly from 9:40PM to 1:30AM, buses replace trains between Leppington and Fairfield.
Trains run to a changed timetable between Fairfield and Richmond.",CMB_1b,-2936976510359900114,2026-09-16 11:40:00+00:00,2026-09-16 15:30:00+00:00
9b133fbd-6f13-5534-8fb0-c4c9734db170,MAINTENANCE,MODIFIED_SERVICE,T1 North Shore Line: Buses replace trains between Gordon and Milsons Point. Use metro services between Chatswood and the City,"Friday 18 September
From 11:30PM, buses replace trains between Gordon and Milsons Point, also stopping at Crows Nest and Victoria Cross metro stations.
Use metro services between Chatswood and the City.
Trains run between Berowra and Gordon, some to a changed timetable.",NSN_2k,6965782384900562698,2026-09-18 13:30:00+00:00,2026-09-18 16:00:28+00:00
4d047aad-f9ec-5b2f-8b1c-6002867e7338,MAINTENANCE,MODIFIED_SERVICE,"Trains run between Hornsby and Central, platforms 1-14","Friday 18 September
From 11:30PM, trains run between Hornsby and Central, platforms 1-14 only.
If travelling to T1 North Shore Line stations, change at Epping or Central for metro services to Victoria Cross, Crows Nest or Chatswood, then change for a bus.",NTH_1a,8283204442033751644,2026-09-18 13:30:00+00:00,2026-09-18 16:00:44+00:00
871c63df-4862-5c7a-a1a1-fc9d6465d1bb,MAINTENANCE,MODIFIED_SERVICE,Trains may run to a changed timetable,"Saturday 19 September
From 9AM to 3PM, trains may run to a changed timetable due to trackwork between Revesby and Turrella.",APS_2a,-8074707193682375787,2026-09-18 23:00:00+00:00,2026-09-19 05:00:46+00:00
871c63df-4862-5c7a-a1a1-fc9d6465d1bb,MAINTENANCE,MODIFIED_SERVICE,Trains may run to a changed timetable,"Saturday 19 September
From 9AM to 3PM, trains may run to a changed timetable due to trackwork between Revesby and Turrella.",APS_1c,-6417094206083242795,2026-09-18 23:00:00+00:00,2026-09-19 05:00:46+00:00
871c63df-4862-5c7a-a1a1-fc9d6465d1bb,MAINTENANCE,MODIFIED_SERVICE,Trains may run to a changed timetable,"Saturday 19 September
From 9AM to 3PM, trains may run to a changed timetable due to trackwork between Revesby and Turrella.",APS_1d,3077076688999136044,2026-09-18 23:00:00+00:00,2026-09-19 05:00:46+00:00
d1248b74-e85c-5df1-9976-c3d6a76a783c,MAINTENANCE,MODIFIED_SERVICE,T1 North Shore Line: Buses replace trains between Hornsby and Milsons Point. Use metro services between Chatswood and the City,"Saturday 19 and Sunday 20 September
Buses replace trains between Hornsby and Milsons Point, also stopping at Crows Nest and Victoria Cross metro stations.
Use metro services between Chatswood and the City, or ferry services between Milsons Point and Circular Quay.
T9 Northern Line trains run between Berowra and Central, platforms 1-14 only.
On Sunday, some late-night buses run between T1 North Shore Line stations and Wynyard.",NSN_2k,6965782384900562698,2026-09-18 16:00:00+00:00,2026-09-20 16:00:27+00:00
e1329f88-385f-5689-9a27-934865f326bd,MAINTENANCE,MODIFIED_SERVICE,"Trains run between Berowra or Hornsby and Central, platforms 1-14","Saturday 19 and Sunday 20 September
Trains run between Berowra or Hornsby and Central, platforms 1-14 only.
If travelling to T1 North Shore Line stations, change at Epping or Central for metro services to Victoria Cross, Crows Nest or Chatswood, then change for a bus.",NTH_2a,8355324188916703396,2026-09-18 16:00:00+00:00,2026-09-20 16:00:54+00:00
7ef68f64-75e9-5e4b-9c31-588195f8fe45,MAINTENANCE,MODIFIED_SERVICE,"Buses replace trains between Waterfall, Cronulla and Hurstville","Monday 21 and Tuesday 22 September
Nightly from 9:50PM to 2:30AM, buses replace trains between Waterfall, Cronulla and Hurstville.
Trains run between Hurstville and Bondi Junction, some to a changed timetable.",ESI_2b,5175417367365540535,2026-09-21 11:50:00+00:00,2026-09-21 16:30:00+00:00
57854255-0585-5e83-b4c1-59b55fd72731,MAINTENANCE,MODIFIED_SERVICE,You may need to change trains at Granville to continue your journey,"Tuesday 22 and Wednesday 23 September
Nightly from 11:50PM to 1:30AM, trains run to a changed timetable between Richmond or Leppington and Olympic Park. Some trains start and end at Granville.
You may need to change trains at Granville to continue your journey.",CMB_1d,1150323432029512968,2026-09-22 13:50:00+00:00,2026-09-22 15:30:00+00:00
561e24bf-423a-52ba-83a5-ee081376535d,MAINTENANCE,MODIFIED_SERVICE,Sydney Metro trackwork may affect how you travel. Metro services do not run between Chatswood and Sydenham,"Saturday 26 and Sunday 27 September
Sydney Metro trackwork may affect how you travel. Metro services do not run between Chatswood and Sydenham.
Use trains between Epping or Chatswood, the City and Sydenham.",NTH_1a,8283204442033751644,2026-09-25 16:00:00+00:00,2026-09-26 16:00:24+00:00
15cfea4d-aaf6-5fa7-bce8-46e151981d40,MAINTENANCE,MODIFIED_SERVICE,T1 Western Line: Some trains run to a changed timetable and stopping pattern,"Saturday 26 and Sunday 27 September
Some trains run to a changed timetable and stopping pattern.
Richmond trains run between Richmond and Olympic Park. You may need to change trains to continue your journey.",NSN_1a,4622583836084576750,2026-09-25 16:00:00+00:00,2026-09-27 16:00:11+00:00
15cfea4d-aaf6-5fa7-bce8-46e151981d40,MAINTENANCE,MODIFIED_SERVICE,T1 Western Line: Some trains run to a changed timetable and stopping pattern,"Saturday 26 and Sunday 27 September
Some trains run to a changed timetable and stopping pattern.
Richmond trains run between Richmond and Olympic Park. You may need to change trains to continue your journey.",WST_1a,-8080502455091207041,2026-09-25 16:00:00+00:00,2026-09-27 16:00:11+00:00
ac845045-d0c0-5a48-bdc9-40b302357093,MAINTENANCE,MODIFIED_SERVICE,Buses replace trains between Cabramatta and Granville,"Saturday 26 and Sunday 27 September
Buses replace trains between Cabramatta and Granville.
Trains run to a changed timetable and stopping pattern between Leppington and the City via Regents Park.
Change at:
- Cabramatta for buses to Canley Vale, Fairfield, Yennora, Guildford and Merrylands, or
- Lidcombe for trains towards Granville or T1 Western Line stations.",IWL_2b,7400251048012378211,2026-09-25 16:00:00+00:00,2026-09-27 16:00:19+00:00
ac845045-d0c0-5a48-bdc9-40b302357093,MAINTENANCE,MODIFIED_SERVICE,Buses replace trains between Cabramatta and Granville,"Saturday 26 and Sunday 27 September
Buses replace trains between Cabramatta and Granville.
Trains run to a changed timetable and stopping pattern between Leppington and the City via Regents Park.
Change at:
- Cabramatta for buses to Canley Vale, Fairfield, Yennora, Guildford and Merrylands, or
- Lidcombe for trains towards Granville or T1 Western Line stations.",IWL_2j,-1303612948344505806,2026-09-25 16:00:00+00:00,2026-09-27 16:00:19+00:00
a8c4b063-061e-5050-bdde-9f94fc8dce91,MAINTENANCE,MODIFIED_SERVICE,Sydney Metro trackwork may affect how you travel. Metro services do not run between Sydenham and Chatswood,"Saturday 26 and Sunday 27 September
Sydney Metro trackwork may affect how you travel. Metro services do not run between Sydenham and Chatswood.
Use trains between Sydenham, the City and Chatswood.",ESI_2d,7087056493799616534,2026-09-25 16:00:00+00:00,2026-09-27 16:00:24+00:00
039b54e3-bd3b-5f93-b4c1-9fa68ae248a8,MAINTENANCE,MODIFIED_SERVICE,Trains run to a changed timetable and stopping pattern,"Saturday 26 and Sunday 27 September
Trains run to a changed timetable and stopping pattern between Leppington and the City.
You may need to change trains if travelling to Inner West stations.",BNK_2g,7746676549497845523,2026-09-25 16:00:00+00:00,2026-09-27 16:00:47+00:00
039b54e3-bd3b-5f93-b4c1-9fa68ae248a8,MAINTENANCE,MODIFIED_SERVICE,Trains run to a changed timetable and stopping pattern,"Saturday 26 and Sunday 27 September
Trains run to a changed timetable and stopping pattern between Leppington and the City.
You may need to change trains if travelling to Inner West stations.",BNK_2h,3013139253553952589,2026-09-25 16:00:00+00:00,2026-09-27 16:00:47+00:00
039b54e3-bd3b-5f93-b4c1-9fa68ae248a8,MAINTENANCE,MODIFIED_SERVICE,Trains run to a changed timetable and stopping pattern,"Saturday 26 and Sunday 27 September
Trains run to a changed timetable and stopping pattern between Leppington and the City.
You may need to change trains if travelling to Inner West stations.",BNK_1a,6313364393264430797,2026-09-25 16:00:00+00:00,2026-09-27 16:00:47+00:00
ee0d0ca9-7e69-5d24-9b92-c84f13f8126b,MAINTENANCE,MODIFIED_SERVICE,Trains run to a changed timetable and stopping pattern,"Trains run to a changed timetable and stopping pattern
 
Wednesday 30 September
From 10:30PM to 1:30AM, Inner West trains run between Ashfield and the City Circle only.
Leppington trains do not stop at Ashfield or Newtown.
T1 Western Line trains make extra stops at Homebush and Burwood. T9 Northern Line trains make extra stops at Croydon and Ashfield.
You may need to change trains to continue your journey.",IWL_2e,4659744773727575182,2026-09-30 12:30:02+00:00,2026-09-30 15:30:00+00:00
ee0d0ca9-7e69-5d24-9b92-c84f13f8126b,MAINTENANCE,MODIFIED_SERVICE,Trains run to a changed timetable and stopping pattern,"Trains run to a changed timetable and stopping pattern
 
Wednesday 30 September
From 10:30PM to 1:30AM, Inner West trains run between Ashfield and the City Circle only.
Leppington trains do not stop at Ashfield or Newtown.
T1 Western Line trains make extra stops at Homebush and Burwood. T9 Northern Line trains make extra stops at Croydon and Ashfield.
You may need to change trains to continue your journey.",IWL_2j,-1303612948344505806,2026-09-30 12:30:02+00:00,2026-09-30 15:30:00+00:00
32531557-1c2e-5a29-a8a1-9871eb185350,MAINTENANCE,MODIFIED_SERVICE,Buses replace trains between Central and Bondi Junction. Trains do not stop at Wolli Creek,"Wednesday 30 September and Thursday 1 October
Nightly from 9:50PM to 1:30AM, buses replace trains between Central and Bondi Junction, but do not stop at Martin Place.
Most trains run to a changed timetable between Cronulla, Waterfall and the City Circle, with some making extra stops at St Peters and Erskineville.
Nightly from 10:10PM to 1:30AM, trains do not stop at Wolli Creek but make an extra stop at Arncliffe.
Buses run between Sydenham, Wolli Creek and Arncliffe.
Change at Arncliffe or Sydenham for a bus to Wolli Creek or change at Central for a T8 Airport & South Line train if you have luggage or accessibility needs.",ESI_2d,7087056493799616534,2026-09-30 11:50:00+00:00,2026-09-30 15:30:00+00:00
b44c15ce-6501-59ae-adb4-eaf1a5b73e6c,MAINTENANCE,MODIFIED_SERVICE,Some trains run to a changed timetable. Trackwork at Wolli Creek may affect how you travel,"Wednesday 30 September and Thursday 1 October
Nightly from 9:50PM to 1:30AM, trains between Sydenham and the City Circle run to a changed timetable.
Nightly from 10:10PM to 1:30AM, trackwork at Wolli Creek may affect how you travel to T4 Eastern Suburbs & Illawarra or South Coast Line stations.
T4 Eastern Suburbs & Illawarra and South Coast Line trains do not stop at Wolli Creek. Buses run between Sydenham, Wolli Creek and Arncliffe.
Change at Central for T4 Eastern Suburbs & Illawarra or South Coast Line trains.",APS_2e,-3879013211178800379,2026-09-30 11:50:00+00:00,2026-09-30 15:30:00+00:00
dfc94053-1fd9-567e-9324-e8f3b60388e0,MAINTENANCE,MODIFIED_SERVICE,Buses replace trains between Lithgow and Katoomba,"Saturday 3 October
From 9:20AM to 4:40PM, buses replace trains between Lithgow and Katoomba.
Trains run to a changed timetable between Katoomba and Central.",BMT_1,-2224808403655777439,2026-10-02 23:20:00+00:00,2026-10-03 06:40:01+00:00
77a58cd0-8ce8-5e8d-8c92-db8cbf4b7826,MAINTENANCE,MODIFIED_SERVICE,Buses replace trains between Cabramatta and Granville,"Sunday 4 October
From 5:30AM to 9:40AM, buses replace trains between Cabramatta and Granville.
Trains run to a changed timetable between Leppington and the City via Regents Park.",IWL_1g,5311805744952906065,2026-10-03 18:30:00+00:00,2026-10-03 22:40:00+00:00
b2e90342-af67-50e3-a804-329d980f269b,MAINTENANCE,MODIFIED_SERVICE,Extra trains run between Leppington and the City via Regents Park,"Sunday 4 October
From 5:30AM to 9:40AM, extra trains run between Leppington and the City via Regents Park.",BNK_1d,-7821700733867273095,2026-10-03 18:30:00+00:00,2026-10-03 22:40:03+00:00
408bf41a-cae7-5b05-aeb4-ffb2d8bd5029,MAINTENANCE,MODIFIED_SERVICE,Buses replace trains between Cabramatta and Granville,"Sunday 4 October
From 5:30AM to 9:40AM, buses replace trains between Cabramatta and Granville.
Trains run to a changed timetable between Leppington and the City via Regents Park, and between Richmond or Schofields and Olympic Park.
You may need to change trains at Lidcombe to continue your journey.
From 9:40AM to 11:30AM, trains run to a changed timetable between Leppington and the City via Granville, and between Schofields and Olympic Park.
You may need to change trains at Granville to continue your journey.",CMB_1c,3823480081110772338,2026-10-03 18:30:00+00:00,2026-10-04 00:30:00+00:00
d9e7ac87-a2d6-55d4-a9ef-62efa975f42b,MAINTENANCE,MODIFIED_SERVICE,Trains run to a changed timetable and stopping pattern,"Saturday 3 October
From 9:30AM to 1PM, trains run to a changed timetable between Liverpool and Lidcombe, and between Homebush and the City only.
You may need to change trains to continue your journey.
T1 Western and T2 Leppington Line trains run between Lidcombe and the City.",BNK_2d,-669550999481604271,2026-10-03 11:30:00+00:00,2026-10-04 02:00:04+00:00
5500f84d-e087-5748-af79-f76f9d478444,MAINTENANCE,MODIFIED_SERVICE,Trains run to a changed timetable and stopping pattern,"Monday 5 October
From 9:30AM to 1PM, trains run to a changed timetable between Liverpool and Lidcombe, and between Homebush and the City only.
You may need to change trains to continue your journey.
T1 Western and T2 Leppington Line trains run between Lidcombe and the City.",BNK_1a,6313364393264430797,2026-10-04 22:30:00+00:00,2026-10-05 02:00:31+00:00
5500f84d-e087-5748-af79-f76f9d478444,MAINTENANCE,MODIFIED_SERVICE,Trains run to a changed timetable and stopping pattern,"Monday 5 October
From 9:30AM to 1PM, trains run to a changed timetable between Liverpool and Lidcombe, and between Homebush and the City only.
You may need to change trains to continue your journey.
T1 Western and T2 Leppington Line trains run between Lidcombe and the City.",BNK_1d,-7821700733867273095,2026-10-04 22:30:00+00:00,2026-10-05 02:00:31+00:00
5500f84d-e087-5748-af79-f76f9d478444,MAINTENANCE,MODIFIED_SERVICE,Trains run to a changed timetable and stopping pattern,"Monday 5 October
From 9:30AM to 1PM, trains run to a changed timetable between Liverpool and Lidcombe, and between Homebush and the City only.
You may need to change trains to continue your journey.
T1 Western and T2 Leppington Line trains run between Lidcombe and the City.",BNK_1g,5064893934630336586,2026-10-04 22:30:00+00:00,2026-10-05 02:00:31+00:00
074c6ef5-dee2-547a-a802-30866ad80ff8,MAINTENANCE,MODIFIED_SERVICE,Buses replace trains between Newcastle Interchange and Wyong. Trains run to a changed timetable and stopping pattern,"Sunday 4 and Monday 5 October
Buses replace trains between Newcastle Interchange and Wyong.
Trains run between Wyong and Central, some to a changed timetable.
Monday from 6PM to 2AM, trains run between Wyong and Hornsby only.
T1 North Shore Line trains run between Hornsby and the City, and T9 Northern Line trains run between Hornsby and Rhodes only.
Buses replace trains between Rhodes and Ashfield or Central.
Use metro services between Epping or Chatswood and the City.",CCN_2b,627028831985276158,2026-10-03 16:00:00+00:00,2026-10-05 15:00:33+00:00
e0cde705-848b-5914-9472-bed39002de78,MAINTENANCE,MODIFIED_SERVICE,Buses replace trains between Olympic Park and Ashfield or Central,"Monday 5 October
From 6PM to 2AM, buses replace trains between Olympic Park and Ashfield. Express buses also run between Olympic Park and Central.
Replacement buses do not leave from Lidcombe.
Trains run to a changed timetable between:
- Liverpool and Lidcombe
- Lidcombe and Olympic Park
- Ashfield and the City, continuing to T1 North Shore Line stations.
You may need to change services to continue your journey.",BNK_1c,-6876273115546089350,2026-10-05 07:00:00+00:00,2026-10-05 15:00:53+00:00
aa8dc13b-cf94-5605-888d-0fe6a081cf8b,UNKNOWN_CAUSE,UNKNOWN_EFFECT,"Station Update - Bexley North, Kingsgrove, Lisarow and more",The warning tactiles are missing on some sections of the platform. Repairs have been arranged.  Please use caution and take care,IWL_2e,4659744773727575182,2026-08-30 19:08:43+00:00,
aa8dc13b-cf94-5605-888d-0fe6a081cf8b,UNKNOWN_CAUSE,UNKNOWN_EFFECT,"Station Update - Bexley North, Kingsgrove, Lisarow and more",The warning tactiles are missing on some sections of the platform. Repairs have been arranged.  Please use caution and take care,BNK_1c,-6876273115546089350,2026-08-30 19:08:43+00:00,
aa8dc13b-cf94-5605-888d-0fe6a081cf8b,UNKNOWN_CAUSE,UNKNOWN_EFFECT,"Station Update - Bexley North, Kingsgrove, Lisarow and more",The warning tactiles are missing on some sections of the platform. Repairs have been arranged.  Please use caution and take care,BNK_2f,-4213221836035426102,2026-08-30 19:08:43+00:00,
aa8dc13b-cf94-5605-888d-0fe6a081cf8b,UNKNOWN_CAUSE,UNKNOWN_EFFECT,"Station Update - Bexley North, Kingsgrove, Lisarow and more",The warning tactiles are missing on some sections of the platform. Repairs have been arranged.  Please use caution and take care,APS_2g,8410277826001083247,2026-08-30 19:08:43+00:00,
aa8dc13b-cf94-5605-888d-0fe6a081cf8b,UNKNOWN_CAUSE,UNKNOWN_EFFECT,"Station Update - Bexley North, Kingsgrove, Lisarow and more",The warning tactiles are missing on some sections of the platform. Repairs have been arranged.  Please use caution and take care,T3_1b,-2398108274111041511,2026-08-30 19:08:43+00:00,
aa8dc13b-cf94-5605-888d-0fe6a081cf8b,UNKNOWN_CAUSE,UNKNOWN_EFFECT,"Station Update - Bexley North, Kingsgrove, Lisarow and more",The warning tactiles are missing on some sections of the platform. Repairs have been arranged.  Please use caution and take care,T3_1c,-1482151186623865843,2026-08-30 19:08:43+00:00,
aa8dc13b-cf94-5605-888d-0fe6a081cf8b,UNKNOWN_CAUSE,UNKNOWN_EFFECT,"Station Update - Bexley North, Kingsgrove, Lisarow and more",The warning tactiles are missing on some sections of the platform. Repairs have been arranged.  Please use caution and take care,APS_1c,-6417094206083242795,2026-08-30 19:08:43+00:00,
aa8dc13b-cf94-5605-888d-0fe6a081cf8b,UNKNOWN_CAUSE,UNKNOWN_EFFECT,"Station Update - Bexley North, Kingsgrove, Lisarow and more",The warning tactiles are missing on some sections of the platform. Repairs have been arranged.  Please use caution and take care,APS_1h,2391825133504522957,2026-08-30 19:08:43+00:00,
7e669567-64e5-5fec-83a2-7332090518c3,UNKNOWN_CAUSE,UNKNOWN_EFFECT,Station Update - Central,"From Sunday to Thursday, between 10pm and 5am, ceiling installation works will take place in the pedestrian tunnel between platforms 4 and 11 and the lower concourse.
 - During this time, the Redfern end stairs on Platforms 4 to 11 will be closed.
 - Customer will need to use the City end of the platform to exit via the Grand Concourse.
 - If you need assistance, ask station staff or call 9379 1777.",NSN_2k,6965782384900562698,2026-08-06 00:30:06+00:00,
7e669567-64e5-5fec-83a2-7332090518c3,UNKNOWN_CAUSE,UNKNOWN_EFFECT,Station Update - Central,"From Sunday to Thursday, between 10pm and 5am, ceiling installation works will take place in the pedestrian tunnel between platforms 4 and 11 and the lower concourse.
 - During this time, the Redfern end stairs on Platforms 4 to 11 will be closed.
 - Customer will need to use the City end of the platform to exit via the Grand Concourse.
 - If you need assistance, ask station staff or call 9379 1777.",IWL_2h,-5042242428352878110,2026-08-06 00:30:06+00:00,
7e669567-64e5-5fec-83a2-7332090518c3,UNKNOWN_CAUSE,UNKNOWN_EFFECT,Station Update - Central,"From Sunday to Thursday, between 10pm and 5am, ceiling installation works will take place in the pedestrian tunnel between platforms 4 and 11 and the lower concourse.
 - During this time, the Redfern end stairs on Platforms 4 to 11 will be closed.
 - Customer will need to use the City end of the platform to exit via the Grand Concourse.
 - If you need assistance, ask station staff or call 9379 1777.",T3_2d,2203676127428383300,2026-08-06 00:30:06+00:00,
7e669567-64e5-5fec-83a2-7332090518c3,UNKNOWN_CAUSE,UNKNOWN_EFFECT,Station Update - Central,"From Sunday to Thursday, between 10pm and 5am, ceiling installation works will take place in the pedestrian tunnel between platforms 4 and 11 and the lower concourse.
 - During this time, the Redfern end stairs on Platforms 4 to 11 will be closed.
 - Customer will need to use the City end of the platform to exit via the Grand Concourse.
 - If you need assistance, ask station staff or call 9379 1777.",ESI_2a,5630525952252418354,2026-08-06 00:30:06+00:00,
7e669567-64e5-5fec-83a2-7332090518c3,UNKNOWN_CAUSE,UNKNOWN_EFFECT,Station Update - Central,"From Sunday to Thursday, between 10pm and 5am, ceiling installation works will take place in the pedestrian tunnel between platforms 4 and 11 and the lower concourse.
 - During this time, the Redfern end stairs on Platforms 4 to 11 will be closed.
 - Customer will need to use the City end of the platform to exit via the Grand Concourse.
 - If you need assistance, ask station staff or call 9379 1777.",ESI_2d,7087056493799616534,2026-08-06 00:30:06+00:00,
7e669567-64e5-5fec-83a2-7332090518c3,UNKNOWN_CAUSE,UNKNOWN_EFFECT,Station Update - Central,"From Sunday to Thursday, between 10pm and 5am, ceiling installation works will take place in the pedestrian tunnel between platforms 4 and 11 and the lower concourse.
 - During this time, the Redfern end stairs on Platforms 4 to 11 will be closed.
 - Customer will need to use the City end of the platform to exit via the Grand Concourse.
 - If you need assistance, ask station staff or call 9379 1777.",4T.C.3404,-3761967513259938731,2026-08-06 00:30:06+00:00,
7e669567-64e5-5fec-83a2-7332090518c3,UNKNOWN_CAUSE,UNKNOWN_EFFECT,Station Update - Central,"From Sunday to Thursday, between 10pm and 5am, ceiling installation works will take place in the pedestrian tunnel between platforms 4 and 11 and the lower concourse.
 - During this time, the Redfern end stairs on Platforms 4 to 11 will be closed.
 - Customer will need to use the City end of the platform to exit via the Grand Concourse.
 - If you need assistance, ask station staff or call 9379 1777.",4T.C.3408,-8501473868324257105,2026-08-06 00:30:06+00:00,
7e669567-64e5-5fec-83a2-7332090518c3,UNKNOWN_CAUSE,UNKNOWN_EFFECT,Station Update - Central,"From Sunday to Thursday, between 10pm and 5am, ceiling installation works will take place in the pedestrian tunnel between platforms 4 and 11 and the lower concourse.
 - During this time, the Redfern end stairs on Platforms 4 to 11 will be closed.
 - Customer will need to use the City end of the platform to exit via the Grand Concourse.
 - If you need assistance, ask station staff or call 9379 1777.",4T.C.3604,4638747697215425161,2026-08-06 00:30:06+00:00,
7e669567-64e5-5fec-83a2-7332090518c3,UNKNOWN_CAUSE,UNKNOWN_EFFECT,Station Update - Central,"From Sunday to Thursday, between 10pm and 5am, ceiling installation works will take place in the pedestrian tunnel between platforms 4 and 11 and the lower concourse.
 - During this time, the Redfern end stairs on Platforms 4 to 11 will be closed.
 - Customer will need to use the City end of the platform to exit via the Grand Concourse.
 - If you need assistance, ask station staff or call 9379 1777.",4T.C.4416,6612880784914297307,2026-08-06 00:30:06+00:00,
7e669567-64e5-5fec-83a2-7332090518c3,UNKNOWN_CAUSE,UNKNOWN_EFFECT,Station Update - Central,"From Sunday to Thursday, between 10pm and 5am, ceiling installation works will take place in the pedestrian tunnel between platforms 4 and 11 and the lower concourse.
 - During this time, the Redfern end stairs on Platforms 4 to 11 will be closed.
 - Customer will need to use the City end of the platform to exit via the Grand Concourse.
 - If you need assistance, ask station staff or call 9379 1777.",4T.C.6202,-1069971276648045413,2026-08-06 00:30:06+00:00,
7e669567-64e5-5fec-83a2-7332090518c3,UNKNOWN_CAUSE,UNKNOWN_EFFECT,Station Update - Central,"From Sunday to Thursday, between 10pm and 5am, ceiling installation works will take place in the pedestrian tunnel between platforms 4 and 11 and the lower concourse.
 - During this time, the Redfern end stairs on Platforms 4 to 11 will be closed.
 - Customer will need to use the City end of the platform to exit via the Grand Concourse.
 - If you need assistance, ask station staff or call 9379 1777.",4T.C.6232,-2195108974975688623,2026-08-06 00:30:06+00:00,
7e669567-64e5-5fec-83a2-7332090518c3,UNKNOWN_CAUSE,UNKNOWN_EFFECT,Station Update - Central,"From Sunday to Thursday, between 10pm and 5am, ceiling installation works will take place in the pedestrian tunnel between platforms 4 and 11 and the lower concourse.
 - During this time, the Redfern end stairs on Platforms 4 to 11 will be closed.
 - Customer will need to use the City end of the platform to exit via the Grand Concourse.
 - If you need assistance, ask station staff or call 9379 1777.",WST_1a,-8080502455091207041,2026-08-06 00:30:06+00:00,
7e669567-64e5-5fec-83a2-7332090518c3,UNKNOWN_CAUSE,UNKNOWN_EFFECT,Station Update - Central,"From Sunday to Thursday, between 10pm and 5am, ceiling installation works will take place in the pedestrian tunnel between platforms 4 and 11 and the lower concourse.
 - During this time, the Redfern end stairs on Platforms 4 to 11 will be closed.
 - Customer will need to use the City end of the platform to exit via the Grand Concourse.
 - If you need assistance, ask station staff or call 9379 1777.",T3_1a,-7189270326134903042,2026-08-06 00:30:06+00:00,
7e669567-64e5-5fec-83a2-7332090518c3,UNKNOWN_CAUSE,UNKNOWN_EFFECT,Station Update - Central,"From Sunday to Thursday, between 10pm and 5am, ceiling installation works will take place in the pedestrian tunnel between platforms 4 and 11 and the lower concourse.
 - During this time, the Redfern end stairs on Platforms 4 to 11 will be closed.
 - Customer will need to use the City end of the platform to exit via the Grand Concourse.
 - If you need assistance, ask station staff or call 9379 1777.",ESI_1b,1240132754610898344,2026-08-06 00:30:06+00:00,
7e669567-64e5-5fec-83a2-7332090518c3,UNKNOWN_CAUSE,UNKNOWN_EFFECT,Station Update - Central,"From Sunday to Thursday, between 10pm and 5am, ceiling installation works will take place in the pedestrian tunnel between platforms 4 and 11 and the lower concourse.
 - During this time, the Redfern end stairs on Platforms 4 to 11 will be closed.
 - Customer will need to use the City end of the platform to exit via the Grand Concourse.
 - If you need assistance, ask station staff or call 9379 1777.",4T.C.2309,2257973347913063668,2026-08-06 00:30:06+00:00,
7e669567-64e5-5fec-83a2-7332090518c3,UNKNOWN_CAUSE,UNKNOWN_EFFECT,Station Update - Central,"From Sunday to Thursday, between 10pm and 5am, ceiling installation works will take place in the pedestrian tunnel between platforms 4 and 11 and the lower concourse.
 - During this time, the Redfern end stairs on Platforms 4 to 11 will be closed.
 - Customer will need to use the City end of the platform to exit via the Grand Concourse.
 - If you need assistance, ask station staff or call 9379 1777.",4T.C.3507,1339242831063537530,2026-08-06 00:30:06+00:00,
7e669567-64e5-5fec-83a2-7332090518c3,UNKNOWN_CAUSE,UNKNOWN_EFFECT,Station Update - Central,"From Sunday to Thursday, between 10pm and 5am, ceiling installation works will take place in the pedestrian tunnel between platforms 4 and 11 and the lower concourse.
 - During this time, the Redfern end stairs on Platforms 4 to 11 will be closed.
 - Customer will need to use the City end of the platform to exit via the Grand Concourse.
 - If you need assistance, ask station staff or call 9379 1777.",4T.C.4315,2013913091183483853,2026-08-06 00:30:06+00:00,
7e669567-64e5-5fec-83a2-7332090518c3,UNKNOWN_CAUSE,UNKNOWN_EFFECT,Station Update - Central,"From Sunday to Thursday, between 10pm and 5am, ceiling installation works will take place in the pedestrian tunnel between platforms 4 and 11 and the lower concourse.
 - During this time, the Redfern end stairs on Platforms 4 to 11 will be closed.
 - Customer will need to use the City end of the platform to exit via the Grand Concourse.
 - If you need assistance, ask station staff or call 9379 1777.",4T.C.6305,8890398490161670031,2026-08-06 00:30:06+00:00,
e8f62d25-979f-56f6-8f2f-dfda63c1b7b8,MAINTENANCE,UNKNOWN_EFFECT,"Cumberland Line, Leppington & Inner West Line","Allow extra travel time between Granville and Cabramatta due to urgent track repairs at Granville. Repair crews are on site and working to restore train services as soon as possible. Trains will be stopping at different platforms. Stops may change at short notice. 

Trains are not running between Granville and Cabramatta and will be diverted via Sefton to provide regular service. Customers travelling between Granville and Cabramatta via Merrylands are advised to consider catching nearby public transport services to continue their journey. We are trying to arrange replacement buses.  Please delay travel if possible or use other transport.  Well update you when we have more information. Customers should plan ahead and allow plenty of extra travel time.

For service updates, please check transport apps, information screens and listen to announcements.",CMB_1d,1150323432029512968,2026-09-17 07:05:59+00:00,
e8f62d25-979f-56f6-8f2f-dfda63c1b7b8,MAINTENANCE,UNKNOWN_EFFECT,"Cumberland Line, Leppington & Inner West Line","Allow extra travel time between Granville and Cabramatta due to urgent track repairs at Granville. Repair crews are on site and working to restore train services as soon as possible. Trains will be stopping at different platforms. Stops may change at short notice. 

Most trains will be diverted via Sefton to provide regular service. Customers travelling between Granville and Cabramatta via Merrylands are advised to consider catching nearby public transport services to continue their journey. We are trying to arrange replacement buses.  Please delay travel if possible or use other transport.  Well update you when we have more information. Customers should plan ahead and allow plenty of extra travel time.

For service updates, please check transport apps, information screens and listen to announcements.",IWL_1g,5311805744952906065,2026-09-17 06:50:04+00:00,
e8f62d25-979f-56f6-8f2f-dfda63c1b7b8,MAINTENANCE,UNKNOWN_EFFECT,"Cumberland Line, Leppington & Inner West Line","Urgent track repairs at Granville have been completed. Services between Cabramatta and Granville have resumed. Services may be less frequent and travel time may be longer than normal. Stops may change at short notice. Delays up to 15 minutes may continue as services recover.

For service updates, please check transport apps, information screens and listen to announcements.",CMB_1d,1150323432029512968,2026-09-17 07:25:04+00:00,
e8f62d25-979f-56f6-8f2f-dfda63c1b7b8,MAINTENANCE,UNKNOWN_EFFECT,"Cumberland Line, Leppington & Inner West Line","Urgent track repairs at Granville have been completed. Services between Cabramatta and Granville have resumed. Services may be less frequent and travel time may be longer than normal. Stops may change at short notice. Delays up to 15 minutes may continue as services recover.

For service updates, please check transport apps, information screens and listen to announcements.",IWL_2h,-5042242428352878110,2026-09-17 07:25:04+00:00,
b961cac8-0a10-51fd-96b1-9fe939e887d3,MAINTENANCE,MODIFIED_SERVICE,Buses replace trains between Leppington and Fairfield,"Wednesday 16 and Thursday 17 September
Nightly from 9:40PM to 1:30AM, buses replace trains between Leppington and Fairfield.
Trains run to a changed timetable between Fairfield and the City via Granville, and between Glenfield and the City via the Airport.
Some Inner West trains run to a changed timetable between Olympic Park or Homebush and the City.
Buses also replace T3 Liverpool & Inner West Line trains between Liverpool and Lidcombe.",IWL_1c,-2200421255733575805,2026-09-16 11:40:00+00:00,2026-09-16 15:30:00+00:00
2ad7fb1d-1308-50c1-b8a0-fb227dc90a53,MAINTENANCE,MODIFIED_SERVICE,Buses replace trains between Liverpool and Lidcombe,"Wednesday 16 and Thursday 17 September
Nightly from 9:40PM to 1:30AM, buses replace trains between Liverpool and Lidcombe.
Trains run between Lidcombe and the City, to a changed timetable. You may need to change trains to continue your journey.
Buses also replace T2 Leppington & Inner West Line trains between Leppington and Fairfield, and T6 Lidcombe & Bankstown Line trains between Bankstown and Lidcombe.",BNK_1f,2955980060543399440,2026-09-16 11:40:00+00:00,2026-09-16 15:30:00+00:00
43c708a8-065e-5d71-bc28-5c403486c3a5,MAINTENANCE,MODIFIED_SERVICE,Buses replace trains between Leppington and Fairfield,"Wednesday 16 and Thursday 17 September 
Nightly from 9:40PM to 1:30AM, buses replace trains between Leppington and Fairfield.
Trains run to a changed timetable between Fairfield and Richmond.",CMB_2b,299721892419967497,2026-09-16 11:40:00+00:00,2026-09-16 15:30:00+00:00
0c3f595e-6aac-5fbf-965f-e63e1098dd36,MAINTENANCE,MODIFIED_SERVICE,Buses replace trains between Bankstown and Lidcombe,"Wednesday 16 and Thursday 17 September
Nightly from 9:10PM to 1:30AM, buses replace trains between Bankstown and Lidcombe.
Buses also replace T3 Liverpool & Inner West Line trains between Liverpool and Lidcombe.",T6_2b,8595034154199357049,2026-09-16 11:10:00+00:00,2026-09-16 15:30:00+00:00
9b133fbd-6f13-5534-8fb0-c4c9734db170,MAINTENANCE,MODIFIED_SERVICE,T1 North Shore Line: Buses replace trains between Gordon and Milsons Point. Use metro services between Chatswood and the City,"Friday 18 September
From 11:30PM, buses replace trains between Gordon and Milsons Point, also stopping at Crows Nest and Victoria Cross metro stations.
Use metro services between Chatswood and the City.
Trains run between Berowra and Gordon, some to a changed timetable.",NSN_1a,4622583836084576750,2026-09-18 13:30:00+00:00,2026-09-18 16:00:28+00:00
2d69d46a-db04-5e40-b7bb-17fba51e249d,MAINTENANCE,MODIFIED_SERVICE,"T1 Western Line: Penrith trains run between Penrith and Central, platforms 1-14","Friday 18 September
From 11:30PM, Penrith trains run between Penrith and Central, platforms 1-14 only.",WST_2c,-4689984939195006273,2026-09-18 13:30:00+00:00,2026-09-18 16:00:45+00:00
027fd233-51ce-5d16-9591-53f97ad47dd7,MAINTENANCE,MODIFIED_SERVICE,T1 Western Line: Trains run to a changed timetable and stopping pattern,"Saturday 19 and Sunday 20 September\
Trains run to a changed timetable and stopping pattern between:
- Richmond and Olympic Park. You may need to change trains at Parramatta to continue your journey.
- Penrith and Central, platforms 1-14 only.
Sunday from 6:30AM to 10:30AM, Richmond trains run between Richmond and Liverpool. You may need to change trains at Parramatta to continue your journey.",WST_2d,-6255990460352317300,2026-09-18 16:00:00+00:00,2026-09-20 16:00:23+00:00
027fd233-51ce-5d16-9591-53f97ad47dd7,MAINTENANCE,MODIFIED_SERVICE,T1 Western Line: Trains run to a changed timetable and stopping pattern,"Saturday 19 and Sunday 20 September\
Trains run to a changed timetable and stopping pattern between:
- Richmond and Olympic Park. You may need to change trains at Parramatta to continue your journey.
- Penrith and Central, platforms 1-14 only.
Sunday from 6:30AM to 10:30AM, Richmond trains run between Richmond and Liverpool. You may need to change trains at Parramatta to continue your journey.",WST_1a,-8080502455091207041,2026-09-18 16:00:00+00:00,2026-09-20 16:00:23+00:00
d1248b74-e85c-5df1-9976-c3d6a76a783c,MAINTENANCE,MODIFIED_SERVICE,T1 North Shore Line: Buses replace trains between Hornsby and Milsons Point. Use metro services between Chatswood and the City,"Saturday 19 and Sunday 20 September
Buses replace trains between Hornsby and Milsons Point, also stopping at Crows Nest and Victoria Cross metro stations.
Use metro services between Chatswood and the City, or ferry services between Milsons Point and Circular Quay.
T9 Northern Line trains run between Berowra and Central, platforms 1-14 only.
On Sunday, some late-night buses run between T1 North Shore Line stations and Wynyard.",NSN_2i,9218376079003314857,2026-09-18 16:00:00+00:00,2026-09-20 16:00:27+00:00
3592c6c7-855b-5427-9d35-18a806a5ddd9,MAINTENANCE,MODIFIED_SERVICE,Buses replace trains between Olympic Park and Lidcombe,"Monday 21 September
From 8PM to 1AM, buses replace trains between Olympic Park and Lidcombe.",OLY_1b,-3865546843487294607,2026-09-21 10:00:00+00:00,2026-09-21 15:00:33+00:00
7ef68f64-75e9-5e4b-9c31-588195f8fe45,MAINTENANCE,MODIFIED_SERVICE,"Buses replace trains between Waterfall, Cronulla and Hurstville","Monday 21 and Tuesday 22 September
Nightly from 9:50PM to 2:30AM, buses replace trains between Waterfall, Cronulla and Hurstville.
Trains run between Hurstville and Bondi Junction, some to a changed timetable.",ESI_1a,2213430644432283724,2026-09-21 11:50:00+00:00,2026-09-21 16:30:00+00:00
7ef68f64-75e9-5e4b-9c31-588195f8fe45,MAINTENANCE,MODIFIED_SERVICE,"Buses replace trains between Waterfall, Cronulla and Hurstville","Monday 21 and Tuesday 22 September
Nightly from 9:50PM to 2:30AM, buses replace trains between Waterfall, Cronulla and Hurstville.
Trains run between Hurstville and Bondi Junction, some to a changed timetable.",ESI_1c,-8579160858663815588,2026-09-21 11:50:00+00:00,2026-09-21 16:30:00+00:00
8a5ba36d-a983-5411-869a-caac50eda0f1,MAINTENANCE,MODIFIED_SERVICE,Buses replace most trains between Newcastle Interchange and Hornsby,"Tuesday 22 and Wednesday 23 September
Nightly from 8:30PM to 4AM, buses replace most trains between Newcastle Interchange and Hornsby.
T9 Northern Line trains run between Hornsby and Central, to a changed timetable.
Wednesday and Thursday, the 02:38 Wyong to Central service starts from Gosford at 03:15 and runs 15 minutes later than the normal timetable towards Central.",CCN_2a,-5978113767534294052,2026-09-22 10:30:00+00:00,2026-09-23 18:00:27+00:00
8a5ba36d-a983-5411-869a-caac50eda0f1,MAINTENANCE,MODIFIED_SERVICE,Buses replace most trains between Newcastle Interchange and Hornsby,"Tuesday 22 and Wednesday 23 September
Nightly from 8:30PM to 4AM, buses replace most trains between Newcastle Interchange and Hornsby.
T9 Northern Line trains run between Hornsby and Central, to a changed timetable.
Wednesday and Thursday, the 02:38 Wyong to Central service starts from Gosford at 03:15 and runs 15 minutes later than the normal timetable towards Central.",CCN_1b,-5236434750823934246,2026-09-22 10:30:00+00:00,2026-09-23 18:00:27+00:00
f412b473-65bf-5133-8c12-5b4d2d09865b,MAINTENANCE,MODIFIED_SERVICE,Trains run to a changed timetable and reduced frequency,"Saturday 26 and Sunday 27 September
Trains run to a changed timetable and reduced frequency, every 30 minutes.",T6_2c,4372012232878979249,2026-09-25 16:00:00+00:00,2026-09-27 16:00:03+00:00
ac845045-d0c0-5a48-bdc9-40b302357093,MAINTENANCE,MODIFIED_SERVICE,Buses replace trains between Cabramatta and Granville,"Saturday 26 and Sunday 27 September
Buses replace trains between Cabramatta and Granville.
Trains run to a changed timetable and stopping pattern between Leppington and the City via Regents Park.
Change at:
- Cabramatta for buses to Canley Vale, Fairfield, Yennora, Guildford and Merrylands, or
- Lidcombe for trains towards Granville or T1 Western Line stations.",IWL_1h,6999377604685702146,2026-09-25 16:00:00+00:00,2026-09-27 16:00:19+00:00
a8c4b063-061e-5050-bdde-9f94fc8dce91,MAINTENANCE,MODIFIED_SERVICE,Sydney Metro trackwork may affect how you travel. Metro services do not run between Sydenham and Chatswood,"Saturday 26 and Sunday 27 September
Sydney Metro trackwork may affect how you travel. Metro services do not run between Sydenham and Chatswood.
Use trains between Sydenham, the City and Chatswood.",ESI_2c,5285933596947171244,2026-09-25 16:00:00+00:00,2026-09-27 16:00:24+00:00
458650b8-76af-5f3c-b00c-a3a2e2d130be,MAINTENANCE,MODIFIED_SERVICE,Buses replace trains between Bomaderry and Wollongong,"Saturday 26 and Sunday 27 September
Buses replace trains between Bomaderry and Wollongong.
Trains run between Port Kembla, Wollongong and Bondi Junction, some to a changed timetable.
Buses do not run to the train timetable. If connecting with trains at Wollongong you may need to catch an earlier bus to ensure you meet your train connection.
Sydney Metro trackwork may affect how you travel. Metro services do not run between Sydenham and Chatswood.
Use trains between Central and Epping or Chatswood.",SCO_2b,7005896456830233422,2026-09-25 16:00:00+00:00,2026-09-27 16:00:25+00:00
7a1297c1-0f7c-5fc3-95c7-fd1e7b580d1a,MAINTENANCE,MODIFIED_SERVICE,Buses replace trains between Cabramatta and Granville,"Saturday 26 and Sunday 27 September
Buses replace trains between Cabramatta and Granville.
Trains run to a changed timetable and stopping pattern between Leppington and the City via Regents Park, and between Schofields and Olympic Park.",CMB_2a,1644696160033301445,2026-09-25 16:00:00+00:00,2026-09-27 16:00:39+00:00
ee0d0ca9-7e69-5d24-9b92-c84f13f8126b,MAINTENANCE,MODIFIED_SERVICE,Trains run to a changed timetable and stopping pattern,"Trains run to a changed timetable and stopping pattern
 
Wednesday 30 September
From 10:30PM to 1:30AM, Inner West trains run between Ashfield and the City Circle only.
Leppington trains do not stop at Ashfield or Newtown.
T1 Western Line trains make extra stops at Homebush and Burwood. T9 Northern Line trains make extra stops at Croydon and Ashfield.
You may need to change trains to continue your journey.",IWL_2f,4691458740276869547,2026-09-30 12:30:02+00:00,2026-09-30 15:30:00+00:00
ee0d0ca9-7e69-5d24-9b92-c84f13f8126b,MAINTENANCE,MODIFIED_SERVICE,Trains run to a changed timetable and stopping pattern,"Trains run to a changed timetable and stopping pattern
 
Wednesday 30 September
From 10:30PM to 1:30AM, Inner West trains run between Ashfield and the City Circle only.
Leppington trains do not stop at Ashfield or Newtown.
T1 Western Line trains make extra stops at Homebush and Burwood. T9 Northern Line trains make extra stops at Croydon and Ashfield.
You may need to change trains to continue your journey.",IWL_1d,7284748182596493165,2026-09-30 12:30:02+00:00,2026-09-30 15:30:00+00:00
ee0d0ca9-7e69-5d24-9b92-c84f13f8126b,MAINTENANCE,MODIFIED_SERVICE,Trains run to a changed timetable and stopping pattern,"Trains run to a changed timetable and stopping pattern
 
Wednesday 30 September
From 10:30PM to 1:30AM, Inner West trains run between Ashfield and the City Circle only.
Leppington trains do not stop at Ashfield or Newtown.
T1 Western Line trains make extra stops at Homebush and Burwood. T9 Northern Line trains make extra stops at Croydon and Ashfield.
You may need to change trains to continue your journey.",IWL_1f,1221224009602693160,2026-09-30 12:30:02+00:00,2026-09-30 15:30:00+00:00
669c9f49-5476-55f3-a619-192e1e529f0d,MAINTENANCE,MODIFIED_SERVICE,Trains run to a changed timetable and stopping pattern,"Wednesday 30 September
From 10:20PM to 1:30AM, trains run to a changed timetable between Liverpool and Lidcombe only. Change trains at Lidcombe to continue your journey.
Inner West trains run between Ashfield and the City Circle.
T1 Western Line trains run between Lidcombe and the City, making extra stops at Homebush and Burwood.
T9 Northern Line trains make extra stops at Croydon and Ashfield.",BNK_1e,-9115475355294482475,2026-09-30 12:20:00+00:00,2026-09-30 15:30:26+00:00
669c9f49-5476-55f3-a619-192e1e529f0d,MAINTENANCE,MODIFIED_SERVICE,Trains run to a changed timetable and stopping pattern,"Wednesday 30 September
From 10:20PM to 1:30AM, trains run to a changed timetable between Liverpool and Lidcombe only. Change trains at Lidcombe to continue your journey.
Inner West trains run between Ashfield and the City Circle.
T1 Western Line trains run between Lidcombe and the City, making extra stops at Homebush and Burwood.
T9 Northern Line trains make extra stops at Croydon and Ashfield.",BNK_1g,5064893934630336586,2026-09-30 12:20:00+00:00,2026-09-30 15:30:26+00:00
b44c15ce-6501-59ae-adb4-eaf1a5b73e6c,MAINTENANCE,MODIFIED_SERVICE,Some trains run to a changed timetable. Trackwork at Wolli Creek may affect how you travel,"Wednesday 30 September and Thursday 1 October
Nightly from 9:50PM to 1:30AM, trains between Sydenham and the City Circle run to a changed timetable.
Nightly from 10:10PM to 1:30AM, trackwork at Wolli Creek may affect how you travel to T4 Eastern Suburbs & Illawarra or South Coast Line stations.
T4 Eastern Suburbs & Illawarra and South Coast Line trains do not stop at Wolli Creek. Buses run between Sydenham, Wolli Creek and Arncliffe.
Change at Central for T4 Eastern Suburbs & Illawarra or South Coast Line trains.",APS_2f,4089134572644777184,2026-09-30 11:50:00+00:00,2026-09-30 15:30:00+00:00
77a58cd0-8ce8-5e8d-8c92-db8cbf4b7826,MAINTENANCE,MODIFIED_SERVICE,Buses replace trains between Cabramatta and Granville,"Sunday 4 October
From 5:30AM to 9:40AM, buses replace trains between Cabramatta and Granville.
Trains run to a changed timetable between Leppington and the City via Regents Park.",IWL_2b,7400251048012378211,2026-10-03 18:30:00+00:00,2026-10-03 22:40:00+00:00
77a58cd0-8ce8-5e8d-8c92-db8cbf4b7826,MAINTENANCE,MODIFIED_SERVICE,Buses replace trains between Cabramatta and Granville,"Sunday 4 October
From 5:30AM to 9:40AM, buses replace trains between Cabramatta and Granville.
Trains run to a changed timetable between Leppington and the City via Regents Park.",IWL_2i,-4396571606196770016,2026-10-03 18:30:00+00:00,2026-10-03 22:40:00+00:00
77a58cd0-8ce8-5e8d-8c92-db8cbf4b7826,MAINTENANCE,MODIFIED_SERVICE,Buses replace trains between Cabramatta and Granville,"Sunday 4 October
From 5:30AM to 9:40AM, buses replace trains between Cabramatta and Granville.
Trains run to a changed timetable between Leppington and the City via Regents Park.",IWL_2j,-1303612948344505806,2026-10-03 18:30:00+00:00,2026-10-03 22:40:00+00:00
b2e90342-af67-50e3-a804-329d980f269b,MAINTENANCE,MODIFIED_SERVICE,Extra trains run between Leppington and the City via Regents Park,"Sunday 4 October
From 5:30AM to 9:40AM, extra trains run between Leppington and the City via Regents Park.",BNK_2c,3787217531919373545,2026-10-03 18:30:00+00:00,2026-10-03 22:40:03+00:00
d9e7ac87-a2d6-55d4-a9ef-62efa975f42b,MAINTENANCE,MODIFIED_SERVICE,Trains run to a changed timetable and stopping pattern,"Saturday 3 October
From 9:30AM to 1PM, trains run to a changed timetable between Liverpool and Lidcombe, and between Homebush and the City only.
You may need to change trains to continue your journey.
T1 Western and T2 Leppington Line trains run between Lidcombe and the City.",BNK_2g,7746676549497845523,2026-10-03 11:30:00+00:00,2026-10-04 02:00:04+00:00
5500f84d-e087-5748-af79-f76f9d478444,MAINTENANCE,MODIFIED_SERVICE,Trains run to a changed timetable and stopping pattern,"Monday 5 October
From 9:30AM to 1PM, trains run to a changed timetable between Liverpool and Lidcombe, and between Homebush and the City only.
You may need to change trains to continue your journey.
T1 Western and T2 Leppington Line trains run between Lidcombe and the City.",BNK_2f,-4213221836035426102,2026-10-04 22:30:00+00:00,2026-10-05 02:00:31+00:00
6f055ffe-b484-5dc0-ab92-efbb59afb676,MAINTENANCE,MODIFIED_SERVICE,Trains run between Blue Mountains Line stations and Blacktown,"Monday 5 October
From 6PM to 2AM, trains run between Blue Mountains Line stations and Blacktown only.
Trains from Blacktown to Blue Mountains Line stations run up to 30 minutes later than the normal timetable.
T1 Western Line trains run to a changed timetable between Penrith and Olympic Park.
Buses replace trains between Olympic Park and Central.",BMT_2,2347072026132267080,2026-10-05 07:00:00+00:00,2026-10-05 15:00:39+00:00
aa8dc13b-cf94-5605-888d-0fe6a081cf8b,UNKNOWN_CAUSE,UNKNOWN_EFFECT,"Station Update - Bexley North, Kingsgrove, Lisarow and more",The warning tactiles are missing on some sections of the platform. Repairs have been arranged.  Please use caution and take care,OLY_2a,5096923697721243545,2026-08-30 19:08:43+00:00,
7e669567-64e5-5fec-83a2-7332090518c3,UNKNOWN_CAUSE,UNKNOWN_EFFECT,Station Update - Central,"From Sunday to Thursday, between 10pm and 5am, ceiling installation works will take place in the pedestrian tunnel between platforms 4 and 11 and the lower concourse.
 - During this time, the Redfern end stairs on Platforms 4 to 11 will be closed.
 - Customer will need to use the City end of the platform to exit via the Grand Concourse.
 - If you need assistance, ask station staff or call 9379 1777.",BNK_2a,655547182426901944,2026-08-06 00:30:06+00:00,
7e669567-64e5-5fec-83a2-7332090518c3,UNKNOWN_CAUSE,UNKNOWN_EFFECT,Station Update - Central,"From Sunday to Thursday, between 10pm and 5am, ceiling installation works will take place in the pedestrian tunnel between platforms 4 and 11 and the lower concourse.
 - During this time, the Redfern end stairs on Platforms 4 to 11 will be closed.
 - Customer will need to use the City end of the platform to exit via the Grand Concourse.
 - If you need assistance, ask station staff or call 9379 1777.",NTH_2a,8355324188916703396,2026-08-06 00:30:06+00:00,
7e669567-64e5-5fec-83a2-7332090518c3,UNKNOWN_CAUSE,UNKNOWN_EFFECT,Station Update - Central,"From Sunday to Thursday, between 10pm and 5am, ceiling installation works will take place in the pedestrian tunnel between platforms 4 and 11 and the lower concourse.
 - During this time, the Redfern end stairs on Platforms 4 to 11 will be closed.
 - Customer will need to use the City end of the platform to exit via the Grand Concourse.
 - If you need assistance, ask station staff or call 9379 1777.",CCN_2a,-5978113767534294052,2026-08-06 00:30:06+00:00,
7e669567-64e5-5fec-83a2-7332090518c3,UNKNOWN_CAUSE,UNKNOWN_EFFECT,Station Update - Central,"From Sunday to Thursday, between 10pm and 5am, ceiling installation works will take place in the pedestrian tunnel between platforms 4 and 11 and the lower concourse.
 - During this time, the Redfern end stairs on Platforms 4 to 11 will be closed.
 - Customer will need to use the City end of the platform to exit via the Grand Concourse.
 - If you need assistance, ask station staff or call 9379 1777.",CCN_2b,627028831985276158,2026-08-06 00:30:06+00:00,
7e669567-64e5-5fec-83a2-7332090518c3,UNKNOWN_CAUSE,UNKNOWN_EFFECT,Station Update - Central,"From Sunday to Thursday, between 10pm and 5am, ceiling installation works will take place in the pedestrian tunnel between platforms 4 and 11 and the lower concourse.
 - During this time, the Redfern end stairs on Platforms 4 to 11 will be closed.
 - Customer will need to use the City end of the platform to exit via the Grand Concourse.
 - If you need assistance, ask station staff or call 9379 1777.",4T.C.6238,7914922464991844750,2026-08-06 00:30:06+00:00,
7e669567-64e5-5fec-83a2-7332090518c3,UNKNOWN_CAUSE,UNKNOWN_EFFECT,Station Update - Central,"From Sunday to Thursday, between 10pm and 5am, ceiling installation works will take place in the pedestrian tunnel between platforms 4 and 11 and the lower concourse.
 - During this time, the Redfern end stairs on Platforms 4 to 11 will be closed.
 - Customer will need to use the City end of the platform to exit via the Grand Concourse.
 - If you need assistance, ask station staff or call 9379 1777.",4T.T.SP36,-1222409182097691076,2026-08-06 00:30:06+00:00,
7e669567-64e5-5fec-83a2-7332090518c3,UNKNOWN_CAUSE,UNKNOWN_EFFECT,Station Update - Central,"From Sunday to Thursday, between 10pm and 5am, ceiling installation works will take place in the pedestrian tunnel between platforms 4 and 11 and the lower concourse.
 - During this time, the Redfern end stairs on Platforms 4 to 11 will be closed.
 - Customer will need to use the City end of the platform to exit via the Grand Concourse.
 - If you need assistance, ask station staff or call 9379 1777.",4T.T.BMT,45939443291718084,2026-08-06 00:30:06+00:00,
7e669567-64e5-5fec-83a2-7332090518c3,UNKNOWN_CAUSE,UNKNOWN_EFFECT,Station Update - Central,"From Sunday to Thursday, between 10pm and 5am, ceiling installation works will take place in the pedestrian tunnel between platforms 4 and 11 and the lower concourse.
 - During this time, the Redfern end stairs on Platforms 4 to 11 will be closed.
 - Customer will need to use the City end of the platform to exit via the Grand Concourse.
 - If you need assistance, ask station staff or call 9379 1777.",IWL_1c,-2200421255733575805,2026-08-06 00:30:06+00:00,
7e669567-64e5-5fec-83a2-7332090518c3,UNKNOWN_CAUSE,UNKNOWN_EFFECT,Station Update - Central,"From Sunday to Thursday, between 10pm and 5am, ceiling installation works will take place in the pedestrian tunnel between platforms 4 and 11 and the lower concourse.
 - During this time, the Redfern end stairs on Platforms 4 to 11 will be closed.
 - Customer will need to use the City end of the platform to exit via the Grand Concourse.
 - If you need assistance, ask station staff or call 9379 1777.",BNK_1a,6313364393264430797,2026-08-06 00:30:06+00:00,
7e669567-64e5-5fec-83a2-7332090518c3,UNKNOWN_CAUSE,UNKNOWN_EFFECT,Station Update - Central,"From Sunday to Thursday, between 10pm and 5am, ceiling installation works will take place in the pedestrian tunnel between platforms 4 and 11 and the lower concourse.
 - During this time, the Redfern end stairs on Platforms 4 to 11 will be closed.
 - Customer will need to use the City end of the platform to exit via the Grand Concourse.
 - If you need assistance, ask station staff or call 9379 1777.",4T.C.4101,-271101784673264342,2026-08-06 00:30:06+00:00,
7e669567-64e5-5fec-83a2-7332090518c3,UNKNOWN_CAUSE,UNKNOWN_EFFECT,Station Update - Central,"From Sunday to Thursday, between 10pm and 5am, ceiling installation works will take place in the pedestrian tunnel between platforms 4 and 11 and the lower concourse.
 - During this time, the Redfern end stairs on Platforms 4 to 11 will be closed.
 - Customer will need to use the City end of the platform to exit via the Grand Concourse.
 - If you need assistance, ask station staff or call 9379 1777.",4T.C.6101,8268201094666785999,2026-08-06 00:30:06+00:00,
7e669567-64e5-5fec-83a2-7332090518c3,UNKNOWN_CAUSE,UNKNOWN_EFFECT,Station Update - Central,"From Sunday to Thursday, between 10pm and 5am, ceiling installation works will take place in the pedestrian tunnel between platforms 4 and 11 and the lower concourse.
 - During this time, the Redfern end stairs on Platforms 4 to 11 will be closed.
 - Customer will need to use the City end of the platform to exit via the Grand Concourse.
 - If you need assistance, ask station staff or call 9379 1777.",4T.C.6307,-1237161638977162488,2026-08-06 00:30:06+00:00,
7e669567-64e5-5fec-83a2-7332090518c3,UNKNOWN_CAUSE,UNKNOWN_EFFECT,Station Update - Central,"From Sunday to Thursday, between 10pm and 5am, ceiling installation works will take place in the pedestrian tunnel between platforms 4 and 11 and the lower concourse.
 - During this time, the Redfern end stairs on Platforms 4 to 11 will be closed.
 - Customer will need to use the City end of the platform to exit via the Grand Concourse.
 - If you need assistance, ask station staff or call 9379 1777.",4T.T.SP33,-5594666807525696256,2026-08-06 00:30:06+00:00,
24ec6d75-368b-5a43-af39-0176e463e065,UNKNOWN_CAUSE,UNKNOWN_EFFECT,Station Update - West Ryde,"From Monday 7 September to Sunday 1 November, lift replacement works will be taking place at West Ryde Station, closing the lift between the concourse and Ryedale Road. 

During this time, lift access to the station will be available on the opposite side of the station on West Parade.

Baggage handlers will be available to assist during this time.

If you need further assistance, ask station staff or call 02 9752 8465",CCN_2b,627028831985276158,2026-09-04 02:27:30+00:00,
e8f62d25-979f-56f6-8f2f-dfda63c1b7b8,MAINTENANCE,UNKNOWN_EFFECT,"Cumberland Line, Leppington & Inner West Line","Allow extra travel time between Granville and Cabramatta due to urgent track repairs at Granville. Repair crews are on site and working to restore train services as soon as possible. Trains will be stopping at different platforms. Stops may change at short notice. 

Trains are not running between Granville and Cabramatta and will be diverted via Sefton to provide regular service. Customers travelling between Granville and Cabramatta via Merrylands are advised to consider catching nearby public transport services to continue their journey. We are trying to arrange replacement buses.  Please delay travel if possible or use other transport.  Well update you when we have more information. Customers should plan ahead and allow plenty of extra travel time.

For service updates, please check transport apps, information screens and listen to announcements.",IWL_1f,1221224009602693160,2026-09-17 07:05:59+00:00,
e8f62d25-979f-56f6-8f2f-dfda63c1b7b8,MAINTENANCE,UNKNOWN_EFFECT,"Cumberland Line, Leppington & Inner West Line","Allow extra travel time between Granville and Cabramatta due to urgent track repairs at Granville. Repair crews are on site and working to restore train services as soon as possible. Trains will be stopping at different platforms. Stops may change at short notice. 

Trains are not running between Granville and Cabramatta and will be diverted via Sefton to provide regular service. Customers travelling between Granville and Cabramatta via Merrylands are advised to consider catching nearby public transport services to continue their journey. We are trying to arrange replacement buses.  Please delay travel if possible or use other transport.  Well update you when we have more information. Customers should plan ahead and allow plenty of extra travel time.

For service updates, please check transport apps, information screens and listen to announcements.",IWL_1h,6999377604685702146,2026-09-17 07:05:59+00:00,
e8f62d25-979f-56f6-8f2f-dfda63c1b7b8,MAINTENANCE,UNKNOWN_EFFECT,"Cumberland Line, Leppington & Inner West Line","Allow extra travel time between Granville and Cabramatta due to urgent track repairs at Granville. Repair crews are on site and working to restore train services as soon as possible. Trains will be stopping at different platforms. Stops may change at short notice. 

Most trains will be diverted via Sefton to provide regular service. Customers travelling between Granville and Cabramatta via Merrylands are advised to consider catching nearby public transport services to continue their journey. We are trying to arrange replacement buses.  Please delay travel if possible or use other transport.  Well update you when we have more information. Customers should plan ahead and allow plenty of extra travel time.

For service updates, please check transport apps, information screens and listen to announcements.",CMB_1a,8502485376767781749,2026-09-17 06:50:04+00:00,
e8f62d25-979f-56f6-8f2f-dfda63c1b7b8,MAINTENANCE,UNKNOWN_EFFECT,"Cumberland Line, Leppington & Inner West Line","Allow extra travel time between Granville and Cabramatta due to urgent track repairs at Granville. Repair crews are on site and working to restore train services as soon as possible. Trains will be stopping at different platforms. Stops may change at short notice. 

Most trains will be diverted via Sefton to provide regular service. Customers travelling between Granville and Cabramatta via Merrylands are advised to consider catching nearby public transport services to continue their journey. We are trying to arrange replacement buses.  Please delay travel if possible or use other transport.  Well update you when we have more information. Customers should plan ahead and allow plenty of extra travel time.

For service updates, please check transport apps, information screens and listen to announcements.",IWL_1a,-460769293585121233,2026-09-17 06:50:04+00:00,
e8f62d25-979f-56f6-8f2f-dfda63c1b7b8,MAINTENANCE,UNKNOWN_EFFECT,"Cumberland Line, Leppington & Inner West Line","Allow extra travel time between Granville and Cabramatta due to urgent track repairs at Granville. Repair crews are on site and working to restore train services as soon as possible. 

Most trains will be diverted via Sefton to provide regular service. Customers travelling between Granville and Cabramatta via Merrylands are advised to consider catching nearby public transport services to continue their journey. Trains will be stopping at different platforms. Stops may change at short notice. . 

For service updates, please check transport apps, information screens and listen to announcements.",IWL_2c,-7246217427817351284,2026-09-17 06:37:33+00:00,
e8f62d25-979f-56f6-8f2f-dfda63c1b7b8,MAINTENANCE,UNKNOWN_EFFECT,"Cumberland Line, Leppington & Inner West Line","Allow extra travel time between Granville and Cabramatta due to urgent track repairs at Granville. Repair crews are on site and working to restore train services as soon as possible. 

Most trains will be diverted via Sefton to provide regular service. Customers travelling between Granville and Cabramatta via Merrylands are advised to consider catching nearby public transport services to continue their journey. Trains will be stopping at different platforms. Stops may change at short notice. . 

For service updates, please check transport apps, information screens and listen to announcements.",IWL_2a,-1562489065343894865,2026-09-17 06:37:33+00:00,
e8f62d25-979f-56f6-8f2f-dfda63c1b7b8,MAINTENANCE,UNKNOWN_EFFECT,"Cumberland Line, Leppington & Inner West Line","Allow extra travel time between Granville and Cabramatta due to urgent track repairs at Granville. Repair crews are on site and working to restore train services as soon as possible. 

Most trains will be diverted via Sefton to provide regular service. Customers travelling between Granville and Cabramatta via Merrylands are advised to consider catching nearby public transport services to continue their journey. Trains will be stopping at different platforms. Stops may change at short notice. . 

For service updates, please check transport apps, information screens and listen to announcements.",CMB_2b,299721892419967497,2026-09-17 06:37:33+00:00,
e8f62d25-979f-56f6-8f2f-dfda63c1b7b8,MAINTENANCE,UNKNOWN_EFFECT,"Cumberland Line, Leppington & Inner West Line","Urgent track repairs at Granville have been completed. Services between Cabramatta and Granville have resumed. Services may be less frequent and travel time may be longer than normal. Stops may change at short notice. Delays up to 15 minutes may continue as services recover.

For service updates, please check transport apps, information screens and listen to announcements.",CMB_1b,-2936976510359900114,2026-09-17 07:25:04+00:00,
504c2de3-c1bf-528e-8bdb-bd959a2b0307,MAINTENANCE,MODIFIED_SERVICE,T1 Western Line: Trains run to a changed timetable and make extra stops,"Wednesday 16 and Thursday 17 September
Nightly from 9:20PM to 1:30AM, trains may run to a changed timetable and make extra stops at some stations between Seven Hills and Lidcombe.",WST_2d,-6255990460352317300,2026-09-16 11:20:00+00:00,2026-09-16 15:30:00+00:00
b961cac8-0a10-51fd-96b1-9fe939e887d3,MAINTENANCE,MODIFIED_SERVICE,Buses replace trains between Leppington and Fairfield,"Wednesday 16 and Thursday 17 September
Nightly from 9:40PM to 1:30AM, buses replace trains between Leppington and Fairfield.
Trains run to a changed timetable between Fairfield and the City via Granville, and between Glenfield and the City via the Airport.
Some Inner West trains run to a changed timetable between Olympic Park or Homebush and the City.
Buses also replace T3 Liverpool & Inner West Line trains between Liverpool and Lidcombe.",IWL_2d,-8761173739318814829,2026-09-16 11:40:00+00:00,2026-09-16 15:30:00+00:00
b961cac8-0a10-51fd-96b1-9fe939e887d3,MAINTENANCE,MODIFIED_SERVICE,Buses replace trains between Leppington and Fairfield,"Wednesday 16 and Thursday 17 September
Nightly from 9:40PM to 1:30AM, buses replace trains between Leppington and Fairfield.
Trains run to a changed timetable between Fairfield and the City via Granville, and between Glenfield and the City via the Airport.
Some Inner West trains run to a changed timetable between Olympic Park or Homebush and the City.
Buses also replace T3 Liverpool & Inner West Line trains between Liverpool and Lidcombe.",IWL_1j,1258465799022621567,2026-09-16 11:40:00+00:00,2026-09-16 15:30:00+00:00
2ad7fb1d-1308-50c1-b8a0-fb227dc90a53,MAINTENANCE,MODIFIED_SERVICE,Buses replace trains between Liverpool and Lidcombe,"Wednesday 16 and Thursday 17 September
Nightly from 9:40PM to 1:30AM, buses replace trains between Liverpool and Lidcombe.
Trains run between Lidcombe and the City, to a changed timetable. You may need to change trains to continue your journey.
Buses also replace T2 Leppington & Inner West Line trains between Leppington and Fairfield, and T6 Lidcombe & Bankstown Line trains between Bankstown and Lidcombe.",BNK_1g,5064893934630336586,2026-09-16 11:40:00+00:00,2026-09-16 15:30:00+00:00
2ad7fb1d-1308-50c1-b8a0-fb227dc90a53,MAINTENANCE,MODIFIED_SERVICE,Buses replace trains between Liverpool and Lidcombe,"Wednesday 16 and Thursday 17 September
Nightly from 9:40PM to 1:30AM, buses replace trains between Liverpool and Lidcombe.
Trains run between Lidcombe and the City, to a changed timetable. You may need to change trains to continue your journey.
Buses also replace T2 Leppington & Inner West Line trains between Leppington and Fairfield, and T6 Lidcombe & Bankstown Line trains between Bankstown and Lidcombe.",BNK_2c,3787217531919373545,2026-09-16 11:40:00+00:00,2026-09-16 15:30:00+00:00
2ad7fb1d-1308-50c1-b8a0-fb227dc90a53,MAINTENANCE,MODIFIED_SERVICE,Buses replace trains between Liverpool and Lidcombe,"Wednesday 16 and Thursday 17 September
Nightly from 9:40PM to 1:30AM, buses replace trains between Liverpool and Lidcombe.
Trains run between Lidcombe and the City, to a changed timetable. You may need to change trains to continue your journey.
Buses also replace T2 Leppington & Inner West Line trains between Leppington and Fairfield, and T6 Lidcombe & Bankstown Line trains between Bankstown and Lidcombe.",BNK_1c,-6876273115546089350,2026-09-16 11:40:00+00:00,2026-09-16 15:30:00+00:00
2ad7fb1d-1308-50c1-b8a0-fb227dc90a53,MAINTENANCE,MODIFIED_SERVICE,Buses replace trains between Liverpool and Lidcombe,"Wednesday 16 and Thursday 17 September
Nightly from 9:40PM to 1:30AM, buses replace trains between Liverpool and Lidcombe.
Trains run between Lidcombe and the City, to a changed timetable. You may need to change trains to continue your journey.
Buses also replace T2 Leppington & Inner West Line trains between Leppington and Fairfield, and T6 Lidcombe & Bankstown Line trains between Bankstown and Lidcombe.",BNK_2g,7746676549497845523,2026-09-16 11:40:00+00:00,2026-09-16 15:30:00+00:00
2ad7fb1d-1308-50c1-b8a0-fb227dc90a53,MAINTENANCE,MODIFIED_SERVICE,Buses replace trains between Liverpool and Lidcombe,"Wednesday 16 and Thursday 17 September
Nightly from 9:40PM to 1:30AM, buses replace trains between Liverpool and Lidcombe.
Trains run between Lidcombe and the City, to a changed timetable. You may need to change trains to continue your journey.
Buses also replace T2 Leppington & Inner West Line trains between Leppington and Fairfield, and T6 Lidcombe & Bankstown Line trains between Bankstown and Lidcombe.",T3_2a,-5842204805049448059,2026-09-16 11:40:00+00:00,2026-09-16 15:30:00+00:00
027fd233-51ce-5d16-9591-53f97ad47dd7,MAINTENANCE,MODIFIED_SERVICE,T1 Western Line: Trains run to a changed timetable and stopping pattern,"Saturday 19 and Sunday 20 September\
Trains run to a changed timetable and stopping pattern between:
- Richmond and Olympic Park. You may need to change trains at Parramatta to continue your journey.
- Penrith and Central, platforms 1-14 only.
Sunday from 6:30AM to 10:30AM, Richmond trains run between Richmond and Liverpool. You may need to change trains at Parramatta to continue your journey.",WST_2c,-4689984939195006273,2026-09-18 16:00:00+00:00,2026-09-20 16:00:23+00:00
027fd233-51ce-5d16-9591-53f97ad47dd7,MAINTENANCE,MODIFIED_SERVICE,T1 Western Line: Trains run to a changed timetable and stopping pattern,"Saturday 19 and Sunday 20 September\
Trains run to a changed timetable and stopping pattern between:
- Richmond and Olympic Park. You may need to change trains at Parramatta to continue your journey.
- Penrith and Central, platforms 1-14 only.
Sunday from 6:30AM to 10:30AM, Richmond trains run between Richmond and Liverpool. You may need to change trains at Parramatta to continue your journey.",WST_1b,-2301718121315425992,2026-09-18 16:00:00+00:00,2026-09-20 16:00:23+00:00
7ef68f64-75e9-5e4b-9c31-588195f8fe45,MAINTENANCE,MODIFIED_SERVICE,"Buses replace trains between Waterfall, Cronulla and Hurstville","Monday 21 and Tuesday 22 September
Nightly from 9:50PM to 2:30AM, buses replace trains between Waterfall, Cronulla and Hurstville.
Trains run between Hurstville and Bondi Junction, some to a changed timetable.",ESI_2e,6893476243656098456,2026-09-21 11:50:00+00:00,2026-09-21 16:30:00+00:00
57854255-0585-5e83-b4c1-59b55fd72731,MAINTENANCE,MODIFIED_SERVICE,You may need to change trains at Granville to continue your journey,"Tuesday 22 and Wednesday 23 September
Nightly from 11:50PM to 1:30AM, trains run to a changed timetable between Richmond or Leppington and Olympic Park. Some trains start and end at Granville.
You may need to change trains at Granville to continue your journey.",CMB_1a,8502485376767781749,2026-09-22 13:50:00+00:00,2026-09-22 15:30:00+00:00
c06ef39b-1f78-5836-a122-fa5ee67a2ce4,MAINTENANCE,MODIFIED_SERVICE,"At Stanwell Park and Coalcliff, trains leave from different platforms","Saturday 26 September
From 7:30AM to 11:30AM, at Stanwell Park and Coalcliff, all trains leave from platform 1.
From 12PM to 4PM, at Coalcliff and Stanwell Park, all trains leave from platform 2.",SCO_2b,7005896456830233422,2026-09-25 21:30:00+00:00,2026-09-26 06:00:35+00:00
15cfea4d-aaf6-5fa7-bce8-46e151981d40,MAINTENANCE,MODIFIED_SERVICE,T1 Western Line: Some trains run to a changed timetable and stopping pattern,"Saturday 26 and Sunday 27 September
Some trains run to a changed timetable and stopping pattern.
Richmond trains run between Richmond and Olympic Park. You may need to change trains to continue your journey.",NSN_2i,9218376079003314857,2026-09-25 16:00:00+00:00,2026-09-27 16:00:11+00:00
8a446d44-d955-5598-9b14-a1b87d68622d,MAINTENANCE,MODIFIED_SERVICE,Sydney Metro trackwork may affect how you travel. Metro services do not run between Chatswood and Sydenham,"Saturday 26 and Sunday 27 September
Sydney Metro trackwork may affect how you travel. Metro services do not run between Chatswood and Sydenham.
Use trains between Epping or Chatswood, the City and Sydenham.",CCN_1b,-5236434750823934246,2026-09-25 16:00:00+00:00,2026-09-27 16:00:33+00:00
039b54e3-bd3b-5f93-b4c1-9fa68ae248a8,MAINTENANCE,MODIFIED_SERVICE,Trains run to a changed timetable and stopping pattern,"Saturday 26 and Sunday 27 September
Trains run to a changed timetable and stopping pattern between Leppington and the City.
You may need to change trains if travelling to Inner West stations.",BNK_1g,5064893934630336586,2026-09-25 16:00:00+00:00,2026-09-27 16:00:47+00:00
3926e2a1-cf79-532a-a7c8-0787fb3006a2,MAINTENANCE,MODIFIED_SERVICE,Trains run to a changed timetable and stopping pattern,"Saturday 26 and Sunday 27 September
Trains may run to a changed timetable due to trackwork between Blacktown and Lidcombe.
Some trains between Bathurst and Lithgow also run to a changed timetable.",BMT_1,-2224808403655777439,2026-09-25 16:00:00+00:00,2026-09-27 16:00:52+00:00
2ded9af6-6f3d-5fb4-b035-a8aa19c29de9,MAINTENANCE,MODIFIED_SERVICE,T1 North Shore Line: Buses replace trains between Hornsby and Milsons Point. Use metro services between Chatswood and the City,"Monday 28 and Tuesday 29 September
Nightly from 9:20PM to 1:30AM, buses replace trains from Hornsby to Milsons Point.
Nightly from 9:50PM to 1:30AM, buses replace trains from Milsons Point to Hornsby.
Use metro services between Chatswood and the City.",NSN_2i,9218376079003314857,2026-09-28 11:20:00+00:00,2026-09-28 15:30:00+00:00
2ded9af6-6f3d-5fb4-b035-a8aa19c29de9,MAINTENANCE,MODIFIED_SERVICE,T1 North Shore Line: Buses replace trains between Hornsby and Milsons Point. Use metro services between Chatswood and the City,"Monday 28 and Tuesday 29 September
Nightly from 9:20PM to 1:30AM, buses replace trains from Hornsby to Milsons Point.
Nightly from 9:50PM to 1:30AM, buses replace trains from Milsons Point to Hornsby.
Use metro services between Chatswood and the City.",NSN_2k,6965782384900562698,2026-09-28 11:20:00+00:00,2026-09-28 15:30:00+00:00
32531557-1c2e-5a29-a8a1-9871eb185350,MAINTENANCE,MODIFIED_SERVICE,Buses replace trains between Central and Bondi Junction. Trains do not stop at Wolli Creek,"Wednesday 30 September and Thursday 1 October
Nightly from 9:50PM to 1:30AM, buses replace trains between Central and Bondi Junction, but do not stop at Martin Place.
Most trains run to a changed timetable between Cronulla, Waterfall and the City Circle, with some making extra stops at St Peters and Erskineville.
Nightly from 10:10PM to 1:30AM, trains do not stop at Wolli Creek but make an extra stop at Arncliffe.
Buses run between Sydenham, Wolli Creek and Arncliffe.
Change at Arncliffe or Sydenham for a bus to Wolli Creek or change at Central for a T8 Airport & South Line train if you have luggage or accessibility needs.",ESI_2c,5285933596947171244,2026-09-30 11:50:00+00:00,2026-09-30 15:30:00+00:00
32531557-1c2e-5a29-a8a1-9871eb185350,MAINTENANCE,MODIFIED_SERVICE,Buses replace trains between Central and Bondi Junction. Trains do not stop at Wolli Creek,"Wednesday 30 September and Thursday 1 October
Nightly from 9:50PM to 1:30AM, buses replace trains between Central and Bondi Junction, but do not stop at Martin Place.
Most trains run to a changed timetable between Cronulla, Waterfall and the City Circle, with some making extra stops at St Peters and Erskineville.
Nightly from 10:10PM to 1:30AM, trains do not stop at Wolli Creek but make an extra stop at Arncliffe.
Buses run between Sydenham, Wolli Creek and Arncliffe.
Change at Arncliffe or Sydenham for a bus to Wolli Creek or change at Central for a T8 Airport & South Line train if you have luggage or accessibility needs.",ESI_1b,1240132754610898344,2026-09-30 11:50:00+00:00,2026-09-30 15:30:00+00:00
08a0093d-dd5a-58bb-b15a-e35aed2f906a,MAINTENANCE,MODIFIED_SERVICE,Buses replace trains between Central and Bondi Junction. Trains do not stop at Wolli Creek,"Wednesday 30 September and Thursday 1 October
Nightly from 9:50PM to 1:30AM, buses replace trains between Central and Bondi Junction, but do not stop at Martin Place.
Trains run to a changed timetable between South Coast Line stations and Central, platforms 1-14.
Change at Central for buses to Kings Cross, Edgecliff and Bondi Junction or metro services to Martin Place.
Nightly from 10:40PM to 1:30AM, trains do not stop at Wolli Creek but make an extra stop at Sydenham.
Buses run between Sydenham and Wolli Creek.
Change at Sydenham for a bus to Wolli Creek or change at Central for a T8 Airport train if you have luggage or accessibility needs.",SCO_2a,799312986268590053,2026-09-30 11:50:00+00:00,2026-09-30 15:30:00+00:00
6d45fcc6-a371-5981-aec1-119ae204ddf0,MAINTENANCE,MODIFIED_SERVICE,Trains run to a changed timetable and reduced frequency,"Saturday 3 October
From 9:30AM to 1PM, trains run to a changed timetable and reduced frequency, every 30 minutes.​",T6_2c,4372012232878979249,2026-10-02 23:30:00+00:00,2026-10-03 03:00:58+00:00
e6814aaa-1618-5df1-b423-10576eb9f8a1,MAINTENANCE,MODIFIED_SERVICE,Buses replace trains between Newcastle Interchange and Gosford,"Saturday 3 October
Buses replace trains between Newcastle Interchange and Gosford.
Trains run between Gosford and Central, some to a changed timetable.",CCN_2a,-5978113767534294052,2026-10-02 15:00:00+00:00,2026-10-03 16:00:00+00:00
b2e90342-af67-50e3-a804-329d980f269b,MAINTENANCE,MODIFIED_SERVICE,Extra trains run between Leppington and the City via Regents Park,"Sunday 4 October
From 5:30AM to 9:40AM, extra trains run between Leppington and the City via Regents Park.",BNK_2f,-4213221836035426102,2026-10-03 18:30:00+00:00,2026-10-03 22:40:03+00:00
b2e90342-af67-50e3-a804-329d980f269b,MAINTENANCE,MODIFIED_SERVICE,Extra trains run between Leppington and the City via Regents Park,"Sunday 4 October
From 5:30AM to 9:40AM, extra trains run between Leppington and the City via Regents Park.",T3_1c,-1482151186623865843,2026-10-03 18:30:00+00:00,2026-10-03 22:40:03+00:00
408bf41a-cae7-5b05-aeb4-ffb2d8bd5029,MAINTENANCE,MODIFIED_SERVICE,Buses replace trains between Cabramatta and Granville,"Sunday 4 October
From 5:30AM to 9:40AM, buses replace trains between Cabramatta and Granville.
Trains run to a changed timetable between Leppington and the City via Regents Park, and between Richmond or Schofields and Olympic Park.
You may need to change trains at Lidcombe to continue your journey.
From 9:40AM to 11:30AM, trains run to a changed timetable between Leppington and the City via Granville, and between Schofields and Olympic Park.
You may need to change trains at Granville to continue your journey.",CMB_2c,2372143633426116796,2026-10-03 18:30:00+00:00,2026-10-04 00:30:00+00:00
d9e7ac87-a2d6-55d4-a9ef-62efa975f42b,MAINTENANCE,MODIFIED_SERVICE,Trains run to a changed timetable and stopping pattern,"Saturday 3 October
From 9:30AM to 1PM, trains run to a changed timetable between Liverpool and Lidcombe, and between Homebush and the City only.
You may need to change trains to continue your journey.
T1 Western and T2 Leppington Line trains run between Lidcombe and the City.",BNK_2e,8793175541741277163,2026-10-03 11:30:00+00:00,2026-10-04 02:00:04+00:00
d9e7ac87-a2d6-55d4-a9ef-62efa975f42b,MAINTENANCE,MODIFIED_SERVICE,Trains run to a changed timetable and stopping pattern,"Saturday 3 October
From 9:30AM to 1PM, trains run to a changed timetable between Liverpool and Lidcombe, and between Homebush and the City only.
You may need to change trains to continue your journey.
T1 Western and T2 Leppington Line trains run between Lidcombe and the City.",BNK_2h,3013139253553952589,2026-10-03 11:30:00+00:00,2026-10-04 02:00:04+00:00
d9e7ac87-a2d6-55d4-a9ef-62efa975f42b,MAINTENANCE,MODIFIED_SERVICE,Trains run to a changed timetable and stopping pattern,"Saturday 3 October
From 9:30AM to 1PM, trains run to a changed timetable between Liverpool and Lidcombe, and between Homebush and the City only.
You may need to change trains to continue your journey.
T1 Western and T2 Leppington Line trains run between Lidcombe and the City.",BNK_1g,5064893934630336586,2026-10-03 11:30:00+00:00,2026-10-04 02:00:04+00:00
d9e7ac87-a2d6-55d4-a9ef-62efa975f42b,MAINTENANCE,MODIFIED_SERVICE,Trains run to a changed timetable and stopping pattern,"Saturday 3 October
From 9:30AM to 1PM, trains run to a changed timetable between Liverpool and Lidcombe, and between Homebush and the City only.
You may need to change trains to continue your journey.
T1 Western and T2 Leppington Line trains run between Lidcombe and the City.",T3_1c,-1482151186623865843,2026-10-03 11:30:00+00:00,2026-10-04 02:00:04+00:00
5500f84d-e087-5748-af79-f76f9d478444,MAINTENANCE,MODIFIED_SERVICE,Trains run to a changed timetable and stopping pattern,"Monday 5 October
From 9:30AM to 1PM, trains run to a changed timetable between Liverpool and Lidcombe, and between Homebush and the City only.
You may need to change trains to continue your journey.
T1 Western and T2 Leppington Line trains run between Lidcombe and the City.",BNK_2e,8793175541741277163,2026-10-04 22:30:00+00:00,2026-10-05 02:00:31+00:00
a7a3ff7c-2231-5430-a38f-0ddeb000b242,MAINTENANCE,MODIFIED_SERVICE,Some trains run to a changed timetable and stopping pattern,"Monday 5 October
From 11:50PM to 1:30AM, some trains run between Richmond or Leppington and Olympic Park.
You may need to change trains at Granville to continue your journey.",CMB_2c,2372143633426116796,2026-10-05 12:50:00+00:00,2026-10-05 14:30:22+00:00
dcf27602-c9ca-5554-b0d8-65d342dc6e9e,MAINTENANCE,MODIFIED_SERVICE,Buses replace trains between Rhodes and Ashfield or Central,"Monday 5 October
From 6:00PM to 2:00AM, buses replace trains between Rhodes and Ashfield. 
Use metro services between Epping and the City.
Trains run to a changed timetable between Hornsby and Rhodes, and between Ashfield and the City.",NTH_1b,2926858006344023531,2026-10-05 07:00:00+00:00,2026-10-05 15:00:21+00:00
2296d332-0849-557b-9655-7b386b02a419,MAINTENANCE,MODIFIED_SERVICE,Buses replace trains between Olympic Park and Ashfield or Central,"Monday 5 October
From 6:00PM to 2:00AM, buses replace trains between Olympic Park and Ashfield. Express buses also run between Olympic Park and Central.
Replacement buses do not leave from Lidcombe.
Trains run to a changed timetable between:
- Leppington and Olympic Park
- Glenfield and the City via the Airport
- Ashfield and the City, continuing to T1 North Shore Line stations.",IWL_1f,1221224009602693160,2026-10-05 07:00:00+00:00,2026-10-05 15:00:44+00:00
2296d332-0849-557b-9655-7b386b02a419,MAINTENANCE,MODIFIED_SERVICE,Buses replace trains between Olympic Park and Ashfield or Central,"Monday 5 October
From 6:00PM to 2:00AM, buses replace trains between Olympic Park and Ashfield. Express buses also run between Olympic Park and Central.
Replacement buses do not leave from Lidcombe.
Trains run to a changed timetable between:
- Leppington and Olympic Park
- Glenfield and the City via the Airport
- Ashfield and the City, continuing to T1 North Shore Line stations.",IWL_1h,6999377604685702146,2026-10-05 07:00:00+00:00,2026-10-05 15:00:44+00:00
e0cde705-848b-5914-9472-bed39002de78,MAINTENANCE,MODIFIED_SERVICE,Buses replace trains between Olympic Park and Ashfield or Central,"Monday 5 October
From 6PM to 2AM, buses replace trains between Olympic Park and Ashfield. Express buses also run between Olympic Park and Central.
Replacement buses do not leave from Lidcombe.
Trains run to a changed timetable between:
- Liverpool and Lidcombe
- Lidcombe and Olympic Park
- Ashfield and the City, continuing to T1 North Shore Line stations.
You may need to change services to continue your journey.",T3_1b,-2398108274111041511,2026-10-05 07:00:00+00:00,2026-10-05 15:00:53+00:00
aa8dc13b-cf94-5605-888d-0fe6a081cf8b,UNKNOWN_CAUSE,UNKNOWN_EFFECT,"Station Update - Bexley North, Kingsgrove, Lisarow and more",The warning tactiles are missing on some sections of the platform. Repairs have been arranged.  Please use caution and take care,WST_1a,-8080502455091207041,2026-08-30 19:08:43+00:00,
aa8dc13b-cf94-5605-888d-0fe6a081cf8b,UNKNOWN_CAUSE,UNKNOWN_EFFECT,"Station Update - Bexley North, Kingsgrove, Lisarow and more",The warning tactiles are missing on some sections of the platform. Repairs have been arranged.  Please use caution and take care,WST_1b,-2301718121315425992,2026-08-30 19:08:43+00:00,
aa8dc13b-cf94-5605-888d-0fe6a081cf8b,UNKNOWN_CAUSE,UNKNOWN_EFFECT,"Station Update - Bexley North, Kingsgrove, Lisarow and more",The warning tactiles are missing on some sections of the platform. Repairs have been arranged.  Please use caution and take care,BNK_1a,6313364393264430797,2026-08-30 19:08:43+00:00,
aa8dc13b-cf94-5605-888d-0fe6a081cf8b,UNKNOWN_CAUSE,UNKNOWN_EFFECT,"Station Update - Bexley North, Kingsgrove, Lisarow and more",The warning tactiles are missing on some sections of the platform. Repairs have been arranged.  Please use caution and take care,BNK_1d,-7821700733867273095,2026-08-30 19:08:43+00:00,
aa8dc13b-cf94-5605-888d-0fe6a081cf8b,UNKNOWN_CAUSE,UNKNOWN_EFFECT,"Station Update - Bexley North, Kingsgrove, Lisarow and more",The warning tactiles are missing on some sections of the platform. Repairs have been arranged.  Please use caution and take care,BNK_1e,-9115475355294482475,2026-08-30 19:08:43+00:00,
aa8dc13b-cf94-5605-888d-0fe6a081cf8b,UNKNOWN_CAUSE,UNKNOWN_EFFECT,"Station Update - Bexley North, Kingsgrove, Lisarow and more",The warning tactiles are missing on some sections of the platform. Repairs have been arranged.  Please use caution and take care,BNK_2c,3787217531919373545,2026-08-30 19:08:43+00:00,
7e669567-64e5-5fec-83a2-7332090518c3,UNKNOWN_CAUSE,UNKNOWN_EFFECT,Station Update - Central,"From Sunday to Thursday, between 10pm and 5am, ceiling installation works will take place in the pedestrian tunnel between platforms 4 and 11 and the lower concourse.
 - During this time, the Redfern end stairs on Platforms 4 to 11 will be closed.
 - Customer will need to use the City end of the platform to exit via the Grand Concourse.
 - If you need assistance, ask station staff or call 9379 1777.",IWL_2e,4659744773727575182,2026-08-06 00:30:06+00:00,
7e669567-64e5-5fec-83a2-7332090518c3,UNKNOWN_CAUSE,UNKNOWN_EFFECT,Station Update - Central,"From Sunday to Thursday, between 10pm and 5am, ceiling installation works will take place in the pedestrian tunnel between platforms 4 and 11 and the lower concourse.
 - During this time, the Redfern end stairs on Platforms 4 to 11 will be closed.
 - Customer will need to use the City end of the platform to exit via the Grand Concourse.
 - If you need assistance, ask station staff or call 9379 1777.",BNK_2b,-6006373974454194731,2026-08-06 00:30:06+00:00,
7e669567-64e5-5fec-83a2-7332090518c3,UNKNOWN_CAUSE,UNKNOWN_EFFECT,Station Update - Central,"From Sunday to Thursday, between 10pm and 5am, ceiling installation works will take place in the pedestrian tunnel between platforms 4 and 11 and the lower concourse.
 - During this time, the Redfern end stairs on Platforms 4 to 11 will be closed.
 - Customer will need to use the City end of the platform to exit via the Grand Concourse.
 - If you need assistance, ask station staff or call 9379 1777.",BNK_2e,8793175541741277163,2026-08-06 00:30:06+00:00,
7e669567-64e5-5fec-83a2-7332090518c3,UNKNOWN_CAUSE,UNKNOWN_EFFECT,Station Update - Central,"From Sunday to Thursday, between 10pm and 5am, ceiling installation works will take place in the pedestrian tunnel between platforms 4 and 11 and the lower concourse.
 - During this time, the Redfern end stairs on Platforms 4 to 11 will be closed.
 - Customer will need to use the City end of the platform to exit via the Grand Concourse.
 - If you need assistance, ask station staff or call 9379 1777.",ESI_2f,-5513635247768088831,2026-08-06 00:30:06+00:00,
7e669567-64e5-5fec-83a2-7332090518c3,UNKNOWN_CAUSE,UNKNOWN_EFFECT,Station Update - Central,"From Sunday to Thursday, between 10pm and 5am, ceiling installation works will take place in the pedestrian tunnel between platforms 4 and 11 and the lower concourse.
 - During this time, the Redfern end stairs on Platforms 4 to 11 will be closed.
 - Customer will need to use the City end of the platform to exit via the Grand Concourse.
 - If you need assistance, ask station staff or call 9379 1777.",4T.C.7202,-5204994850325951467,2026-08-06 00:30:06+00:00,
7e669567-64e5-5fec-83a2-7332090518c3,UNKNOWN_CAUSE,UNKNOWN_EFFECT,Station Update - Central,"From Sunday to Thursday, between 10pm and 5am, ceiling installation works will take place in the pedestrian tunnel between platforms 4 and 11 and the lower concourse.
 - During this time, the Redfern end stairs on Platforms 4 to 11 will be closed.
 - Customer will need to use the City end of the platform to exit via the Grand Concourse.
 - If you need assistance, ask station staff or call 9379 1777.",4T.C.7204,2034693344341541065,2026-08-06 00:30:06+00:00,
7e669567-64e5-5fec-83a2-7332090518c3,UNKNOWN_CAUSE,UNKNOWN_EFFECT,Station Update - Central,"From Sunday to Thursday, between 10pm and 5am, ceiling installation works will take place in the pedestrian tunnel between platforms 4 and 11 and the lower concourse.
 - During this time, the Redfern end stairs on Platforms 4 to 11 will be closed.
 - Customer will need to use the City end of the platform to exit via the Grand Concourse.
 - If you need assistance, ask station staff or call 9379 1777.",4T.C.7406,6928521546986545997,2026-08-06 00:30:06+00:00,
7e669567-64e5-5fec-83a2-7332090518c3,UNKNOWN_CAUSE,UNKNOWN_EFFECT,Station Update - Central,"From Sunday to Thursday, between 10pm and 5am, ceiling installation works will take place in the pedestrian tunnel between platforms 4 and 11 and the lower concourse.
 - During this time, the Redfern end stairs on Platforms 4 to 11 will be closed.
 - Customer will need to use the City end of the platform to exit via the Grand Concourse.
 - If you need assistance, ask station staff or call 9379 1777.",NSN_1a,4622583836084576750,2026-08-06 00:30:06+00:00,
7e669567-64e5-5fec-83a2-7332090518c3,UNKNOWN_CAUSE,UNKNOWN_EFFECT,Station Update - Central,"From Sunday to Thursday, between 10pm and 5am, ceiling installation works will take place in the pedestrian tunnel between platforms 4 and 11 and the lower concourse.
 - During this time, the Redfern end stairs on Platforms 4 to 11 will be closed.
 - Customer will need to use the City end of the platform to exit via the Grand Concourse.
 - If you need assistance, ask station staff or call 9379 1777.",IWL_1f,1221224009602693160,2026-08-06 00:30:06+00:00,
7e669567-64e5-5fec-83a2-7332090518c3,UNKNOWN_CAUSE,UNKNOWN_EFFECT,Station Update - Central,"From Sunday to Thursday, between 10pm and 5am, ceiling installation works will take place in the pedestrian tunnel between platforms 4 and 11 and the lower concourse.
 - During this time, the Redfern end stairs on Platforms 4 to 11 will be closed.
 - Customer will need to use the City end of the platform to exit via the Grand Concourse.
 - If you need assistance, ask station staff or call 9379 1777.",BNK_2c,3787217531919373545,2026-08-06 00:30:06+00:00,
7e669567-64e5-5fec-83a2-7332090518c3,UNKNOWN_CAUSE,UNKNOWN_EFFECT,Station Update - Central,"From Sunday to Thursday, between 10pm and 5am, ceiling installation works will take place in the pedestrian tunnel between platforms 4 and 11 and the lower concourse.
 - During this time, the Redfern end stairs on Platforms 4 to 11 will be closed.
 - Customer will need to use the City end of the platform to exit via the Grand Concourse.
 - If you need assistance, ask station staff or call 9379 1777.",T3_1b,-2398108274111041511,2026-08-06 00:30:06+00:00,
7e669567-64e5-5fec-83a2-7332090518c3,UNKNOWN_CAUSE,UNKNOWN_EFFECT,Station Update - Central,"From Sunday to Thursday, between 10pm and 5am, ceiling installation works will take place in the pedestrian tunnel between platforms 4 and 11 and the lower concourse.
 - During this time, the Redfern end stairs on Platforms 4 to 11 will be closed.
 - Customer will need to use the City end of the platform to exit via the Grand Concourse.
 - If you need assistance, ask station staff or call 9379 1777.",4T.C.3101,5322790552399582261,2026-08-06 00:30:06+00:00,
7e669567-64e5-5fec-83a2-7332090518c3,UNKNOWN_CAUSE,UNKNOWN_EFFECT,Station Update - Central,"From Sunday to Thursday, between 10pm and 5am, ceiling installation works will take place in the pedestrian tunnel between platforms 4 and 11 and the lower concourse.
 - During this time, the Redfern end stairs on Platforms 4 to 11 will be closed.
 - Customer will need to use the City end of the platform to exit via the Grand Concourse.
 - If you need assistance, ask station staff or call 9379 1777.",4T.C.3107,384027769978388550,2026-08-06 00:30:06+00:00,
7e669567-64e5-5fec-83a2-7332090518c3,UNKNOWN_CAUSE,UNKNOWN_EFFECT,Station Update - Central,"From Sunday to Thursday, between 10pm and 5am, ceiling installation works will take place in the pedestrian tunnel between platforms 4 and 11 and the lower concourse.
 - During this time, the Redfern end stairs on Platforms 4 to 11 will be closed.
 - Customer will need to use the City end of the platform to exit via the Grand Concourse.
 - If you need assistance, ask station staff or call 9379 1777.",4T.T.WP45,4948533316266673675,2026-08-06 00:30:06+00:00,
7e669567-64e5-5fec-83a2-7332090518c3,UNKNOWN_CAUSE,UNKNOWN_EFFECT,Station Update - Central,"From Sunday to Thursday, between 10pm and 5am, ceiling installation works will take place in the pedestrian tunnel between platforms 4 and 11 and the lower concourse.
 - During this time, the Redfern end stairs on Platforms 4 to 11 will be closed.
 - Customer will need to use the City end of the platform to exit via the Grand Concourse.
 - If you need assistance, ask station staff or call 9379 1777.",4T.C.6331,4925182159973575325,2026-08-06 00:30:06+00:00,
7e669567-64e5-5fec-83a2-7332090518c3,UNKNOWN_CAUSE,UNKNOWN_EFFECT,Station Update - Central,"From Sunday to Thursday, between 10pm and 5am, ceiling installation works will take place in the pedestrian tunnel between platforms 4 and 11 and the lower concourse.
 - During this time, the Redfern end stairs on Platforms 4 to 11 will be closed.
 - Customer will need to use the City end of the platform to exit via the Grand Concourse.
 - If you need assistance, ask station staff or call 9379 1777.",4T.C.6335,-5635662189259284616,2026-08-06 00:30:06+00:00,
7e669567-64e5-5fec-83a2-7332090518c3,UNKNOWN_CAUSE,UNKNOWN_EFFECT,Station Update - Central,"From Sunday to Thursday, between 10pm and 5am, ceiling installation works will take place in the pedestrian tunnel between platforms 4 and 11 and the lower concourse.
 - During this time, the Redfern end stairs on Platforms 4 to 11 will be closed.
 - Customer will need to use the City end of the platform to exit via the Grand Concourse.
 - If you need assistance, ask station staff or call 9379 1777.",4T.C.7101,-6322728246179907184,2026-08-06 00:30:06+00:00,
24ec6d75-368b-5a43-af39-0176e463e065,UNKNOWN_CAUSE,UNKNOWN_EFFECT,Station Update - West Ryde,"From Monday 7 September to Sunday 1 November, lift replacement works will be taking place at West Ryde Station, closing the lift between the concourse and Ryedale Road. 

During this time, lift access to the station will be available on the opposite side of the station on West Parade.

Baggage handlers will be available to assist during this time.

If you need further assistance, ask station staff or call 02 9752 8465",CCN_1b,-5236434750823934246,2026-09-04 02:27:30+00:00,
e8f62d25-979f-56f6-8f2f-dfda63c1b7b8,MAINTENANCE,UNKNOWN_EFFECT,"Cumberland Line, Leppington & Inner West Line","Allow extra travel time between Granville and Cabramatta due to urgent track repairs at Granville. Repair crews are on site and working to restore train services as soon as possible. Trains will be stopping at different platforms. Stops may change at short notice. 

Most trains will be diverted via Sefton to provide regular service. Customers travelling between Granville and Cabramatta via Merrylands are advised to consider catching nearby public transport services to continue their journey. We are trying to arrange replacement buses.  Please delay travel if possible or use other transport.  Well update you when we have more information. Customers should plan ahead and allow plenty of extra travel time.

For service updates, please check transport apps, information screens and listen to announcements.",IWL_1d,7284748182596493165,2026-09-17 06:50:04+00:00,
e8f62d25-979f-56f6-8f2f-dfda63c1b7b8,MAINTENANCE,UNKNOWN_EFFECT,"Cumberland Line, Leppington & Inner West Line","Allow extra travel time between Granville and Cabramatta due to urgent track repairs at Granville. Repair crews are on site and working to restore train services as soon as possible. 

Most trains will be diverted via Sefton to provide regular service. Customers travelling between Granville and Cabramatta via Merrylands are advised to consider catching nearby public transport services to continue their journey. Trains will be stopping at different platforms. Stops may change at short notice. . 

For service updates, please check transport apps, information screens and listen to announcements.",IWL_2h,-5042242428352878110,2026-09-17 06:37:33+00:00,
e8f62d25-979f-56f6-8f2f-dfda63c1b7b8,MAINTENANCE,UNKNOWN_EFFECT,"Cumberland Line, Leppington & Inner West Line","Allow extra travel time between Granville and Cabramatta due to urgent track repairs at Granville. Repair crews are on site and working to restore train services as soon as possible. 

Most trains will be diverted via Sefton to provide regular service. Customers travelling between Granville and Cabramatta via Merrylands are advised to consider catching nearby public transport services to continue their journey. Trains will be stopping at different platforms. Stops may change at short notice. . 

For service updates, please check transport apps, information screens and listen to announcements.",IWL_1g,5311805744952906065,2026-09-17 06:37:33+00:00,
e8f62d25-979f-56f6-8f2f-dfda63c1b7b8,MAINTENANCE,UNKNOWN_EFFECT,"Cumberland Line, Leppington & Inner West Line","Urgent track repairs at Granville have been completed. Services between Cabramatta and Granville have resumed. Services may be less frequent and travel time may be longer than normal. Stops may change at short notice. Delays up to 15 minutes may continue as services recover.

For service updates, please check transport apps, information screens and listen to announcements.",IWL_2j,-1303612948344505806,2026-09-17 07:25:04+00:00,
e8f62d25-979f-56f6-8f2f-dfda63c1b7b8,MAINTENANCE,UNKNOWN_EFFECT,"Cumberland Line, Leppington & Inner West Line","Urgent track repairs at Granville have been completed. Services between Cabramatta and Granville have resumed. Services may be less frequent and travel time may be longer than normal. Stops may change at short notice. Delays up to 15 minutes may continue as services recover.

For service updates, please check transport apps, information screens and listen to announcements.",IWL_1h,6999377604685702146,2026-09-17 07:25:04+00:00,
2d69d46a-db04-5e40-b7bb-17fba51e249d,MAINTENANCE,MODIFIED_SERVICE,"T1 Western Line: Penrith trains run between Penrith and Central, platforms 1-14","Friday 18 September
From 11:30PM, Penrith trains run between Penrith and Central, platforms 1-14 only.",WST_1a,-8080502455091207041,2026-09-18 13:30:00+00:00,2026-09-18 16:00:45+00:00
871c63df-4862-5c7a-a1a1-fc9d6465d1bb,MAINTENANCE,MODIFIED_SERVICE,Trains may run to a changed timetable,"Saturday 19 September
From 9AM to 3PM, trains may run to a changed timetable due to trackwork between Revesby and Turrella.",APS_2b,-4997717676751494424,2026-09-18 23:00:00+00:00,2026-09-19 05:00:46+00:00
6d17c60f-f62e-519a-96dd-cea7953b1650,MAINTENANCE,MODIFIED_SERVICE,Buses replace the all-stations trains between Wolli Creek and Revesby,"Sunday 20 September
From 8:40AM to 3PM, buses replace the all-stations trains between Wolli Creek and Revesby.
Express trains continue to run but do not stop at stations between Padstow and Turrella.",APS_1c,-6417094206083242795,2026-09-19 22:40:00+00:00,2026-09-20 05:00:07+00:00
e1329f88-385f-5689-9a27-934865f326bd,MAINTENANCE,MODIFIED_SERVICE,"Trains run between Berowra or Hornsby and Central, platforms 1-14","Saturday 19 and Sunday 20 September
Trains run between Berowra or Hornsby and Central, platforms 1-14 only.
If travelling to T1 North Shore Line stations, change at Epping or Central for metro services to Victoria Cross, Crows Nest or Chatswood, then change for a bus.",NTH_1b,2926858006344023531,2026-09-18 16:00:00+00:00,2026-09-20 16:00:54+00:00
7ef68f64-75e9-5e4b-9c31-588195f8fe45,MAINTENANCE,MODIFIED_SERVICE,"Buses replace trains between Waterfall, Cronulla and Hurstville","Monday 21 and Tuesday 22 September
Nightly from 9:50PM to 2:30AM, buses replace trains between Waterfall, Cronulla and Hurstville.
Trains run between Hurstville and Bondi Junction, some to a changed timetable.",ESI_2c,5285933596947171244,2026-09-21 11:50:00+00:00,2026-09-21 16:30:00+00:00
7ef68f64-75e9-5e4b-9c31-588195f8fe45,MAINTENANCE,MODIFIED_SERVICE,"Buses replace trains between Waterfall, Cronulla and Hurstville","Monday 21 and Tuesday 22 September
Nightly from 9:50PM to 2:30AM, buses replace trains between Waterfall, Cronulla and Hurstville.
Trains run between Hurstville and Bondi Junction, some to a changed timetable.",ESI_1f,6623726655960024896,2026-09-21 11:50:00+00:00,2026-09-21 16:30:00+00:00
9b451136-c729-5d60-9bfe-58ac9ae899bb,MAINTENANCE,MODIFIED_SERVICE,Buses replace trains between Waterfall and Hurstville,"Monday 21 and Tuesday 22 September
Nightly from 9:50PM to 2:30AM, buses replace trains between Waterfall and Hurstville.
Trains run between South Coast Line stations and Waterfall, and between Hurstville and Bondi Junction, to a changed timetable.",SCO_1a,4202176109787108346,2026-09-21 11:50:00+00:00,2026-09-21 16:30:00+00:00
9f75f272-9f9e-5380-9282-df94e8dd6ffa,MAINTENANCE,MODIFIED_SERVICE,Buses replace trains between Bomaderry and Wollongong,"Friday 25 September
From 2:50PM, buses replace trains from Wollongong to Bomaderry.
From 3:50PM, buses replace trains from Bomaderry to Wollongong.
Trains run between Port Kembla, Wollongong and Bondi Junction, some to a changed timetable.
Buses do not run to the train timetable. If connecting with trains at Wollongong you may need to catch an earlier bus to ensure you meet your train connection.",SCO_2a,799312986268590053,2026-09-25 04:50:00+00:00,2026-09-25 16:00:44+00:00
c06ef39b-1f78-5836-a122-fa5ee67a2ce4,MAINTENANCE,MODIFIED_SERVICE,"At Stanwell Park and Coalcliff, trains leave from different platforms","Saturday 26 September
From 7:30AM to 11:30AM, at Stanwell Park and Coalcliff, all trains leave from platform 1.
From 12PM to 4PM, at Coalcliff and Stanwell Park, all trains leave from platform 2.",SCO_2a,799312986268590053,2026-09-25 21:30:00+00:00,2026-09-26 06:00:35+00:00
e80e6ea1-2a2a-584d-b2f9-a0efa3433717,MAINTENANCE,MODIFIED_SERVICE,"At Scarborough, Wombarra and Coledale, trains leave from different platforms","Sunday 27 September
From 7:30AM to 11:30AM, at Scarborough, Wombarra and Coledale, all trains leave from platform 1.
From 12PM to 4PM, at Coledale, Wombarra and Scarborough, all trains leave from platform 2.",SCO_2a,799312986268590053,2026-09-26 21:30:00+00:00,2026-09-27 06:00:44+00:00
e80e6ea1-2a2a-584d-b2f9-a0efa3433717,MAINTENANCE,MODIFIED_SERVICE,"At Scarborough, Wombarra and Coledale, trains leave from different platforms","Sunday 27 September
From 7:30AM to 11:30AM, at Scarborough, Wombarra and Coledale, all trains leave from platform 1.
From 12PM to 4PM, at Coledale, Wombarra and Scarborough, all trains leave from platform 2.",SCO_1a,4202176109787108346,2026-09-26 21:30:00+00:00,2026-09-27 06:00:44+00:00
ac845045-d0c0-5a48-bdc9-40b302357093,MAINTENANCE,MODIFIED_SERVICE,Buses replace trains between Cabramatta and Granville,"Saturday 26 and Sunday 27 September
Buses replace trains between Cabramatta and Granville.
Trains run to a changed timetable and stopping pattern between Leppington and the City via Regents Park.
Change at:
- Cabramatta for buses to Canley Vale, Fairfield, Yennora, Guildford and Merrylands, or
- Lidcombe for trains towards Granville or T1 Western Line stations.",IWL_2i,-4396571606196770016,2026-09-25 16:00:00+00:00,2026-09-27 16:00:19+00:00
ac845045-d0c0-5a48-bdc9-40b302357093,MAINTENANCE,MODIFIED_SERVICE,Buses replace trains between Cabramatta and Granville,"Saturday 26 and Sunday 27 September
Buses replace trains between Cabramatta and Granville.
Trains run to a changed timetable and stopping pattern between Leppington and the City via Regents Park.
Change at:
- Cabramatta for buses to Canley Vale, Fairfield, Yennora, Guildford and Merrylands, or
- Lidcombe for trains towards Granville or T1 Western Line stations.",IWL_1a,-460769293585121233,2026-09-25 16:00:00+00:00,2026-09-27 16:00:19+00:00
ac845045-d0c0-5a48-bdc9-40b302357093,MAINTENANCE,MODIFIED_SERVICE,Buses replace trains between Cabramatta and Granville,"Saturday 26 and Sunday 27 September
Buses replace trains between Cabramatta and Granville.
Trains run to a changed timetable and stopping pattern between Leppington and the City via Regents Park.
Change at:
- Cabramatta for buses to Canley Vale, Fairfield, Yennora, Guildford and Merrylands, or
- Lidcombe for trains towards Granville or T1 Western Line stations.",IWL_1i,-8590447049958111075,2026-09-25 16:00:00+00:00,2026-09-27 16:00:19+00:00
ac845045-d0c0-5a48-bdc9-40b302357093,MAINTENANCE,MODIFIED_SERVICE,Buses replace trains between Cabramatta and Granville,"Saturday 26 and Sunday 27 September
Buses replace trains between Cabramatta and Granville.
Trains run to a changed timetable and stopping pattern between Leppington and the City via Regents Park.
Change at:
- Cabramatta for buses to Canley Vale, Fairfield, Yennora, Guildford and Merrylands, or
- Lidcombe for trains towards Granville or T1 Western Line stations.",IWL_2a,-1562489065343894865,2026-09-25 16:00:00+00:00,2026-09-27 16:00:19+00:00
8a446d44-d955-5598-9b14-a1b87d68622d,MAINTENANCE,MODIFIED_SERVICE,Sydney Metro trackwork may affect how you travel. Metro services do not run between Chatswood and Sydenham,"Saturday 26 and Sunday 27 September
Sydney Metro trackwork may affect how you travel. Metro services do not run between Chatswood and Sydenham.
Use trains between Epping or Chatswood, the City and Sydenham.",CCN_1c,7107036069782603127,2026-09-25 16:00:00+00:00,2026-09-27 16:00:33+00:00
039b54e3-bd3b-5f93-b4c1-9fa68ae248a8,MAINTENANCE,MODIFIED_SERVICE,Trains run to a changed timetable and stopping pattern,"Saturday 26 and Sunday 27 September
Trains run to a changed timetable and stopping pattern between Leppington and the City.
You may need to change trains if travelling to Inner West stations.",BNK_2d,-669550999481604271,2026-09-25 16:00:00+00:00,2026-09-27 16:00:47+00:00
039b54e3-bd3b-5f93-b4c1-9fa68ae248a8,MAINTENANCE,MODIFIED_SERVICE,Trains run to a changed timetable and stopping pattern,"Saturday 26 and Sunday 27 September
Trains run to a changed timetable and stopping pattern between Leppington and the City.
You may need to change trains if travelling to Inner West stations.",BNK_2e,8793175541741277163,2026-09-25 16:00:00+00:00,2026-09-27 16:00:47+00:00
039b54e3-bd3b-5f93-b4c1-9fa68ae248a8,MAINTENANCE,MODIFIED_SERVICE,Trains run to a changed timetable and stopping pattern,"Saturday 26 and Sunday 27 September
Trains run to a changed timetable and stopping pattern between Leppington and the City.
You may need to change trains if travelling to Inner West stations.",T3_2d,2203676127428383300,2026-09-25 16:00:00+00:00,2026-09-27 16:00:47+00:00
039b54e3-bd3b-5f93-b4c1-9fa68ae248a8,MAINTENANCE,MODIFIED_SERVICE,Trains run to a changed timetable and stopping pattern,"Saturday 26 and Sunday 27 September
Trains run to a changed timetable and stopping pattern between Leppington and the City.
You may need to change trains if travelling to Inner West stations.",BNK_1e,-9115475355294482475,2026-09-25 16:00:00+00:00,2026-09-27 16:00:47+00:00
039b54e3-bd3b-5f93-b4c1-9fa68ae248a8,MAINTENANCE,MODIFIED_SERVICE,Trains run to a changed timetable and stopping pattern,"Saturday 26 and Sunday 27 September
Trains run to a changed timetable and stopping pattern between Leppington and the City.
You may need to change trains if travelling to Inner West stations.",BNK_1f,2955980060543399440,2026-09-25 16:00:00+00:00,2026-09-27 16:00:47+00:00
8158d1cb-dcf1-51d8-b04c-77f1abafe3af,MAINTENANCE,MODIFIED_SERVICE,T1 North Shore Line: Sydney Metro trackwork may affect how you travel. Metro services do not run between Chatswood and Sydenham,"Saturday 26 and Sunday 27 September
Sydney Metro trackwork may affect how you travel. Metro services do not run between Chatswood and Sydenham.
Use trains between Chatswood, the City and Sydenham.",NSN_2k,6965782384900562698,2026-09-25 16:00:00+00:00,2026-09-27 16:00:55+00:00
ec6e4c02-fc7d-51ab-8e57-8dcf792d6c6f,MAINTENANCE,MODIFIED_SERVICE,T1 Western Line: Buses replace trains between Emu Plains and St Marys,"Monday 28 and Tuesday 29 September
Nightly from 9:40PM to 4AM, buses replace trains between Emu Plains and St Marys.
Trains run between St Marys and Central, platforms 1-14 only.
Trackwork also affects T1 North Shore Line trains. Use metro services to Victoria Cross, Crows Nest or Chatswood, then change for replacement buses.
Tuesday and Wednesday, buses replace the 03:09 and 03:47 Emu Plains to the City trains from Emu Plains to St Marys.",WST_1a,-8080502455091207041,2026-09-28 11:40:00+00:00,2026-09-28 18:00:00+00:00
669c9f49-5476-55f3-a619-192e1e529f0d,MAINTENANCE,MODIFIED_SERVICE,Trains run to a changed timetable and stopping pattern,"Wednesday 30 September
From 10:20PM to 1:30AM, trains run to a changed timetable between Liverpool and Lidcombe only. Change trains at Lidcombe to continue your journey.
Inner West trains run between Ashfield and the City Circle.
T1 Western Line trains run between Lidcombe and the City, making extra stops at Homebush and Burwood.
T9 Northern Line trains make extra stops at Croydon and Ashfield.",BNK_2a,655547182426901944,2026-09-30 12:20:00+00:00,2026-09-30 15:30:26+00:00
669c9f49-5476-55f3-a619-192e1e529f0d,MAINTENANCE,MODIFIED_SERVICE,Trains run to a changed timetable and stopping pattern,"Wednesday 30 September
From 10:20PM to 1:30AM, trains run to a changed timetable between Liverpool and Lidcombe only. Change trains at Lidcombe to continue your journey.
Inner West trains run between Ashfield and the City Circle.
T1 Western Line trains run between Lidcombe and the City, making extra stops at Homebush and Burwood.
T9 Northern Line trains make extra stops at Croydon and Ashfield.",BNK_2b,-6006373974454194731,2026-09-30 12:20:00+00:00,2026-09-30 15:30:26+00:00
669c9f49-5476-55f3-a619-192e1e529f0d,MAINTENANCE,MODIFIED_SERVICE,Trains run to a changed timetable and stopping pattern,"Wednesday 30 September
From 10:20PM to 1:30AM, trains run to a changed timetable between Liverpool and Lidcombe only. Change trains at Lidcombe to continue your journey.
Inner West trains run between Ashfield and the City Circle.
T1 Western Line trains run between Lidcombe and the City, making extra stops at Homebush and Burwood.
T9 Northern Line trains make extra stops at Croydon and Ashfield.",BNK_2c,3787217531919373545,2026-09-30 12:20:00+00:00,2026-09-30 15:30:26+00:00
47b8e043-f824-5a30-96fc-9a9ff30408a9,MAINTENANCE,MODIFIED_SERVICE,"At Cowan and Hawkesbury River, trains may leave from different platforms","Sunday 4 October
From 6AM to 11AM, at Cowan and Hawkesbury River, all trains leave from platform 1.",CCN_1c,7107036069782603127,2026-10-03 19:00:00+00:00,2026-10-04 00:00:50+00:00
d9e7ac87-a2d6-55d4-a9ef-62efa975f42b,MAINTENANCE,MODIFIED_SERVICE,Trains run to a changed timetable and stopping pattern,"Saturday 3 October
From 9:30AM to 1PM, trains run to a changed timetable between Liverpool and Lidcombe, and between Homebush and the City only.
You may need to change trains to continue your journey.
T1 Western and T2 Leppington Line trains run between Lidcombe and the City.",BNK_1e,-9115475355294482475,2026-10-03 11:30:00+00:00,2026-10-04 02:00:04+00:00
d9e7ac87-a2d6-55d4-a9ef-62efa975f42b,MAINTENANCE,MODIFIED_SERVICE,Trains run to a changed timetable and stopping pattern,"Saturday 3 October
From 9:30AM to 1PM, trains run to a changed timetable between Liverpool and Lidcombe, and between Homebush and the City only.
You may need to change trains to continue your journey.
T1 Western and T2 Leppington Line trains run between Lidcombe and the City.",T3_1d,6228501476923438915,2026-10-03 11:30:00+00:00,2026-10-04 02:00:04+00:00
5500f84d-e087-5748-af79-f76f9d478444,MAINTENANCE,MODIFIED_SERVICE,Trains run to a changed timetable and stopping pattern,"Monday 5 October
From 9:30AM to 1PM, trains run to a changed timetable between Liverpool and Lidcombe, and between Homebush and the City only.
You may need to change trains to continue your journey.
T1 Western and T2 Leppington Line trains run between Lidcombe and the City.",BNK_1c,-6876273115546089350,2026-10-04 22:30:00+00:00,2026-10-05 02:00:31+00:00
5500f84d-e087-5748-af79-f76f9d478444,MAINTENANCE,MODIFIED_SERVICE,Trains run to a changed timetable and stopping pattern,"Monday 5 October
From 9:30AM to 1PM, trains run to a changed timetable between Liverpool and Lidcombe, and between Homebush and the City only.
You may need to change trains to continue your journey.
T1 Western and T2 Leppington Line trains run between Lidcombe and the City.",BNK_2d,-669550999481604271,2026-10-04 22:30:00+00:00,2026-10-05 02:00:31+00:00
5500f84d-e087-5748-af79-f76f9d478444,MAINTENANCE,MODIFIED_SERVICE,Trains run to a changed timetable and stopping pattern,"Monday 5 October
From 9:30AM to 1PM, trains run to a changed timetable between Liverpool and Lidcombe, and between Homebush and the City only.
You may need to change trains to continue your journey.
T1 Western and T2 Leppington Line trains run between Lidcombe and the City.",BNK_1b,824071575942029262,2026-10-04 22:30:00+00:00,2026-10-05 02:00:31+00:00
2296d332-0849-557b-9655-7b386b02a419,MAINTENANCE,MODIFIED_SERVICE,Buses replace trains between Olympic Park and Ashfield or Central,"Monday 5 October
From 6:00PM to 2:00AM, buses replace trains between Olympic Park and Ashfield. Express buses also run between Olympic Park and Central.
Replacement buses do not leave from Lidcombe.
Trains run to a changed timetable between:
- Leppington and Olympic Park
- Glenfield and the City via the Airport
- Ashfield and the City, continuing to T1 North Shore Line stations.",IWL_2b,7400251048012378211,2026-10-05 07:00:00+00:00,2026-10-05 15:00:44+00:00
2296d332-0849-557b-9655-7b386b02a419,MAINTENANCE,MODIFIED_SERVICE,Buses replace trains between Olympic Park and Ashfield or Central,"Monday 5 October
From 6:00PM to 2:00AM, buses replace trains between Olympic Park and Ashfield. Express buses also run between Olympic Park and Central.
Replacement buses do not leave from Lidcombe.
Trains run to a changed timetable between:
- Leppington and Olympic Park
- Glenfield and the City via the Airport
- Ashfield and the City, continuing to T1 North Shore Line stations.",IWL_2h,-5042242428352878110,2026-10-05 07:00:00+00:00,2026-10-05 15:00:44+00:00
2296d332-0849-557b-9655-7b386b02a419,MAINTENANCE,MODIFIED_SERVICE,Buses replace trains between Olympic Park and Ashfield or Central,"Monday 5 October
From 6:00PM to 2:00AM, buses replace trains between Olympic Park and Ashfield. Express buses also run between Olympic Park and Central.
Replacement buses do not leave from Lidcombe.
Trains run to a changed timetable between:
- Leppington and Olympic Park
- Glenfield and the City via the Airport
- Ashfield and the City, continuing to T1 North Shore Line stations.",IWL_1d,7284748182596493165,2026-10-05 07:00:00+00:00,2026-10-05 15:00:44+00:00
e0cde705-848b-5914-9472-bed39002de78,MAINTENANCE,MODIFIED_SERVICE,Buses replace trains between Olympic Park and Ashfield or Central,"Monday 5 October
From 6PM to 2AM, buses replace trains between Olympic Park and Ashfield. Express buses also run between Olympic Park and Central.
Replacement buses do not leave from Lidcombe.
Trains run to a changed timetable between:
- Liverpool and Lidcombe
- Lidcombe and Olympic Park
- Ashfield and the City, continuing to T1 North Shore Line stations.
You may need to change services to continue your journey.",T3_2c,4458461905226594776,2026-10-05 07:00:00+00:00,2026-10-05 15:00:53+00:00
e0cde705-848b-5914-9472-bed39002de78,MAINTENANCE,MODIFIED_SERVICE,Buses replace trains between Olympic Park and Ashfield or Central,"Monday 5 October
From 6PM to 2AM, buses replace trains between Olympic Park and Ashfield. Express buses also run between Olympic Park and Central.
Replacement buses do not leave from Lidcombe.
Trains run to a changed timetable between:
- Liverpool and Lidcombe
- Lidcombe and Olympic Park
- Ashfield and the City, continuing to T1 North Shore Line stations.
You may need to change services to continue your journey.",BNK_1d,-7821700733867273095,2026-10-05 07:00:00+00:00,2026-10-05 15:00:53+00:00
aa8dc13b-cf94-5605-888d-0fe6a081cf8b,UNKNOWN_CAUSE,UNKNOWN_EFFECT,"Station Update - Bexley North, Kingsgrove, Lisarow and more",The warning tactiles are missing on some sections of the platform. Repairs have been arranged.  Please use caution and take care,IWL_1f,1221224009602693160,2026-08-30 19:08:43+00:00,
aa8dc13b-cf94-5605-888d-0fe6a081cf8b,UNKNOWN_CAUSE,UNKNOWN_EFFECT,"Station Update - Bexley North, Kingsgrove, Lisarow and more",The warning tactiles are missing on some sections of the platform. Repairs have been arranged.  Please use caution and take care,BNK_1f,2955980060543399440,2026-08-30 19:08:43+00:00,
7e669567-64e5-5fec-83a2-7332090518c3,UNKNOWN_CAUSE,UNKNOWN_EFFECT,Station Update - Central,"From Sunday to Thursday, between 10pm and 5am, ceiling installation works will take place in the pedestrian tunnel between platforms 4 and 11 and the lower concourse.
 - During this time, the Redfern end stairs on Platforms 4 to 11 will be closed.
 - Customer will need to use the City end of the platform to exit via the Grand Concourse.
 - If you need assistance, ask station staff or call 9379 1777.",IWL_2d,-8761173739318814829,2026-08-06 00:30:06+00:00,
7e669567-64e5-5fec-83a2-7332090518c3,UNKNOWN_CAUSE,UNKNOWN_EFFECT,Station Update - Central,"From Sunday to Thursday, between 10pm and 5am, ceiling installation works will take place in the pedestrian tunnel between platforms 4 and 11 and the lower concourse.
 - During this time, the Redfern end stairs on Platforms 4 to 11 will be closed.
 - Customer will need to use the City end of the platform to exit via the Grand Concourse.
 - If you need assistance, ask station staff or call 9379 1777.",ESI_2b,5175417367365540535,2026-08-06 00:30:06+00:00,
7e669567-64e5-5fec-83a2-7332090518c3,UNKNOWN_CAUSE,UNKNOWN_EFFECT,Station Update - Central,"From Sunday to Thursday, between 10pm and 5am, ceiling installation works will take place in the pedestrian tunnel between platforms 4 and 11 and the lower concourse.
 - During this time, the Redfern end stairs on Platforms 4 to 11 will be closed.
 - Customer will need to use the City end of the platform to exit via the Grand Concourse.
 - If you need assistance, ask station staff or call 9379 1777.",4T.C.3606,-4896486968049776844,2026-08-06 00:30:06+00:00,
7e669567-64e5-5fec-83a2-7332090518c3,UNKNOWN_CAUSE,UNKNOWN_EFFECT,Station Update - Central,"From Sunday to Thursday, between 10pm and 5am, ceiling installation works will take place in the pedestrian tunnel between platforms 4 and 11 and the lower concourse.
 - During this time, the Redfern end stairs on Platforms 4 to 11 will be closed.
 - Customer will need to use the City end of the platform to exit via the Grand Concourse.
 - If you need assistance, ask station staff or call 9379 1777.",ESI_1f,6623726655960024896,2026-08-06 00:30:06+00:00,
7e669567-64e5-5fec-83a2-7332090518c3,UNKNOWN_CAUSE,UNKNOWN_EFFECT,Station Update - Central,"From Sunday to Thursday, between 10pm and 5am, ceiling installation works will take place in the pedestrian tunnel between platforms 4 and 11 and the lower concourse.
 - During this time, the Redfern end stairs on Platforms 4 to 11 will be closed.
 - Customer will need to use the City end of the platform to exit via the Grand Concourse.
 - If you need assistance, ask station staff or call 9379 1777.",OLY_2a,5096923697721243545,2026-08-06 00:30:06+00:00,
7e669567-64e5-5fec-83a2-7332090518c3,UNKNOWN_CAUSE,UNKNOWN_EFFECT,Station Update - Central,"From Sunday to Thursday, between 10pm and 5am, ceiling installation works will take place in the pedestrian tunnel between platforms 4 and 11 and the lower concourse.
 - During this time, the Redfern end stairs on Platforms 4 to 11 will be closed.
 - Customer will need to use the City end of the platform to exit via the Grand Concourse.
 - If you need assistance, ask station staff or call 9379 1777.",4T.T.NT35,3108671939579797811,2026-08-06 00:30:06+00:00,
7e669567-64e5-5fec-83a2-7332090518c3,UNKNOWN_CAUSE,UNKNOWN_EFFECT,Station Update - Central,"From Sunday to Thursday, between 10pm and 5am, ceiling installation works will take place in the pedestrian tunnel between platforms 4 and 11 and the lower concourse.
 - During this time, the Redfern end stairs on Platforms 4 to 11 will be closed.
 - Customer will need to use the City end of the platform to exit via the Grand Concourse.
 - If you need assistance, ask station staff or call 9379 1777.",4T.C.2305,5836543288592082841,2026-08-06 00:30:06+00:00,
7e669567-64e5-5fec-83a2-7332090518c3,UNKNOWN_CAUSE,UNKNOWN_EFFECT,Station Update - Central,"From Sunday to Thursday, between 10pm and 5am, ceiling installation works will take place in the pedestrian tunnel between platforms 4 and 11 and the lower concourse.
 - During this time, the Redfern end stairs on Platforms 4 to 11 will be closed.
 - Customer will need to use the City end of the platform to exit via the Grand Concourse.
 - If you need assistance, ask station staff or call 9379 1777.",4T.C.3505,218667794521381794,2026-08-06 00:30:06+00:00,
7e669567-64e5-5fec-83a2-7332090518c3,UNKNOWN_CAUSE,UNKNOWN_EFFECT,Station Update - Central,"From Sunday to Thursday, between 10pm and 5am, ceiling installation works will take place in the pedestrian tunnel between platforms 4 and 11 and the lower concourse.
 - During this time, the Redfern end stairs on Platforms 4 to 11 will be closed.
 - Customer will need to use the City end of the platform to exit via the Grand Concourse.
 - If you need assistance, ask station staff or call 9379 1777.",4T.T.WT27,70526419763762381,2026-08-06 00:30:06+00:00,
7e669567-64e5-5fec-83a2-7332090518c3,UNKNOWN_CAUSE,UNKNOWN_EFFECT,Station Update - Central,"From Sunday to Thursday, between 10pm and 5am, ceiling installation works will take place in the pedestrian tunnel between platforms 4 and 11 and the lower concourse.
 - During this time, the Redfern end stairs on Platforms 4 to 11 will be closed.
 - Customer will need to use the City end of the platform to exit via the Grand Concourse.
 - If you need assistance, ask station staff or call 9379 1777.",4T.C.7303,-1843181122293861877,2026-08-06 00:30:06+00:00,
24ec6d75-368b-5a43-af39-0176e463e065,UNKNOWN_CAUSE,UNKNOWN_EFFECT,Station Update - West Ryde,"From Monday 7 September to Sunday 1 November, lift replacement works will be taking place at West Ryde Station, closing the lift between the concourse and Ryedale Road. 

During this time, lift access to the station will be available on the opposite side of the station on West Parade.

Baggage handlers will be available to assist during this time.

If you need further assistance, ask station staff or call 02 9752 8465",CCN_1a,6945390360945871574,2026-09-04 02:27:30+00:00,
e8f62d25-979f-56f6-8f2f-dfda63c1b7b8,MAINTENANCE,UNKNOWN_EFFECT,"Cumberland Line, Leppington & Inner West Line","Allow extra travel time between Granville and Cabramatta due to urgent track repairs at Granville. Repair crews are on site and working to restore train services as soon as possible. Trains will be stopping at different platforms. Stops may change at short notice. 

Trains are not running between Granville and Cabramatta and will be diverted via Sefton to provide regular service. Customers travelling between Granville and Cabramatta via Merrylands are advised to consider catching nearby public transport services to continue their journey. We are trying to arrange replacement buses.  Please delay travel if possible or use other transport.  Well update you when we have more information. Customers should plan ahead and allow plenty of extra travel time.

For service updates, please check transport apps, information screens and listen to announcements.",IWL_1b,6193968622723203843,2026-09-17 07:05:59+00:00,
e8f62d25-979f-56f6-8f2f-dfda63c1b7b8,MAINTENANCE,UNKNOWN_EFFECT,"Cumberland Line, Leppington & Inner West Line","Allow extra travel time between Granville and Cabramatta due to urgent track repairs at Granville. Repair crews are on site and working to restore train services as soon as possible. Trains will be stopping at different platforms. Stops may change at short notice. 

Trains are not running between Granville and Cabramatta and will be diverted via Sefton to provide regular service. Customers travelling between Granville and Cabramatta via Merrylands are advised to consider catching nearby public transport services to continue their journey. We are trying to arrange replacement buses.  Please delay travel if possible or use other transport.  Well update you when we have more information. Customers should plan ahead and allow plenty of extra travel time.

For service updates, please check transport apps, information screens and listen to announcements.",IWL_1e,2161230079104197071,2026-09-17 07:05:59+00:00,
e8f62d25-979f-56f6-8f2f-dfda63c1b7b8,MAINTENANCE,UNKNOWN_EFFECT,"Cumberland Line, Leppington & Inner West Line","Allow extra travel time between Granville and Cabramatta due to urgent track repairs at Granville. Repair crews are on site and working to restore train services as soon as possible. Trains will be stopping at different platforms. Stops may change at short notice. 

Trains are not running between Granville and Cabramatta and will be diverted via Sefton to provide regular service. Customers travelling between Granville and Cabramatta via Merrylands are advised to consider catching nearby public transport services to continue their journey. We are trying to arrange replacement buses.  Please delay travel if possible or use other transport.  Well update you when we have more information. Customers should plan ahead and allow plenty of extra travel time.

For service updates, please check transport apps, information screens and listen to announcements.",IWL_1i,-8590447049958111075,2026-09-17 07:05:59+00:00,
e8f62d25-979f-56f6-8f2f-dfda63c1b7b8,MAINTENANCE,UNKNOWN_EFFECT,"Cumberland Line, Leppington & Inner West Line","Allow extra travel time between Granville and Cabramatta due to urgent track repairs at Granville. Repair crews are on site and working to restore train services as soon as possible. Trains will be stopping at different platforms. Stops may change at short notice. 

Most trains will be diverted via Sefton to provide regular service. Customers travelling between Granville and Cabramatta via Merrylands are advised to consider catching nearby public transport services to continue their journey. We are trying to arrange replacement buses.  Please delay travel if possible or use other transport.  Well update you when we have more information. Customers should plan ahead and allow plenty of extra travel time.

For service updates, please check transport apps, information screens and listen to announcements.",CMB_1b,-2936976510359900114,2026-09-17 06:50:04+00:00,
e8f62d25-979f-56f6-8f2f-dfda63c1b7b8,MAINTENANCE,UNKNOWN_EFFECT,"Cumberland Line, Leppington & Inner West Line","Allow extra travel time between Granville and Cabramatta due to urgent track repairs at Granville. Repair crews are on site and working to restore train services as soon as possible. Trains will be stopping at different platforms. Stops may change at short notice. 

Most trains will be diverted via Sefton to provide regular service. Customers travelling between Granville and Cabramatta via Merrylands are advised to consider catching nearby public transport services to continue their journey. We are trying to arrange replacement buses.  Please delay travel if possible or use other transport.  Well update you when we have more information. Customers should plan ahead and allow plenty of extra travel time.

For service updates, please check transport apps, information screens and listen to announcements.",CMB_2c,2372143633426116796,2026-09-17 06:50:04+00:00,
e8f62d25-979f-56f6-8f2f-dfda63c1b7b8,MAINTENANCE,UNKNOWN_EFFECT,"Cumberland Line, Leppington & Inner West Line","Allow extra travel time between Granville and Cabramatta due to urgent track repairs at Granville. Repair crews are on site and working to restore train services as soon as possible. Trains will be stopping at different platforms. Stops may change at short notice. 

Most trains will be diverted via Sefton to provide regular service. Customers travelling between Granville and Cabramatta via Merrylands are advised to consider catching nearby public transport services to continue their journey. We are trying to arrange replacement buses.  Please delay travel if possible or use other transport.  Well update you when we have more information. Customers should plan ahead and allow plenty of extra travel time.

For service updates, please check transport apps, information screens and listen to announcements.",IWL_1c,-2200421255733575805,2026-09-17 06:50:04+00:00,
e8f62d25-979f-56f6-8f2f-dfda63c1b7b8,MAINTENANCE,UNKNOWN_EFFECT,"Cumberland Line, Leppington & Inner West Line","Urgent track repairs at Granville have been completed. Services between Cabramatta and Granville have resumed. Services may be less frequent and travel time may be longer than normal. Stops may change at short notice. Delays up to 15 minutes may continue as services recover.

For service updates, please check transport apps, information screens and listen to announcements.",IWL_2e,4659744773727575182,2026-09-17 07:25:04+00:00,
e8f62d25-979f-56f6-8f2f-dfda63c1b7b8,MAINTENANCE,UNKNOWN_EFFECT,"Cumberland Line, Leppington & Inner West Line","Urgent track repairs at Granville have been completed. Services between Cabramatta and Granville have resumed. Services may be less frequent and travel time may be longer than normal. Stops may change at short notice. Delays up to 15 minutes may continue as services recover.

For service updates, please check transport apps, information screens and listen to announcements.",IWL_1a,-460769293585121233,2026-09-17 07:25:04+00:00,
e8f62d25-979f-56f6-8f2f-dfda63c1b7b8,MAINTENANCE,UNKNOWN_EFFECT,"Cumberland Line, Leppington & Inner West Line","Urgent track repairs at Granville have been completed. Services between Cabramatta and Granville have resumed. Services may be less frequent and travel time may be longer than normal. Stops may change at short notice. Delays up to 15 minutes may continue as services recover.

For service updates, please check transport apps, information screens and listen to announcements.",IWL_1b,6193968622723203843,2026-09-17 07:25:04+00:00,
e8f62d25-979f-56f6-8f2f-dfda63c1b7b8,MAINTENANCE,UNKNOWN_EFFECT,"Cumberland Line, Leppington & Inner West Line","Urgent track repairs at Granville have been completed. Services between Cabramatta and Granville have resumed. Services may be less frequent and travel time may be longer than normal. Stops may change at short notice. Delays up to 15 minutes may continue as services recover.

For service updates, please check transport apps, information screens and listen to announcements.",IWL_1d,7284748182596493165,2026-09-17 07:25:04+00:00,
e8f62d25-979f-56f6-8f2f-dfda63c1b7b8,MAINTENANCE,UNKNOWN_EFFECT,"Cumberland Line, Leppington & Inner West Line","Urgent track repairs at Granville have been completed. Services between Cabramatta and Granville have resumed. Services may be less frequent and travel time may be longer than normal. Stops may change at short notice. Delays up to 15 minutes may continue as services recover.

For service updates, please check transport apps, information screens and listen to announcements.",IWL_2a,-1562489065343894865,2026-09-17 07:25:04+00:00,
b961cac8-0a10-51fd-96b1-9fe939e887d3,MAINTENANCE,MODIFIED_SERVICE,Buses replace trains between Leppington and Fairfield,"Wednesday 16 and Thursday 17 September
Nightly from 9:40PM to 1:30AM, buses replace trains between Leppington and Fairfield.
Trains run to a changed timetable between Fairfield and the City via Granville, and between Glenfield and the City via the Airport.
Some Inner West trains run to a changed timetable between Olympic Park or Homebush and the City.
Buses also replace T3 Liverpool & Inner West Line trains between Liverpool and Lidcombe.",IWL_2g,4132240000327817005,2026-09-16 11:40:00+00:00,2026-09-16 15:30:00+00:00
2ad7fb1d-1308-50c1-b8a0-fb227dc90a53,MAINTENANCE,MODIFIED_SERVICE,Buses replace trains between Liverpool and Lidcombe,"Wednesday 16 and Thursday 17 September
Nightly from 9:40PM to 1:30AM, buses replace trains between Liverpool and Lidcombe.
Trains run between Lidcombe and the City, to a changed timetable. You may need to change trains to continue your journey.
Buses also replace T2 Leppington & Inner West Line trains between Leppington and Fairfield, and T6 Lidcombe & Bankstown Line trains between Bankstown and Lidcombe.",BNK_1h,-6917538048992148610,2026-09-16 11:40:00+00:00,2026-09-16 15:30:00+00:00
871c63df-4862-5c7a-a1a1-fc9d6465d1bb,MAINTENANCE,MODIFIED_SERVICE,Trains may run to a changed timetable,"Saturday 19 September
From 9AM to 3PM, trains may run to a changed timetable due to trackwork between Revesby and Turrella.",APS_2g,8410277826001083247,2026-09-18 23:00:00+00:00,2026-09-19 05:00:46+00:00
6d17c60f-f62e-519a-96dd-cea7953b1650,MAINTENANCE,MODIFIED_SERVICE,Buses replace the all-stations trains between Wolli Creek and Revesby,"Sunday 20 September
From 8:40AM to 3PM, buses replace the all-stations trains between Wolli Creek and Revesby.
Express trains continue to run but do not stop at stations between Padstow and Turrella.",APS_2a,-8074707193682375787,2026-09-19 22:40:00+00:00,2026-09-20 05:00:07+00:00
7ef68f64-75e9-5e4b-9c31-588195f8fe45,MAINTENANCE,MODIFIED_SERVICE,"Buses replace trains between Waterfall, Cronulla and Hurstville","Monday 21 and Tuesday 22 September
Nightly from 9:50PM to 2:30AM, buses replace trains between Waterfall, Cronulla and Hurstville.
Trains run between Hurstville and Bondi Junction, some to a changed timetable.",ESI_1b,1240132754610898344,2026-09-21 11:50:00+00:00,2026-09-21 16:30:00+00:00
57854255-0585-5e83-b4c1-59b55fd72731,MAINTENANCE,MODIFIED_SERVICE,You may need to change trains at Granville to continue your journey,"Tuesday 22 and Wednesday 23 September
Nightly from 11:50PM to 1:30AM, trains run to a changed timetable between Richmond or Leppington and Olympic Park. Some trains start and end at Granville.
You may need to change trains at Granville to continue your journey.",CMB_2c,2372143633426116796,2026-09-22 13:50:00+00:00,2026-09-22 15:30:00+00:00
f412b473-65bf-5133-8c12-5b4d2d09865b,MAINTENANCE,MODIFIED_SERVICE,Trains run to a changed timetable and reduced frequency,"Saturday 26 and Sunday 27 September
Trains run to a changed timetable and reduced frequency, every 30 minutes.",T6_2a,-5911806343721876623,2026-09-25 16:00:00+00:00,2026-09-27 16:00:03+00:00
ac845045-d0c0-5a48-bdc9-40b302357093,MAINTENANCE,MODIFIED_SERVICE,Buses replace trains between Cabramatta and Granville,"Saturday 26 and Sunday 27 September
Buses replace trains between Cabramatta and Granville.
Trains run to a changed timetable and stopping pattern between Leppington and the City via Regents Park.
Change at:
- Cabramatta for buses to Canley Vale, Fairfield, Yennora, Guildford and Merrylands, or
- Lidcombe for trains towards Granville or T1 Western Line stations.",IWL_1c,-2200421255733575805,2026-09-25 16:00:00+00:00,2026-09-27 16:00:19+00:00
458650b8-76af-5f3c-b00c-a3a2e2d130be,MAINTENANCE,MODIFIED_SERVICE,Buses replace trains between Bomaderry and Wollongong,"Saturday 26 and Sunday 27 September
Buses replace trains between Bomaderry and Wollongong.
Trains run between Port Kembla, Wollongong and Bondi Junction, some to a changed timetable.
Buses do not run to the train timetable. If connecting with trains at Wollongong you may need to catch an earlier bus to ensure you meet your train connection.
Sydney Metro trackwork may affect how you travel. Metro services do not run between Sydenham and Chatswood.
Use trains between Central and Epping or Chatswood.",4T.T.SCO,-5668692109264656390,2026-09-25 16:00:00+00:00,2026-09-27 16:00:25+00:00
7a1297c1-0f7c-5fc3-95c7-fd1e7b580d1a,MAINTENANCE,MODIFIED_SERVICE,Buses replace trains between Cabramatta and Granville,"Saturday 26 and Sunday 27 September
Buses replace trains between Cabramatta and Granville.
Trains run to a changed timetable and stopping pattern between Leppington and the City via Regents Park, and between Schofields and Olympic Park.",CMB_1a,8502485376767781749,2026-09-25 16:00:00+00:00,2026-09-27 16:00:39+00:00
7a1297c1-0f7c-5fc3-95c7-fd1e7b580d1a,MAINTENANCE,MODIFIED_SERVICE,Buses replace trains between Cabramatta and Granville,"Saturday 26 and Sunday 27 September
Buses replace trains between Cabramatta and Granville.
Trains run to a changed timetable and stopping pattern between Leppington and the City via Regents Park, and between Schofields and Olympic Park.",CMB_1b,-2936976510359900114,2026-09-25 16:00:00+00:00,2026-09-27 16:00:39+00:00
7a1297c1-0f7c-5fc3-95c7-fd1e7b580d1a,MAINTENANCE,MODIFIED_SERVICE,Buses replace trains between Cabramatta and Granville,"Saturday 26 and Sunday 27 September
Buses replace trains between Cabramatta and Granville.
Trains run to a changed timetable and stopping pattern between Leppington and the City via Regents Park, and between Schofields and Olympic Park.",CMB_1d,1150323432029512968,2026-09-25 16:00:00+00:00,2026-09-27 16:00:39+00:00
264b6132-01c2-54c2-a84e-de9f4dc216cd,MAINTENANCE,MODIFIED_SERVICE,Buses replace trains between Lithgow and St Marys,"Monday 28 and Tuesday 29 September
Nightly from 8:20PM to 3AM, buses replace trains between Lithgow and St Marys.
T1 trains run between St Marys and Central, platforms 1-14 only.
Tuesday and Wednesday, the 02:26 Mount Victoria to Central train will run up to 15 minutes later than the normal timetable.",4T.T.BMT,45939443291718084,2026-09-28 10:20:00+00:00,2026-09-28 18:00:00+00:00
264b6132-01c2-54c2-a84e-de9f4dc216cd,MAINTENANCE,MODIFIED_SERVICE,Buses replace trains between Lithgow and St Marys,"Monday 28 and Tuesday 29 September
Nightly from 8:20PM to 3AM, buses replace trains between Lithgow and St Marys.
T1 trains run between St Marys and Central, platforms 1-14 only.
Tuesday and Wednesday, the 02:26 Mount Victoria to Central train will run up to 15 minutes later than the normal timetable.",BMT_1,-2224808403655777439,2026-09-28 10:20:00+00:00,2026-09-28 18:00:00+00:00
b2682c57-646a-5eb3-aad0-0dbfc88f6491,MAINTENANCE,MODIFIED_SERVICE,Some trains make extra stops at Croydon and Ashfield,"Wednesday 30 September
From 10:30PM to 1:30AM, some trains make extra stops at Croydon and Ashfield.",NTH_1b,2926858006344023531,2026-09-30 12:30:00+00:00,2026-09-30 15:30:01+00:00
669c9f49-5476-55f3-a619-192e1e529f0d,MAINTENANCE,MODIFIED_SERVICE,Trains run to a changed timetable and stopping pattern,"Wednesday 30 September
From 10:20PM to 1:30AM, trains run to a changed timetable between Liverpool and Lidcombe only. Change trains at Lidcombe to continue your journey.
Inner West trains run between Ashfield and the City Circle.
T1 Western Line trains run between Lidcombe and the City, making extra stops at Homebush and Burwood.
T9 Northern Line trains make extra stops at Croydon and Ashfield.",BNK_1d,-7821700733867273095,2026-09-30 12:20:00+00:00,2026-09-30 15:30:26+00:00
669c9f49-5476-55f3-a619-192e1e529f0d,MAINTENANCE,MODIFIED_SERVICE,Trains run to a changed timetable and stopping pattern,"Wednesday 30 September
From 10:20PM to 1:30AM, trains run to a changed timetable between Liverpool and Lidcombe only. Change trains at Lidcombe to continue your journey.
Inner West trains run between Ashfield and the City Circle.
T1 Western Line trains run between Lidcombe and the City, making extra stops at Homebush and Burwood.
T9 Northern Line trains make extra stops at Croydon and Ashfield.",BNK_1f,2955980060543399440,2026-09-30 12:20:00+00:00,2026-09-30 15:30:26+00:00
b44c15ce-6501-59ae-adb4-eaf1a5b73e6c,MAINTENANCE,MODIFIED_SERVICE,Some trains run to a changed timetable. Trackwork at Wolli Creek may affect how you travel,"Wednesday 30 September and Thursday 1 October
Nightly from 9:50PM to 1:30AM, trains between Sydenham and the City Circle run to a changed timetable.
Nightly from 10:10PM to 1:30AM, trackwork at Wolli Creek may affect how you travel to T4 Eastern Suburbs & Illawarra or South Coast Line stations.
T4 Eastern Suburbs & Illawarra and South Coast Line trains do not stop at Wolli Creek. Buses run between Sydenham, Wolli Creek and Arncliffe.
Change at Central for T4 Eastern Suburbs & Illawarra or South Coast Line trains.",APS_1d,3077076688999136044,2026-09-30 11:50:00+00:00,2026-09-30 15:30:00+00:00
6d45fcc6-a371-5981-aec1-119ae204ddf0,MAINTENANCE,MODIFIED_SERVICE,Trains run to a changed timetable and reduced frequency,"Saturday 3 October
From 9:30AM to 1PM, trains run to a changed timetable and reduced frequency, every 30 minutes.​",T6_1a,6046529738798421338,2026-10-02 23:30:00+00:00,2026-10-03 03:00:58+00:00
9b2f8085-0c84-59f4-bc71-b8abd9de657c,MAINTENANCE,MODIFIED_SERVICE,"At Waterfall and Helensburgh, trains leave from different platforms","Saturday 3 October
From 7:30AM to 11:30AM, at Waterfall and Helensburgh, all trains leave from platform 1.
From 12PM to 4PM, at Helensburgh and Waterfall, all trains leave from platform 2.",SCO_2a,799312986268590053,2026-10-02 21:30:00+00:00,2026-10-03 06:00:11+00:00
9b2f8085-0c84-59f4-bc71-b8abd9de657c,MAINTENANCE,MODIFIED_SERVICE,"At Waterfall and Helensburgh, trains leave from different platforms","Saturday 3 October
From 7:30AM to 11:30AM, at Waterfall and Helensburgh, all trains leave from platform 1.
From 12PM to 4PM, at Helensburgh and Waterfall, all trains leave from platform 2.",SCO_2b,7005896456830233422,2026-10-02 21:30:00+00:00,2026-10-03 06:00:11+00:00
77a58cd0-8ce8-5e8d-8c92-db8cbf4b7826,MAINTENANCE,MODIFIED_SERVICE,Buses replace trains between Cabramatta and Granville,"Sunday 4 October
From 5:30AM to 9:40AM, buses replace trains between Cabramatta and Granville.
Trains run to a changed timetable between Leppington and the City via Regents Park.",IWL_1b,6193968622723203843,2026-10-03 18:30:00+00:00,2026-10-03 22:40:00+00:00
77a58cd0-8ce8-5e8d-8c92-db8cbf4b7826,MAINTENANCE,MODIFIED_SERVICE,Buses replace trains between Cabramatta and Granville,"Sunday 4 October
From 5:30AM to 9:40AM, buses replace trains between Cabramatta and Granville.
Trains run to a changed timetable between Leppington and the City via Regents Park.",IWL_1j,1258465799022621567,2026-10-03 18:30:00+00:00,2026-10-03 22:40:00+00:00
b2e90342-af67-50e3-a804-329d980f269b,MAINTENANCE,MODIFIED_SERVICE,Extra trains run between Leppington and the City via Regents Park,"Sunday 4 October
From 5:30AM to 9:40AM, extra trains run between Leppington and the City via Regents Park.",BNK_1f,2955980060543399440,2026-10-03 18:30:00+00:00,2026-10-03 22:40:03+00:00
408bf41a-cae7-5b05-aeb4-ffb2d8bd5029,MAINTENANCE,MODIFIED_SERVICE,Buses replace trains between Cabramatta and Granville,"Sunday 4 October
From 5:30AM to 9:40AM, buses replace trains between Cabramatta and Granville.
Trains run to a changed timetable between Leppington and the City via Regents Park, and between Richmond or Schofields and Olympic Park.
You may need to change trains at Lidcombe to continue your journey.
From 9:40AM to 11:30AM, trains run to a changed timetable between Leppington and the City via Granville, and between Schofields and Olympic Park.
You may need to change trains at Granville to continue your journey.",CMB_1a,8502485376767781749,2026-10-03 18:30:00+00:00,2026-10-04 00:30:00+00:00
d9e7ac87-a2d6-55d4-a9ef-62efa975f42b,MAINTENANCE,MODIFIED_SERVICE,Trains run to a changed timetable and stopping pattern,"Saturday 3 October
From 9:30AM to 1PM, trains run to a changed timetable between Liverpool and Lidcombe, and between Homebush and the City only.
You may need to change trains to continue your journey.
T1 Western and T2 Leppington Line trains run between Lidcombe and the City.",BNK_2c,3787217531919373545,2026-10-03 11:30:00+00:00,2026-10-04 02:00:04+00:00
d9e7ac87-a2d6-55d4-a9ef-62efa975f42b,MAINTENANCE,MODIFIED_SERVICE,Trains run to a changed timetable and stopping pattern,"Saturday 3 October
From 9:30AM to 1PM, trains run to a changed timetable between Liverpool and Lidcombe, and between Homebush and the City only.
You may need to change trains to continue your journey.
T1 Western and T2 Leppington Line trains run between Lidcombe and the City.",T3_1a,-7189270326134903042,2026-10-03 11:30:00+00:00,2026-10-04 02:00:04+00:00
6bbebaa6-05b7-5784-b3c1-9aa38c44d685,MAINTENANCE,MODIFIED_SERVICE,"At Helensburgh and Otford, trains leave from different platforms","Sunday 4 October
From 7:30AM to 11:30AM, at Helensburgh and Otford, all trains leave from platform 1.
From 12PM to 4PM, at Otford and Helensburgh, all trains leave from platform 2.",SCO_2a,799312986268590053,2026-10-03 20:30:00+00:00,2026-10-04 05:00:04+00:00
5500f84d-e087-5748-af79-f76f9d478444,MAINTENANCE,MODIFIED_SERVICE,Trains run to a changed timetable and stopping pattern,"Monday 5 October
From 9:30AM to 1PM, trains run to a changed timetable between Liverpool and Lidcombe, and between Homebush and the City only.
You may need to change trains to continue your journey.
T1 Western and T2 Leppington Line trains run between Lidcombe and the City.",T3_2d,2203676127428383300,2026-10-04 22:30:00+00:00,2026-10-05 02:00:31+00:00
a7a3ff7c-2231-5430-a38f-0ddeb000b242,MAINTENANCE,MODIFIED_SERVICE,Some trains run to a changed timetable and stopping pattern,"Monday 5 October
From 11:50PM to 1:30AM, some trains run between Richmond or Leppington and Olympic Park.
You may need to change trains at Granville to continue your journey.",CMB_1a,8502485376767781749,2026-10-05 12:50:00+00:00,2026-10-05 14:30:22+00:00
a7a3ff7c-2231-5430-a38f-0ddeb000b242,MAINTENANCE,MODIFIED_SERVICE,Some trains run to a changed timetable and stopping pattern,"Monday 5 October
From 11:50PM to 1:30AM, some trains run between Richmond or Leppington and Olympic Park.
You may need to change trains at Granville to continue your journey.",CMB_2a,1644696160033301445,2026-10-05 12:50:00+00:00,2026-10-05 14:30:22+00:00
e0cde705-848b-5914-9472-bed39002de78,MAINTENANCE,MODIFIED_SERVICE,Buses replace trains between Olympic Park and Ashfield or Central,"Monday 5 October
From 6PM to 2AM, buses replace trains between Olympic Park and Ashfield. Express buses also run between Olympic Park and Central.
Replacement buses do not leave from Lidcombe.
Trains run to a changed timetable between:
- Liverpool and Lidcombe
- Lidcombe and Olympic Park
- Ashfield and the City, continuing to T1 North Shore Line stations.
You may need to change services to continue your journey.",T3_2d,2203676127428383300,2026-10-05 07:00:00+00:00,2026-10-05 15:00:53+00:00
e0cde705-848b-5914-9472-bed39002de78,MAINTENANCE,MODIFIED_SERVICE,Buses replace trains between Olympic Park and Ashfield or Central,"Monday 5 October
From 6PM to 2AM, buses replace trains between Olympic Park and Ashfield. Express buses also run between Olympic Park and Central.
Replacement buses do not leave from Lidcombe.
Trains run to a changed timetable between:
- Liverpool and Lidcombe
- Lidcombe and Olympic Park
- Ashfield and the City, continuing to T1 North Shore Line stations.
You may need to change services to continue your journey.",BNK_1h,-6917538048992148610,2026-10-05 07:00:00+00:00,2026-10-05 15:00:53+00:00
aa8dc13b-cf94-5605-888d-0fe6a081cf8b,UNKNOWN_CAUSE,UNKNOWN_EFFECT,"Station Update - Bexley North, Kingsgrove, Lisarow and more",The warning tactiles are missing on some sections of the platform. Repairs have been arranged.  Please use caution and take care,BNK_2d,-669550999481604271,2026-08-30 19:08:43+00:00,
aa8dc13b-cf94-5605-888d-0fe6a081cf8b,UNKNOWN_CAUSE,UNKNOWN_EFFECT,"Station Update - Bexley North, Kingsgrove, Lisarow and more",The warning tactiles are missing on some sections of the platform. Repairs have been arranged.  Please use caution and take care,T3_2a,-5842204805049448059,2026-08-30 19:08:43+00:00,
aa8dc13b-cf94-5605-888d-0fe6a081cf8b,UNKNOWN_CAUSE,UNKNOWN_EFFECT,"Station Update - Bexley North, Kingsgrove, Lisarow and more",The warning tactiles are missing on some sections of the platform. Repairs have been arranged.  Please use caution and take care,CCN_2b,627028831985276158,2026-08-30 19:08:43+00:00,
aa8dc13b-cf94-5605-888d-0fe6a081cf8b,UNKNOWN_CAUSE,UNKNOWN_EFFECT,"Station Update - Bexley North, Kingsgrove, Lisarow and more",The warning tactiles are missing on some sections of the platform. Repairs have been arranged.  Please use caution and take care,IWL_1a,-460769293585121233,2026-08-30 19:08:43+00:00,
aa8dc13b-cf94-5605-888d-0fe6a081cf8b,UNKNOWN_CAUSE,UNKNOWN_EFFECT,"Station Update - Bexley North, Kingsgrove, Lisarow and more",The warning tactiles are missing on some sections of the platform. Repairs have been arranged.  Please use caution and take care,IWL_2a,-1562489065343894865,2026-08-30 19:08:43+00:00,
aa8dc13b-cf94-5605-888d-0fe6a081cf8b,UNKNOWN_CAUSE,UNKNOWN_EFFECT,"Station Update - Bexley North, Kingsgrove, Lisarow and more",The warning tactiles are missing on some sections of the platform. Repairs have been arranged.  Please use caution and take care,BNK_1h,-6917538048992148610,2026-08-30 19:08:43+00:00,
aa8dc13b-cf94-5605-888d-0fe6a081cf8b,UNKNOWN_CAUSE,UNKNOWN_EFFECT,"Station Update - Bexley North, Kingsgrove, Lisarow and more",The warning tactiles are missing on some sections of the platform. Repairs have been arranged.  Please use caution and take care,CCN_1b,-5236434750823934246,2026-08-30 19:08:43+00:00,
aa8dc13b-cf94-5605-888d-0fe6a081cf8b,UNKNOWN_CAUSE,UNKNOWN_EFFECT,"Station Update - Bexley North, Kingsgrove, Lisarow and more",The warning tactiles are missing on some sections of the platform. Repairs have been arranged.  Please use caution and take care,CCN_1c,7107036069782603127,2026-08-30 19:08:43+00:00,
7e669567-64e5-5fec-83a2-7332090518c3,UNKNOWN_CAUSE,UNKNOWN_EFFECT,Station Update - Central,"From Sunday to Thursday, between 10pm and 5am, ceiling installation works will take place in the pedestrian tunnel between platforms 4 and 11 and the lower concourse.
 - During this time, the Redfern end stairs on Platforms 4 to 11 will be closed.
 - Customer will need to use the City end of the platform to exit via the Grand Concourse.
 - If you need assistance, ask station staff or call 9379 1777.",NSN_2i,9218376079003314857,2026-08-06 00:30:06+00:00,
7e669567-64e5-5fec-83a2-7332090518c3,UNKNOWN_CAUSE,UNKNOWN_EFFECT,Station Update - Central,"From Sunday to Thursday, between 10pm and 5am, ceiling installation works will take place in the pedestrian tunnel between platforms 4 and 11 and the lower concourse.
 - During this time, the Redfern end stairs on Platforms 4 to 11 will be closed.
 - Customer will need to use the City end of the platform to exit via the Grand Concourse.
 - If you need assistance, ask station staff or call 9379 1777.",WST_2d,-6255990460352317300,2026-08-06 00:30:06+00:00,
7e669567-64e5-5fec-83a2-7332090518c3,UNKNOWN_CAUSE,UNKNOWN_EFFECT,Station Update - Central,"From Sunday to Thursday, between 10pm and 5am, ceiling installation works will take place in the pedestrian tunnel between platforms 4 and 11 and the lower concourse.
 - During this time, the Redfern end stairs on Platforms 4 to 11 will be closed.
 - Customer will need to use the City end of the platform to exit via the Grand Concourse.
 - If you need assistance, ask station staff or call 9379 1777.",IWL_2c,-7246217427817351284,2026-08-06 00:30:06+00:00,
7e669567-64e5-5fec-83a2-7332090518c3,UNKNOWN_CAUSE,UNKNOWN_EFFECT,Station Update - Central,"From Sunday to Thursday, between 10pm and 5am, ceiling installation works will take place in the pedestrian tunnel between platforms 4 and 11 and the lower concourse.
 - During this time, the Redfern end stairs on Platforms 4 to 11 will be closed.
 - Customer will need to use the City end of the platform to exit via the Grand Concourse.
 - If you need assistance, ask station staff or call 9379 1777.",BNK_1c,-6876273115546089350,2026-08-06 00:30:06+00:00,
7e669567-64e5-5fec-83a2-7332090518c3,UNKNOWN_CAUSE,UNKNOWN_EFFECT,Station Update - Central,"From Sunday to Thursday, between 10pm and 5am, ceiling installation works will take place in the pedestrian tunnel between platforms 4 and 11 and the lower concourse.
 - During this time, the Redfern end stairs on Platforms 4 to 11 will be closed.
 - Customer will need to use the City end of the platform to exit via the Grand Concourse.
 - If you need assistance, ask station staff or call 9379 1777.",APS_2e,-3879013211178800379,2026-08-06 00:30:06+00:00,
7e669567-64e5-5fec-83a2-7332090518c3,UNKNOWN_CAUSE,UNKNOWN_EFFECT,Station Update - Central,"From Sunday to Thursday, between 10pm and 5am, ceiling installation works will take place in the pedestrian tunnel between platforms 4 and 11 and the lower concourse.
 - During this time, the Redfern end stairs on Platforms 4 to 11 will be closed.
 - Customer will need to use the City end of the platform to exit via the Grand Concourse.
 - If you need assistance, ask station staff or call 9379 1777.",APS_2f,4089134572644777184,2026-08-06 00:30:06+00:00,
7e669567-64e5-5fec-83a2-7332090518c3,UNKNOWN_CAUSE,UNKNOWN_EFFECT,Station Update - Central,"From Sunday to Thursday, between 10pm and 5am, ceiling installation works will take place in the pedestrian tunnel between platforms 4 and 11 and the lower concourse.
 - During this time, the Redfern end stairs on Platforms 4 to 11 will be closed.
 - Customer will need to use the City end of the platform to exit via the Grand Concourse.
 - If you need assistance, ask station staff or call 9379 1777.",4T.C.3206,-8563677009468994688,2026-08-06 00:30:06+00:00,
7e669567-64e5-5fec-83a2-7332090518c3,UNKNOWN_CAUSE,UNKNOWN_EFFECT,Station Update - Central,"From Sunday to Thursday, between 10pm and 5am, ceiling installation works will take place in the pedestrian tunnel between platforms 4 and 11 and the lower concourse.
 - During this time, the Redfern end stairs on Platforms 4 to 11 will be closed.
 - Customer will need to use the City end of the platform to exit via the Grand Concourse.
 - If you need assistance, ask station staff or call 9379 1777.",4T.C.4418,-986561400114531078,2026-08-06 00:30:06+00:00,
7e669567-64e5-5fec-83a2-7332090518c3,UNKNOWN_CAUSE,UNKNOWN_EFFECT,Station Update - Central,"From Sunday to Thursday, between 10pm and 5am, ceiling installation works will take place in the pedestrian tunnel between platforms 4 and 11 and the lower concourse.
 - During this time, the Redfern end stairs on Platforms 4 to 11 will be closed.
 - Customer will need to use the City end of the platform to exit via the Grand Concourse.
 - If you need assistance, ask station staff or call 9379 1777.",4T.C.7404,4773075664672911730,2026-08-06 00:30:06+00:00,
7e669567-64e5-5fec-83a2-7332090518c3,UNKNOWN_CAUSE,UNKNOWN_EFFECT,Station Update - Central,"From Sunday to Thursday, between 10pm and 5am, ceiling installation works will take place in the pedestrian tunnel between platforms 4 and 11 and the lower concourse.
 - During this time, the Redfern end stairs on Platforms 4 to 11 will be closed.
 - Customer will need to use the City end of the platform to exit via the Grand Concourse.
 - If you need assistance, ask station staff or call 9379 1777.",WST_1b,-2301718121315425992,2026-08-06 00:30:06+00:00,
7e669567-64e5-5fec-83a2-7332090518c3,UNKNOWN_CAUSE,UNKNOWN_EFFECT,Station Update - Central,"From Sunday to Thursday, between 10pm and 5am, ceiling installation works will take place in the pedestrian tunnel between platforms 4 and 11 and the lower concourse.
 - During this time, the Redfern end stairs on Platforms 4 to 11 will be closed.
 - Customer will need to use the City end of the platform to exit via the Grand Concourse.
 - If you need assistance, ask station staff or call 9379 1777.",APS_1a,-3402953319642480407,2026-08-06 00:30:06+00:00,
7e669567-64e5-5fec-83a2-7332090518c3,UNKNOWN_CAUSE,UNKNOWN_EFFECT,Station Update - Central,"From Sunday to Thursday, between 10pm and 5am, ceiling installation works will take place in the pedestrian tunnel between platforms 4 and 11 and the lower concourse.
 - During this time, the Redfern end stairs on Platforms 4 to 11 will be closed.
 - Customer will need to use the City end of the platform to exit via the Grand Concourse.
 - If you need assistance, ask station staff or call 9379 1777.",CCN_1a,6945390360945871574,2026-08-06 00:30:06+00:00,
7e669567-64e5-5fec-83a2-7332090518c3,UNKNOWN_CAUSE,UNKNOWN_EFFECT,Station Update - Central,"From Sunday to Thursday, between 10pm and 5am, ceiling installation works will take place in the pedestrian tunnel between platforms 4 and 11 and the lower concourse.
 - During this time, the Redfern end stairs on Platforms 4 to 11 will be closed.
 - Customer will need to use the City end of the platform to exit via the Grand Concourse.
 - If you need assistance, ask station staff or call 9379 1777.",4T.T.NT31,-1708250785073625061,2026-08-06 00:30:06+00:00,
7e669567-64e5-5fec-83a2-7332090518c3,UNKNOWN_CAUSE,UNKNOWN_EFFECT,Station Update - Central,"From Sunday to Thursday, between 10pm and 5am, ceiling installation works will take place in the pedestrian tunnel between platforms 4 and 11 and the lower concourse.
 - During this time, the Redfern end stairs on Platforms 4 to 11 will be closed.
 - Customer will need to use the City end of the platform to exit via the Grand Concourse.
 - If you need assistance, ask station staff or call 9379 1777.",4T.C.2303,5109396299856896626,2026-08-06 00:30:06+00:00,
7e669567-64e5-5fec-83a2-7332090518c3,UNKNOWN_CAUSE,UNKNOWN_EFFECT,Station Update - Central,"From Sunday to Thursday, between 10pm and 5am, ceiling installation works will take place in the pedestrian tunnel between platforms 4 and 11 and the lower concourse.
 - During this time, the Redfern end stairs on Platforms 4 to 11 will be closed.
 - Customer will need to use the City end of the platform to exit via the Grand Concourse.
 - If you need assistance, ask station staff or call 9379 1777.",4T.C.2307,-6959206314022808077,2026-08-06 00:30:06+00:00,
7e669567-64e5-5fec-83a2-7332090518c3,UNKNOWN_CAUSE,UNKNOWN_EFFECT,Station Update - Central,"From Sunday to Thursday, between 10pm and 5am, ceiling installation works will take place in the pedestrian tunnel between platforms 4 and 11 and the lower concourse.
 - During this time, the Redfern end stairs on Platforms 4 to 11 will be closed.
 - Customer will need to use the City end of the platform to exit via the Grand Concourse.
 - If you need assistance, ask station staff or call 9379 1777.",4T.C.3307,-7152309780727952516,2026-08-06 00:30:06+00:00,
7e669567-64e5-5fec-83a2-7332090518c3,UNKNOWN_CAUSE,UNKNOWN_EFFECT,Station Update - Central,"From Sunday to Thursday, between 10pm and 5am, ceiling installation works will take place in the pedestrian tunnel between platforms 4 and 11 and the lower concourse.
 - During this time, the Redfern end stairs on Platforms 4 to 11 will be closed.
 - Customer will need to use the City end of the platform to exit via the Grand Concourse.
 - If you need assistance, ask station staff or call 9379 1777.",4T.C.3501,1233053027023426364,2026-08-06 00:30:06+00:00,
24ec6d75-368b-5a43-af39-0176e463e065,UNKNOWN_CAUSE,UNKNOWN_EFFECT,Station Update - West Ryde,"From Monday 7 September to Sunday 1 November, lift replacement works will be taking place at West Ryde Station, closing the lift between the concourse and Ryedale Road. 

During this time, lift access to the station will be available on the opposite side of the station on West Parade.

Baggage handlers will be available to assist during this time.

If you need further assistance, ask station staff or call 02 9752 8465",CCN_2a,-5978113767534294052,2026-09-04 02:27:30+00:00,
e8f62d25-979f-56f6-8f2f-dfda63c1b7b8,MAINTENANCE,UNKNOWN_EFFECT,"Cumberland Line, Leppington & Inner West Line","Allow extra travel time between Granville and Cabramatta due to urgent track repairs at Granville. Repair crews are on site and working to restore train services as soon as possible. Trains will be stopping at different platforms. Stops may change at short notice. 

Trains are not running between Granville and Cabramatta and will be diverted via Sefton to provide regular service. Customers travelling between Granville and Cabramatta via Merrylands are advised to consider catching nearby public transport services to continue their journey. We are trying to arrange replacement buses.  Please delay travel if possible or use other transport.  Well update you when we have more information. Customers should plan ahead and allow plenty of extra travel time.

For service updates, please check transport apps, information screens and listen to announcements.",IWL_1a,-460769293585121233,2026-09-17 07:05:59+00:00,
e8f62d25-979f-56f6-8f2f-dfda63c1b7b8,MAINTENANCE,UNKNOWN_EFFECT,"Cumberland Line, Leppington & Inner West Line","Allow extra travel time between Granville and Cabramatta due to urgent track repairs at Granville. Repair crews are on site and working to restore train services as soon as possible. Trains will be stopping at different platforms. Stops may change at short notice. 

Trains are not running between Granville and Cabramatta and will be diverted via Sefton to provide regular service. Customers travelling between Granville and Cabramatta via Merrylands are advised to consider catching nearby public transport services to continue their journey. We are trying to arrange replacement buses.  Please delay travel if possible or use other transport.  Well update you when we have more information. Customers should plan ahead and allow plenty of extra travel time.

For service updates, please check transport apps, information screens and listen to announcements.",CMB_2a,1644696160033301445,2026-09-17 07:05:59+00:00,
e8f62d25-979f-56f6-8f2f-dfda63c1b7b8,MAINTENANCE,UNKNOWN_EFFECT,"Cumberland Line, Leppington & Inner West Line","Allow extra travel time between Granville and Cabramatta due to urgent track repairs at Granville. Repair crews are on site and working to restore train services as soon as possible. Trains will be stopping at different platforms. Stops may change at short notice. 

Most trains will be diverted via Sefton to provide regular service. Customers travelling between Granville and Cabramatta via Merrylands are advised to consider catching nearby public transport services to continue their journey. We are trying to arrange replacement buses.  Please delay travel if possible or use other transport.  Well update you when we have more information. Customers should plan ahead and allow plenty of extra travel time.

For service updates, please check transport apps, information screens and listen to announcements.",IWL_2b,7400251048012378211,2026-09-17 06:50:04+00:00,
e8f62d25-979f-56f6-8f2f-dfda63c1b7b8,MAINTENANCE,UNKNOWN_EFFECT,"Cumberland Line, Leppington & Inner West Line","Allow extra travel time between Granville and Cabramatta due to urgent track repairs at Granville. Repair crews are on site and working to restore train services as soon as possible. Trains will be stopping at different platforms. Stops may change at short notice. 

Most trains will be diverted via Sefton to provide regular service. Customers travelling between Granville and Cabramatta via Merrylands are advised to consider catching nearby public transport services to continue their journey. We are trying to arrange replacement buses.  Please delay travel if possible or use other transport.  Well update you when we have more information. Customers should plan ahead and allow plenty of extra travel time.

For service updates, please check transport apps, information screens and listen to announcements.",IWL_2e,4659744773727575182,2026-09-17 06:50:04+00:00,
e8f62d25-979f-56f6-8f2f-dfda63c1b7b8,MAINTENANCE,UNKNOWN_EFFECT,"Cumberland Line, Leppington & Inner West Line","Allow extra travel time between Granville and Cabramatta due to urgent track repairs at Granville. Repair crews are on site and working to restore train services as soon as possible. Trains will be stopping at different platforms. Stops may change at short notice. 

Most trains will be diverted via Sefton to provide regular service. Customers travelling between Granville and Cabramatta via Merrylands are advised to consider catching nearby public transport services to continue their journey. We are trying to arrange replacement buses.  Please delay travel if possible or use other transport.  Well update you when we have more information. Customers should plan ahead and allow plenty of extra travel time.

For service updates, please check transport apps, information screens and listen to announcements.",IWL_2j,-1303612948344505806,2026-09-17 06:50:04+00:00,
e8f62d25-979f-56f6-8f2f-dfda63c1b7b8,MAINTENANCE,UNKNOWN_EFFECT,"Cumberland Line, Leppington & Inner West Line","Allow extra travel time between Granville and Cabramatta due to urgent track repairs at Granville. Repair crews are on site and working to restore train services as soon as possible. 

Most trains will be diverted via Sefton to provide regular service. Customers travelling between Granville and Cabramatta via Merrylands are advised to consider catching nearby public transport services to continue their journey. Trains will be stopping at different platforms. Stops may change at short notice. . 

For service updates, please check transport apps, information screens and listen to announcements.",CMB_2a,1644696160033301445,2026-09-17 06:37:33+00:00,
e8f62d25-979f-56f6-8f2f-dfda63c1b7b8,MAINTENANCE,UNKNOWN_EFFECT,"Cumberland Line, Leppington & Inner West Line","Urgent track repairs at Granville have been completed. Services between Cabramatta and Granville have resumed. Services may be less frequent and travel time may be longer than normal. Stops may change at short notice. Delays up to 15 minutes may continue as services recover.

For service updates, please check transport apps, information screens and listen to announcements.",CMB_1a,8502485376767781749,2026-09-17 07:25:04+00:00,
e8f62d25-979f-56f6-8f2f-dfda63c1b7b8,MAINTENANCE,UNKNOWN_EFFECT,"Cumberland Line, Leppington & Inner West Line","Urgent track repairs at Granville have been completed. Services between Cabramatta and Granville have resumed. Services may be less frequent and travel time may be longer than normal. Stops may change at short notice. Delays up to 15 minutes may continue as services recover.

For service updates, please check transport apps, information screens and listen to announcements.",IWL_1f,1221224009602693160,2026-09-17 07:25:04+00:00,
b961cac8-0a10-51fd-96b1-9fe939e887d3,MAINTENANCE,MODIFIED_SERVICE,Buses replace trains between Leppington and Fairfield,"Wednesday 16 and Thursday 17 September
Nightly from 9:40PM to 1:30AM, buses replace trains between Leppington and Fairfield.
Trains run to a changed timetable between Fairfield and the City via Granville, and between Glenfield and the City via the Airport.
Some Inner West trains run to a changed timetable between Olympic Park or Homebush and the City.
Buses also replace T3 Liverpool & Inner West Line trains between Liverpool and Lidcombe.",IWL_1h,6999377604685702146,2026-09-16 11:40:00+00:00,2026-09-16 15:30:00+00:00
2ad7fb1d-1308-50c1-b8a0-fb227dc90a53,MAINTENANCE,MODIFIED_SERVICE,Buses replace trains between Liverpool and Lidcombe,"Wednesday 16 and Thursday 17 September
Nightly from 9:40PM to 1:30AM, buses replace trains between Liverpool and Lidcombe.
Trains run between Lidcombe and the City, to a changed timetable. You may need to change trains to continue your journey.
Buses also replace T2 Leppington & Inner West Line trains between Leppington and Fairfield, and T6 Lidcombe & Bankstown Line trains between Bankstown and Lidcombe.",BNK_2d,-669550999481604271,2026-09-16 11:40:00+00:00,2026-09-16 15:30:00+00:00
0c3f595e-6aac-5fbf-965f-e63e1098dd36,MAINTENANCE,MODIFIED_SERVICE,Buses replace trains between Bankstown and Lidcombe,"Wednesday 16 and Thursday 17 September
Nightly from 9:10PM to 1:30AM, buses replace trains between Bankstown and Lidcombe.
Buses also replace T3 Liverpool & Inner West Line trains between Liverpool and Lidcombe.",T6_1a,6046529738798421338,2026-09-16 11:10:00+00:00,2026-09-16 15:30:00+00:00
0c3f595e-6aac-5fbf-965f-e63e1098dd36,MAINTENANCE,MODIFIED_SERVICE,Buses replace trains between Bankstown and Lidcombe,"Wednesday 16 and Thursday 17 September
Nightly from 9:10PM to 1:30AM, buses replace trains between Bankstown and Lidcombe.
Buses also replace T3 Liverpool & Inner West Line trains between Liverpool and Lidcombe.",T6_2c,4372012232878979249,2026-09-16 11:10:00+00:00,2026-09-16 15:30:00+00:00
871c63df-4862-5c7a-a1a1-fc9d6465d1bb,MAINTENANCE,MODIFIED_SERVICE,Trains may run to a changed timetable,"Saturday 19 September
From 9AM to 3PM, trains may run to a changed timetable due to trackwork between Revesby and Turrella.",APS_1g,-8457744376016795793,2026-09-18 23:00:00+00:00,2026-09-19 05:00:46+00:00
7ef68f64-75e9-5e4b-9c31-588195f8fe45,MAINTENANCE,MODIFIED_SERVICE,"Buses replace trains between Waterfall, Cronulla and Hurstville","Monday 21 and Tuesday 22 September
Nightly from 9:50PM to 2:30AM, buses replace trains between Waterfall, Cronulla and Hurstville.
Trains run between Hurstville and Bondi Junction, some to a changed timetable.",ESI_2f,-5513635247768088831,2026-09-21 11:50:00+00:00,2026-09-21 16:30:00+00:00
46b069c9-d979-5c79-bb59-0c3cb9113a61,MAINTENANCE,MODIFIED_SERVICE,T1 North Shore Line: Buses replace Central Coast & Newcastle Line trains between Hornsby and Newcastle Interchange,"Tuesday 22 and Wednesday 23 September
Nightly from 8:30PM to 5AM, buses replace Central Coast & Newcastle Line trains between Hornsby, Berowra and Newcastle Interchange. 
T1 North Shore Line trains continue to run between Hornsby and Berowra.",NSN_2k,6965782384900562698,2026-09-22 10:30:00+00:00,2026-09-22 19:00:00+00:00
e80e6ea1-2a2a-584d-b2f9-a0efa3433717,MAINTENANCE,MODIFIED_SERVICE,"At Scarborough, Wombarra and Coledale, trains leave from different platforms","Sunday 27 September
From 7:30AM to 11:30AM, at Scarborough, Wombarra and Coledale, all trains leave from platform 1.
From 12PM to 4PM, at Coledale, Wombarra and Scarborough, all trains leave from platform 2.",SCO_2b,7005896456830233422,2026-09-26 21:30:00+00:00,2026-09-27 06:00:44+00:00
f412b473-65bf-5133-8c12-5b4d2d09865b,MAINTENANCE,MODIFIED_SERVICE,Trains run to a changed timetable and reduced frequency,"Saturday 26 and Sunday 27 September
Trains run to a changed timetable and reduced frequency, every 30 minutes.",T6_1b,-5736501019292966897,2026-09-25 16:00:00+00:00,2026-09-27 16:00:03+00:00
ac845045-d0c0-5a48-bdc9-40b302357093,MAINTENANCE,MODIFIED_SERVICE,Buses replace trains between Cabramatta and Granville,"Saturday 26 and Sunday 27 September
Buses replace trains between Cabramatta and Granville.
Trains run to a changed timetable and stopping pattern between Leppington and the City via Regents Park.
Change at:
- Cabramatta for buses to Canley Vale, Fairfield, Yennora, Guildford and Merrylands, or
- Lidcombe for trains towards Granville or T1 Western Line stations.",IWL_2c,-7246217427817351284,2026-09-25 16:00:00+00:00,2026-09-27 16:00:19+00:00
ac845045-d0c0-5a48-bdc9-40b302357093,MAINTENANCE,MODIFIED_SERVICE,Buses replace trains between Cabramatta and Granville,"Saturday 26 and Sunday 27 September
Buses replace trains between Cabramatta and Granville.
Trains run to a changed timetable and stopping pattern between Leppington and the City via Regents Park.
Change at:
- Cabramatta for buses to Canley Vale, Fairfield, Yennora, Guildford and Merrylands, or
- Lidcombe for trains towards Granville or T1 Western Line stations.",IWL_1j,1258465799022621567,2026-09-25 16:00:00+00:00,2026-09-27 16:00:19+00:00
8a446d44-d955-5598-9b14-a1b87d68622d,MAINTENANCE,MODIFIED_SERVICE,Sydney Metro trackwork may affect how you travel. Metro services do not run between Chatswood and Sydenham,"Saturday 26 and Sunday 27 September
Sydney Metro trackwork may affect how you travel. Metro services do not run between Chatswood and Sydenham.
Use trains between Epping or Chatswood, the City and Sydenham.",CCN_1a,6945390360945871574,2026-09-25 16:00:00+00:00,2026-09-27 16:00:33+00:00
8158d1cb-dcf1-51d8-b04c-77f1abafe3af,MAINTENANCE,MODIFIED_SERVICE,T1 North Shore Line: Sydney Metro trackwork may affect how you travel. Metro services do not run between Chatswood and Sydenham,"Saturday 26 and Sunday 27 September
Sydney Metro trackwork may affect how you travel. Metro services do not run between Chatswood and Sydenham.
Use trains between Chatswood, the City and Sydenham.",NSN_2i,9218376079003314857,2026-09-25 16:00:00+00:00,2026-09-27 16:00:55+00:00
49968444-84fd-5711-a996-0bbb9e3f71ee,MAINTENANCE,MODIFIED_SERVICE,"Trains run between Berowra or Hornsby and Central, platforms 1-14 only","Monday 28 and Tuesday 29 September
From 9:10PM trains run between Berowra or Hornsby and Central.
Change at Hornsby for replacement buses.",NTH_1b,2926858006344023531,2026-09-28 11:10:00+00:00,2026-09-28 15:30:00+00:00
ec6e4c02-fc7d-51ab-8e57-8dcf792d6c6f,MAINTENANCE,MODIFIED_SERVICE,T1 Western Line: Buses replace trains between Emu Plains and St Marys,"Monday 28 and Tuesday 29 September
Nightly from 9:40PM to 4AM, buses replace trains between Emu Plains and St Marys.
Trains run between St Marys and Central, platforms 1-14 only.
Trackwork also affects T1 North Shore Line trains. Use metro services to Victoria Cross, Crows Nest or Chatswood, then change for replacement buses.
Tuesday and Wednesday, buses replace the 03:09 and 03:47 Emu Plains to the City trains from Emu Plains to St Marys.",WST_2c,-4689984939195006273,2026-09-28 11:40:00+00:00,2026-09-28 18:00:00+00:00
ee0d0ca9-7e69-5d24-9b92-c84f13f8126b,MAINTENANCE,MODIFIED_SERVICE,Trains run to a changed timetable and stopping pattern,"Trains run to a changed timetable and stopping pattern
 
Wednesday 30 September
From 10:30PM to 1:30AM, Inner West trains run between Ashfield and the City Circle only.
Leppington trains do not stop at Ashfield or Newtown.
T1 Western Line trains make extra stops at Homebush and Burwood. T9 Northern Line trains make extra stops at Croydon and Ashfield.
You may need to change trains to continue your journey.",IWL_2g,4132240000327817005,2026-09-30 12:30:02+00:00,2026-09-30 15:30:00+00:00
ee0d0ca9-7e69-5d24-9b92-c84f13f8126b,MAINTENANCE,MODIFIED_SERVICE,Trains run to a changed timetable and stopping pattern,"Trains run to a changed timetable and stopping pattern
 
Wednesday 30 September
From 10:30PM to 1:30AM, Inner West trains run between Ashfield and the City Circle only.
Leppington trains do not stop at Ashfield or Newtown.
T1 Western Line trains make extra stops at Homebush and Burwood. T9 Northern Line trains make extra stops at Croydon and Ashfield.
You may need to change trains to continue your journey.",IWL_1e,2161230079104197071,2026-09-30 12:30:02+00:00,2026-09-30 15:30:00+00:00
ee0d0ca9-7e69-5d24-9b92-c84f13f8126b,MAINTENANCE,MODIFIED_SERVICE,Trains run to a changed timetable and stopping pattern,"Trains run to a changed timetable and stopping pattern
 
Wednesday 30 September
From 10:30PM to 1:30AM, Inner West trains run between Ashfield and the City Circle only.
Leppington trains do not stop at Ashfield or Newtown.
T1 Western Line trains make extra stops at Homebush and Burwood. T9 Northern Line trains make extra stops at Croydon and Ashfield.
You may need to change trains to continue your journey.",IWL_2a,-1562489065343894865,2026-09-30 12:30:02+00:00,2026-09-30 15:30:00+00:00
669c9f49-5476-55f3-a619-192e1e529f0d,MAINTENANCE,MODIFIED_SERVICE,Trains run to a changed timetable and stopping pattern,"Wednesday 30 September
From 10:20PM to 1:30AM, trains run to a changed timetable between Liverpool and Lidcombe only. Change trains at Lidcombe to continue your journey.
Inner West trains run between Ashfield and the City Circle.
T1 Western Line trains run between Lidcombe and the City, making extra stops at Homebush and Burwood.
T9 Northern Line trains make extra stops at Croydon and Ashfield.",BNK_2h,3013139253553952589,2026-09-30 12:20:00+00:00,2026-09-30 15:30:26+00:00
669c9f49-5476-55f3-a619-192e1e529f0d,MAINTENANCE,MODIFIED_SERVICE,Trains run to a changed timetable and stopping pattern,"Wednesday 30 September
From 10:20PM to 1:30AM, trains run to a changed timetable between Liverpool and Lidcombe only. Change trains at Lidcombe to continue your journey.
Inner West trains run between Ashfield and the City Circle.
T1 Western Line trains run between Lidcombe and the City, making extra stops at Homebush and Burwood.
T9 Northern Line trains make extra stops at Croydon and Ashfield.",T3_1a,-7189270326134903042,2026-09-30 12:20:00+00:00,2026-09-30 15:30:26+00:00
669c9f49-5476-55f3-a619-192e1e529f0d,MAINTENANCE,MODIFIED_SERVICE,Trains run to a changed timetable and stopping pattern,"Wednesday 30 September
From 10:20PM to 1:30AM, trains run to a changed timetable between Liverpool and Lidcombe only. Change trains at Lidcombe to continue your journey.
Inner West trains run between Ashfield and the City Circle.
T1 Western Line trains run between Lidcombe and the City, making extra stops at Homebush and Burwood.
T9 Northern Line trains make extra stops at Croydon and Ashfield.",T3_1d,6228501476923438915,2026-09-30 12:20:00+00:00,2026-09-30 15:30:26+00:00
b44c15ce-6501-59ae-adb4-eaf1a5b73e6c,MAINTENANCE,MODIFIED_SERVICE,Some trains run to a changed timetable. Trackwork at Wolli Creek may affect how you travel,"Wednesday 30 September and Thursday 1 October
Nightly from 9:50PM to 1:30AM, trains between Sydenham and the City Circle run to a changed timetable.
Nightly from 10:10PM to 1:30AM, trackwork at Wolli Creek may affect how you travel to T4 Eastern Suburbs & Illawarra or South Coast Line stations.
T4 Eastern Suburbs & Illawarra and South Coast Line trains do not stop at Wolli Creek. Buses run between Sydenham, Wolli Creek and Arncliffe.
Change at Central for T4 Eastern Suburbs & Illawarra or South Coast Line trains.",APS_2c,2798141468541829682,2026-09-30 11:50:00+00:00,2026-09-30 15:30:00+00:00
9b2f8085-0c84-59f4-bc71-b8abd9de657c,MAINTENANCE,MODIFIED_SERVICE,"At Waterfall and Helensburgh, trains leave from different platforms","Saturday 3 October
From 7:30AM to 11:30AM, at Waterfall and Helensburgh, all trains leave from platform 1.
From 12PM to 4PM, at Helensburgh and Waterfall, all trains leave from platform 2.",SCO_1b,-3539652250674250885,2026-10-02 21:30:00+00:00,2026-10-03 06:00:11+00:00
77a58cd0-8ce8-5e8d-8c92-db8cbf4b7826,MAINTENANCE,MODIFIED_SERVICE,Buses replace trains between Cabramatta and Granville,"Sunday 4 October
From 5:30AM to 9:40AM, buses replace trains between Cabramatta and Granville.
Trains run to a changed timetable between Leppington and the City via Regents Park.",IWL_2h,-5042242428352878110,2026-10-03 18:30:00+00:00,2026-10-03 22:40:00+00:00
77a58cd0-8ce8-5e8d-8c92-db8cbf4b7826,MAINTENANCE,MODIFIED_SERVICE,Buses replace trains between Cabramatta and Granville,"Sunday 4 October
From 5:30AM to 9:40AM, buses replace trains between Cabramatta and Granville.
Trains run to a changed timetable between Leppington and the City via Regents Park.",IWL_1f,1221224009602693160,2026-10-03 18:30:00+00:00,2026-10-03 22:40:00+00:00
77a58cd0-8ce8-5e8d-8c92-db8cbf4b7826,MAINTENANCE,MODIFIED_SERVICE,Buses replace trains between Cabramatta and Granville,"Sunday 4 October
From 5:30AM to 9:40AM, buses replace trains between Cabramatta and Granville.
Trains run to a changed timetable between Leppington and the City via Regents Park.",IWL_1i,-8590447049958111075,2026-10-03 18:30:00+00:00,2026-10-03 22:40:00+00:00
b2e90342-af67-50e3-a804-329d980f269b,MAINTENANCE,MODIFIED_SERVICE,Extra trains run between Leppington and the City via Regents Park,"Sunday 4 October
From 5:30AM to 9:40AM, extra trains run between Leppington and the City via Regents Park.",T3_1a,-7189270326134903042,2026-10-03 18:30:00+00:00,2026-10-03 22:40:03+00:00
47b8e043-f824-5a30-96fc-9a9ff30408a9,MAINTENANCE,MODIFIED_SERVICE,"At Cowan and Hawkesbury River, trains may leave from different platforms","Sunday 4 October
From 6AM to 11AM, at Cowan and Hawkesbury River, all trains leave from platform 1.",CCN_2a,-5978113767534294052,2026-10-03 19:00:00+00:00,2026-10-04 00:00:50+00:00
408bf41a-cae7-5b05-aeb4-ffb2d8bd5029,MAINTENANCE,MODIFIED_SERVICE,Buses replace trains between Cabramatta and Granville,"Sunday 4 October
From 5:30AM to 9:40AM, buses replace trains between Cabramatta and Granville.
Trains run to a changed timetable between Leppington and the City via Regents Park, and between Richmond or Schofields and Olympic Park.
You may need to change trains at Lidcombe to continue your journey.
From 9:40AM to 11:30AM, trains run to a changed timetable between Leppington and the City via Granville, and between Schofields and Olympic Park.
You may need to change trains at Granville to continue your journey.",CMB_1b,-2936976510359900114,2026-10-03 18:30:00+00:00,2026-10-04 00:30:00+00:00
408bf41a-cae7-5b05-aeb4-ffb2d8bd5029,MAINTENANCE,MODIFIED_SERVICE,Buses replace trains between Cabramatta and Granville,"Sunday 4 October
From 5:30AM to 9:40AM, buses replace trains between Cabramatta and Granville.
Trains run to a changed timetable between Leppington and the City via Regents Park, and between Richmond or Schofields and Olympic Park.
You may need to change trains at Lidcombe to continue your journey.
From 9:40AM to 11:30AM, trains run to a changed timetable between Leppington and the City via Granville, and between Schofields and Olympic Park.
You may need to change trains at Granville to continue your journey.",CMB_2b,299721892419967497,2026-10-03 18:30:00+00:00,2026-10-04 00:30:00+00:00
a7a3ff7c-2231-5430-a38f-0ddeb000b242,MAINTENANCE,MODIFIED_SERVICE,Some trains run to a changed timetable and stopping pattern,"Monday 5 October
From 11:50PM to 1:30AM, some trains run between Richmond or Leppington and Olympic Park.
You may need to change trains at Granville to continue your journey.",CMB_2d,-1209867813534204200,2026-10-05 12:50:00+00:00,2026-10-05 14:30:22+00:00
074c6ef5-dee2-547a-a802-30866ad80ff8,MAINTENANCE,MODIFIED_SERVICE,Buses replace trains between Newcastle Interchange and Wyong. Trains run to a changed timetable and stopping pattern,"Sunday 4 and Monday 5 October
Buses replace trains between Newcastle Interchange and Wyong.
Trains run between Wyong and Central, some to a changed timetable.
Monday from 6PM to 2AM, trains run between Wyong and Hornsby only.
T1 North Shore Line trains run between Hornsby and the City, and T9 Northern Line trains run between Hornsby and Rhodes only.
Buses replace trains between Rhodes and Ashfield or Central.
Use metro services between Epping or Chatswood and the City.",CCN_1b,-5236434750823934246,2026-10-03 16:00:00+00:00,2026-10-05 15:00:33+00:00
2296d332-0849-557b-9655-7b386b02a419,MAINTENANCE,MODIFIED_SERVICE,Buses replace trains between Olympic Park and Ashfield or Central,"Monday 5 October
From 6:00PM to 2:00AM, buses replace trains between Olympic Park and Ashfield. Express buses also run between Olympic Park and Central.
Replacement buses do not leave from Lidcombe.
Trains run to a changed timetable between:
- Leppington and Olympic Park
- Glenfield and the City via the Airport
- Ashfield and the City, continuing to T1 North Shore Line stations.",IWL_1g,5311805744952906065,2026-10-05 07:00:00+00:00,2026-10-05 15:00:44+00:00
e0cde705-848b-5914-9472-bed39002de78,MAINTENANCE,MODIFIED_SERVICE,Buses replace trains between Olympic Park and Ashfield or Central,"Monday 5 October
From 6PM to 2AM, buses replace trains between Olympic Park and Ashfield. Express buses also run between Olympic Park and Central.
Replacement buses do not leave from Lidcombe.
Trains run to a changed timetable between:
- Liverpool and Lidcombe
- Lidcombe and Olympic Park
- Ashfield and the City, continuing to T1 North Shore Line stations.
You may need to change services to continue your journey.",BNK_2f,-4213221836035426102,2026-10-05 07:00:00+00:00,2026-10-05 15:00:53+00:00
e0cde705-848b-5914-9472-bed39002de78,MAINTENANCE,MODIFIED_SERVICE,Buses replace trains between Olympic Park and Ashfield or Central,"Monday 5 October
From 6PM to 2AM, buses replace trains between Olympic Park and Ashfield. Express buses also run between Olympic Park and Central.
Replacement buses do not leave from Lidcombe.
Trains run to a changed timetable between:
- Liverpool and Lidcombe
- Lidcombe and Olympic Park
- Ashfield and the City, continuing to T1 North Shore Line stations.
You may need to change services to continue your journey.",BNK_2h,3013139253553952589,2026-10-05 07:00:00+00:00,2026-10-05 15:00:53+00:00
e0cde705-848b-5914-9472-bed39002de78,MAINTENANCE,MODIFIED_SERVICE,Buses replace trains between Olympic Park and Ashfield or Central,"Monday 5 October
From 6PM to 2AM, buses replace trains between Olympic Park and Ashfield. Express buses also run between Olympic Park and Central.
Replacement buses do not leave from Lidcombe.
Trains run to a changed timetable between:
- Liverpool and Lidcombe
- Lidcombe and Olympic Park
- Ashfield and the City, continuing to T1 North Shore Line stations.
You may need to change services to continue your journey.",T3_1a,-7189270326134903042,2026-10-05 07:00:00+00:00,2026-10-05 15:00:53+00:00
aa8dc13b-cf94-5605-888d-0fe6a081cf8b,UNKNOWN_CAUSE,UNKNOWN_EFFECT,"Station Update - Bexley North, Kingsgrove, Lisarow and more",The warning tactiles are missing on some sections of the platform. Repairs have been arranged.  Please use caution and take care,IWL_1d,7284748182596493165,2026-08-30 19:08:43+00:00,
aa8dc13b-cf94-5605-888d-0fe6a081cf8b,UNKNOWN_CAUSE,UNKNOWN_EFFECT,"Station Update - Bexley North, Kingsgrove, Lisarow and more",The warning tactiles are missing on some sections of the platform. Repairs have been arranged.  Please use caution and take care,BNK_1b,824071575942029262,2026-08-30 19:08:43+00:00,
aa8dc13b-cf94-5605-888d-0fe6a081cf8b,UNKNOWN_CAUSE,UNKNOWN_EFFECT,"Station Update - Bexley North, Kingsgrove, Lisarow and more",The warning tactiles are missing on some sections of the platform. Repairs have been arranged.  Please use caution and take care,BNK_1g,5064893934630336586,2026-08-30 19:08:43+00:00,
7e669567-64e5-5fec-83a2-7332090518c3,UNKNOWN_CAUSE,UNKNOWN_EFFECT,Station Update - Central,"From Sunday to Thursday, between 10pm and 5am, ceiling installation works will take place in the pedestrian tunnel between platforms 4 and 11 and the lower concourse.
 - During this time, the Redfern end stairs on Platforms 4 to 11 will be closed.
 - Customer will need to use the City end of the platform to exit via the Grand Concourse.
 - If you need assistance, ask station staff or call 9379 1777.",NSN_2a,9187031006395744173,2026-08-06 00:30:06+00:00,
7e669567-64e5-5fec-83a2-7332090518c3,UNKNOWN_CAUSE,UNKNOWN_EFFECT,Station Update - Central,"From Sunday to Thursday, between 10pm and 5am, ceiling installation works will take place in the pedestrian tunnel between platforms 4 and 11 and the lower concourse.
 - During this time, the Redfern end stairs on Platforms 4 to 11 will be closed.
 - Customer will need to use the City end of the platform to exit via the Grand Concourse.
 - If you need assistance, ask station staff or call 9379 1777.",APS_2a,-8074707193682375787,2026-08-06 00:30:06+00:00,
7e669567-64e5-5fec-83a2-7332090518c3,UNKNOWN_CAUSE,UNKNOWN_EFFECT,Station Update - Central,"From Sunday to Thursday, between 10pm and 5am, ceiling installation works will take place in the pedestrian tunnel between platforms 4 and 11 and the lower concourse.
 - During this time, the Redfern end stairs on Platforms 4 to 11 will be closed.
 - Customer will need to use the City end of the platform to exit via the Grand Concourse.
 - If you need assistance, ask station staff or call 9379 1777.",4T.T.NT32,-8833561319428412599,2026-08-06 00:30:06+00:00,
7e669567-64e5-5fec-83a2-7332090518c3,UNKNOWN_CAUSE,UNKNOWN_EFFECT,Station Update - Central,"From Sunday to Thursday, between 10pm and 5am, ceiling installation works will take place in the pedestrian tunnel between platforms 4 and 11 and the lower concourse.
 - During this time, the Redfern end stairs on Platforms 4 to 11 will be closed.
 - Customer will need to use the City end of the platform to exit via the Grand Concourse.
 - If you need assistance, ask station staff or call 9379 1777.",4T.C.4424,4201223261317393037,2026-08-06 00:30:06+00:00,
7e669567-64e5-5fec-83a2-7332090518c3,UNKNOWN_CAUSE,UNKNOWN_EFFECT,Station Update - Central,"From Sunday to Thursday, between 10pm and 5am, ceiling installation works will take place in the pedestrian tunnel between platforms 4 and 11 and the lower concourse.
 - During this time, the Redfern end stairs on Platforms 4 to 11 will be closed.
 - Customer will need to use the City end of the platform to exit via the Grand Concourse.
 - If you need assistance, ask station staff or call 9379 1777.",4T.C.6404,1369907479116739044,2026-08-06 00:30:06+00:00,
7e669567-64e5-5fec-83a2-7332090518c3,UNKNOWN_CAUSE,UNKNOWN_EFFECT,Station Update - Central,"From Sunday to Thursday, between 10pm and 5am, ceiling installation works will take place in the pedestrian tunnel between platforms 4 and 11 and the lower concourse.
 - During this time, the Redfern end stairs on Platforms 4 to 11 will be closed.
 - Customer will need to use the City end of the platform to exit via the Grand Concourse.
 - If you need assistance, ask station staff or call 9379 1777.",4T.C.6408,-6531540295002599355,2026-08-06 00:30:06+00:00,
7e669567-64e5-5fec-83a2-7332090518c3,UNKNOWN_CAUSE,UNKNOWN_EFFECT,Station Update - Central,"From Sunday to Thursday, between 10pm and 5am, ceiling installation works will take place in the pedestrian tunnel between platforms 4 and 11 and the lower concourse.
 - During this time, the Redfern end stairs on Platforms 4 to 11 will be closed.
 - Customer will need to use the City end of the platform to exit via the Grand Concourse.
 - If you need assistance, ask station staff or call 9379 1777.",IWL_1h,6999377604685702146,2026-08-06 00:30:06+00:00,
7e669567-64e5-5fec-83a2-7332090518c3,UNKNOWN_CAUSE,UNKNOWN_EFFECT,Station Update - Central,"From Sunday to Thursday, between 10pm and 5am, ceiling installation works will take place in the pedestrian tunnel between platforms 4 and 11 and the lower concourse.
 - During this time, the Redfern end stairs on Platforms 4 to 11 will be closed.
 - Customer will need to use the City end of the platform to exit via the Grand Concourse.
 - If you need assistance, ask station staff or call 9379 1777.",BNK_1d,-7821700733867273095,2026-08-06 00:30:06+00:00,
7e669567-64e5-5fec-83a2-7332090518c3,UNKNOWN_CAUSE,UNKNOWN_EFFECT,Station Update - Central,"From Sunday to Thursday, between 10pm and 5am, ceiling installation works will take place in the pedestrian tunnel between platforms 4 and 11 and the lower concourse.
 - During this time, the Redfern end stairs on Platforms 4 to 11 will be closed.
 - Customer will need to use the City end of the platform to exit via the Grand Concourse.
 - If you need assistance, ask station staff or call 9379 1777.",ESI_1e,-8860949549741138520,2026-08-06 00:30:06+00:00,
7e669567-64e5-5fec-83a2-7332090518c3,UNKNOWN_CAUSE,UNKNOWN_EFFECT,Station Update - Central,"From Sunday to Thursday, between 10pm and 5am, ceiling installation works will take place in the pedestrian tunnel between platforms 4 and 11 and the lower concourse.
 - During this time, the Redfern end stairs on Platforms 4 to 11 will be closed.
 - Customer will need to use the City end of the platform to exit via the Grand Concourse.
 - If you need assistance, ask station staff or call 9379 1777.",APS_1d,3077076688999136044,2026-08-06 00:30:06+00:00,
e8f62d25-979f-56f6-8f2f-dfda63c1b7b8,MAINTENANCE,UNKNOWN_EFFECT,"Cumberland Line, Leppington & Inner West Line","Allow extra travel time between Granville and Cabramatta due to urgent track repairs at Granville. Repair crews are on site and working to restore train services as soon as possible. Trains will be stopping at different platforms. Stops may change at short notice. 

Trains are not running between Granville and Cabramatta and will be diverted via Sefton to provide regular service. Customers travelling between Granville and Cabramatta via Merrylands are advised to consider catching nearby public transport services to continue their journey. We are trying to arrange replacement buses.  Please delay travel if possible or use other transport.  Well update you when we have more information. Customers should plan ahead and allow plenty of extra travel time.

For service updates, please check transport apps, information screens and listen to announcements.",IWL_2f,4691458740276869547,2026-09-17 07:05:59+00:00,
e8f62d25-979f-56f6-8f2f-dfda63c1b7b8,MAINTENANCE,UNKNOWN_EFFECT,"Cumberland Line, Leppington & Inner West Line","Allow extra travel time between Granville and Cabramatta due to urgent track repairs at Granville. Repair crews are on site and working to restore train services as soon as possible. Trains will be stopping at different platforms. Stops may change at short notice. 

Most trains will be diverted via Sefton to provide regular service. Customers travelling between Granville and Cabramatta via Merrylands are advised to consider catching nearby public transport services to continue their journey. We are trying to arrange replacement buses.  Please delay travel if possible or use other transport.  Well update you when we have more information. Customers should plan ahead and allow plenty of extra travel time.

For service updates, please check transport apps, information screens and listen to announcements.",IWL_2d,-8761173739318814829,2026-09-17 06:50:04+00:00,
e8f62d25-979f-56f6-8f2f-dfda63c1b7b8,MAINTENANCE,UNKNOWN_EFFECT,"Cumberland Line, Leppington & Inner West Line","Allow extra travel time between Granville and Cabramatta due to urgent track repairs at Granville. Repair crews are on site and working to restore train services as soon as possible. Trains will be stopping at different platforms. Stops may change at short notice. 

Most trains will be diverted via Sefton to provide regular service. Customers travelling between Granville and Cabramatta via Merrylands are advised to consider catching nearby public transport services to continue their journey. We are trying to arrange replacement buses.  Please delay travel if possible or use other transport.  Well update you when we have more information. Customers should plan ahead and allow plenty of extra travel time.

For service updates, please check transport apps, information screens and listen to announcements.",IWL_2f,4691458740276869547,2026-09-17 06:50:04+00:00,
e8f62d25-979f-56f6-8f2f-dfda63c1b7b8,MAINTENANCE,UNKNOWN_EFFECT,"Cumberland Line, Leppington & Inner West Line","Allow extra travel time between Granville and Cabramatta due to urgent track repairs at Granville. Repair crews are on site and working to restore train services as soon as possible. 

Most trains will be diverted via Sefton to provide regular service. Customers travelling between Granville and Cabramatta via Merrylands are advised to consider catching nearby public transport services to continue their journey. Trains will be stopping at different platforms. Stops may change at short notice. . 

For service updates, please check transport apps, information screens and listen to announcements.",IWL_1b,6193968622723203843,2026-09-17 06:37:33+00:00,
e8f62d25-979f-56f6-8f2f-dfda63c1b7b8,MAINTENANCE,UNKNOWN_EFFECT,"Cumberland Line, Leppington & Inner West Line","Allow extra travel time between Granville and Cabramatta due to urgent track repairs at Granville. Repair crews are on site and working to restore train services as soon as possible. 

Most trains will be diverted via Sefton to provide regular service. Customers travelling between Granville and Cabramatta via Merrylands are advised to consider catching nearby public transport services to continue their journey. Trains will be stopping at different platforms. Stops may change at short notice. . 

For service updates, please check transport apps, information screens and listen to announcements.",IWL_1h,6999377604685702146,2026-09-17 06:37:33+00:00,
e8f62d25-979f-56f6-8f2f-dfda63c1b7b8,MAINTENANCE,UNKNOWN_EFFECT,"Cumberland Line, Leppington & Inner West Line","Urgent track repairs at Granville have been completed. Services between Cabramatta and Granville have resumed. Services may be less frequent and travel time may be longer than normal. Stops may change at short notice. Delays up to 15 minutes may continue as services recover.

For service updates, please check transport apps, information screens and listen to announcements.",CMB_2a,1644696160033301445,2026-09-17 07:25:04+00:00,
504c2de3-c1bf-528e-8bdb-bd959a2b0307,MAINTENANCE,MODIFIED_SERVICE,T1 Western Line: Trains run to a changed timetable and make extra stops,"Wednesday 16 and Thursday 17 September
Nightly from 9:20PM to 1:30AM, trains may run to a changed timetable and make extra stops at some stations between Seven Hills and Lidcombe.",WST_2c,-4689984939195006273,2026-09-16 11:20:00+00:00,2026-09-16 15:30:00+00:00
b961cac8-0a10-51fd-96b1-9fe939e887d3,MAINTENANCE,MODIFIED_SERVICE,Buses replace trains between Leppington and Fairfield,"Wednesday 16 and Thursday 17 September
Nightly from 9:40PM to 1:30AM, buses replace trains between Leppington and Fairfield.
Trains run to a changed timetable between Fairfield and the City via Granville, and between Glenfield and the City via the Airport.
Some Inner West trains run to a changed timetable between Olympic Park or Homebush and the City.
Buses also replace T3 Liverpool & Inner West Line trains between Liverpool and Lidcombe.",IWL_2f,4691458740276869547,2026-09-16 11:40:00+00:00,2026-09-16 15:30:00+00:00
2ad7fb1d-1308-50c1-b8a0-fb227dc90a53,MAINTENANCE,MODIFIED_SERVICE,Buses replace trains between Liverpool and Lidcombe,"Wednesday 16 and Thursday 17 September
Nightly from 9:40PM to 1:30AM, buses replace trains between Liverpool and Lidcombe.
Trains run between Lidcombe and the City, to a changed timetable. You may need to change trains to continue your journey.
Buses also replace T2 Leppington & Inner West Line trains between Leppington and Fairfield, and T6 Lidcombe & Bankstown Line trains between Bankstown and Lidcombe.",T3_1d,6228501476923438915,2026-09-16 11:40:00+00:00,2026-09-16 15:30:00+00:00
871c63df-4862-5c7a-a1a1-fc9d6465d1bb,MAINTENANCE,MODIFIED_SERVICE,Trains may run to a changed timetable,"Saturday 19 September
From 9AM to 3PM, trains may run to a changed timetable due to trackwork between Revesby and Turrella.",APS_1f,-2261129489481632198,2026-09-18 23:00:00+00:00,2026-09-19 05:00:46+00:00
871c63df-4862-5c7a-a1a1-fc9d6465d1bb,MAINTENANCE,MODIFIED_SERVICE,Trains may run to a changed timetable,"Saturday 19 September
From 9AM to 3PM, trains may run to a changed timetable due to trackwork between Revesby and Turrella.",APS_1h,2391825133504522957,2026-09-18 23:00:00+00:00,2026-09-19 05:00:46+00:00
8a5ba36d-a983-5411-869a-caac50eda0f1,MAINTENANCE,MODIFIED_SERVICE,Buses replace most trains between Newcastle Interchange and Hornsby,"Tuesday 22 and Wednesday 23 September
Nightly from 8:30PM to 4AM, buses replace most trains between Newcastle Interchange and Hornsby.
T9 Northern Line trains run between Hornsby and Central, to a changed timetable.
Wednesday and Thursday, the 02:38 Wyong to Central service starts from Gosford at 03:15 and runs 15 minutes later than the normal timetable towards Central.",CCN_1a,6945390360945871574,2026-09-22 10:30:00+00:00,2026-09-23 18:00:27+00:00
f412b473-65bf-5133-8c12-5b4d2d09865b,MAINTENANCE,MODIFIED_SERVICE,Trains run to a changed timetable and reduced frequency,"Saturday 26 and Sunday 27 September
Trains run to a changed timetable and reduced frequency, every 30 minutes.",T6_1c,-7826908861145066754,2026-09-25 16:00:00+00:00,2026-09-27 16:00:03+00:00
15cfea4d-aaf6-5fa7-bce8-46e151981d40,MAINTENANCE,MODIFIED_SERVICE,T1 Western Line: Some trains run to a changed timetable and stopping pattern,"Saturday 26 and Sunday 27 September
Some trains run to a changed timetable and stopping pattern.
Richmond trains run between Richmond and Olympic Park. You may need to change trains to continue your journey.",NSN_2a,9187031006395744173,2026-09-25 16:00:00+00:00,2026-09-27 16:00:11+00:00
ac845045-d0c0-5a48-bdc9-40b302357093,MAINTENANCE,MODIFIED_SERVICE,Buses replace trains between Cabramatta and Granville,"Saturday 26 and Sunday 27 September
Buses replace trains between Cabramatta and Granville.
Trains run to a changed timetable and stopping pattern between Leppington and the City via Regents Park.
Change at:
- Cabramatta for buses to Canley Vale, Fairfield, Yennora, Guildford and Merrylands, or
- Lidcombe for trains towards Granville or T1 Western Line stations.",IWL_2d,-8761173739318814829,2026-09-25 16:00:00+00:00,2026-09-27 16:00:19+00:00
49968444-84fd-5711-a996-0bbb9e3f71ee,MAINTENANCE,MODIFIED_SERVICE,"Trains run between Berowra or Hornsby and Central, platforms 1-14 only","Monday 28 and Tuesday 29 September
From 9:10PM trains run between Berowra or Hornsby and Central.
Change at Hornsby for replacement buses.",NTH_2a,8355324188916703396,2026-09-28 11:10:00+00:00,2026-09-28 15:30:00+00:00
669c9f49-5476-55f3-a619-192e1e529f0d,MAINTENANCE,MODIFIED_SERVICE,Trains run to a changed timetable and stopping pattern,"Wednesday 30 September
From 10:20PM to 1:30AM, trains run to a changed timetable between Liverpool and Lidcombe only. Change trains at Lidcombe to continue your journey.
Inner West trains run between Ashfield and the City Circle.
T1 Western Line trains run between Lidcombe and the City, making extra stops at Homebush and Burwood.
T9 Northern Line trains make extra stops at Croydon and Ashfield.",T3_2b,-923579374989113359,2026-09-30 12:20:00+00:00,2026-09-30 15:30:26+00:00
32531557-1c2e-5a29-a8a1-9871eb185350,MAINTENANCE,MODIFIED_SERVICE,Buses replace trains between Central and Bondi Junction. Trains do not stop at Wolli Creek,"Wednesday 30 September and Thursday 1 October
Nightly from 9:50PM to 1:30AM, buses replace trains between Central and Bondi Junction, but do not stop at Martin Place.
Most trains run to a changed timetable between Cronulla, Waterfall and the City Circle, with some making extra stops at St Peters and Erskineville.
Nightly from 10:10PM to 1:30AM, trains do not stop at Wolli Creek but make an extra stop at Arncliffe.
Buses run between Sydenham, Wolli Creek and Arncliffe.
Change at Arncliffe or Sydenham for a bus to Wolli Creek or change at Central for a T8 Airport & South Line train if you have luggage or accessibility needs.",ESI_2b,5175417367365540535,2026-09-30 11:50:00+00:00,2026-09-30 15:30:00+00:00
08a0093d-dd5a-58bb-b15a-e35aed2f906a,MAINTENANCE,MODIFIED_SERVICE,Buses replace trains between Central and Bondi Junction. Trains do not stop at Wolli Creek,"Wednesday 30 September and Thursday 1 October
Nightly from 9:50PM to 1:30AM, buses replace trains between Central and Bondi Junction, but do not stop at Martin Place.
Trains run to a changed timetable between South Coast Line stations and Central, platforms 1-14.
Change at Central for buses to Kings Cross, Edgecliff and Bondi Junction or metro services to Martin Place.
Nightly from 10:40PM to 1:30AM, trains do not stop at Wolli Creek but make an extra stop at Sydenham.
Buses run between Sydenham and Wolli Creek.
Change at Sydenham for a bus to Wolli Creek or change at Central for a T8 Airport train if you have luggage or accessibility needs.",SCO_2b,7005896456830233422,2026-09-30 11:50:00+00:00,2026-09-30 15:30:00+00:00
08a0093d-dd5a-58bb-b15a-e35aed2f906a,MAINTENANCE,MODIFIED_SERVICE,Buses replace trains between Central and Bondi Junction. Trains do not stop at Wolli Creek,"Wednesday 30 September and Thursday 1 October
Nightly from 9:50PM to 1:30AM, buses replace trains between Central and Bondi Junction, but do not stop at Martin Place.
Trains run to a changed timetable between South Coast Line stations and Central, platforms 1-14.
Change at Central for buses to Kings Cross, Edgecliff and Bondi Junction or metro services to Martin Place.
Nightly from 10:40PM to 1:30AM, trains do not stop at Wolli Creek but make an extra stop at Sydenham.
Buses run between Sydenham and Wolli Creek.
Change at Sydenham for a bus to Wolli Creek or change at Central for a T8 Airport train if you have luggage or accessibility needs.",SCO_1b,-3539652250674250885,2026-09-30 11:50:00+00:00,2026-09-30 15:30:00+00:00
6d45fcc6-a371-5981-aec1-119ae204ddf0,MAINTENANCE,MODIFIED_SERVICE,Trains run to a changed timetable and reduced frequency,"Saturday 3 October
From 9:30AM to 1PM, trains run to a changed timetable and reduced frequency, every 30 minutes.​",T6_1b,-5736501019292966897,2026-10-02 23:30:00+00:00,2026-10-03 03:00:58+00:00
b2e90342-af67-50e3-a804-329d980f269b,MAINTENANCE,MODIFIED_SERVICE,Extra trains run between Leppington and the City via Regents Park,"Sunday 4 October
From 5:30AM to 9:40AM, extra trains run between Leppington and the City via Regents Park.",BNK_1c,-6876273115546089350,2026-10-03 18:30:00+00:00,2026-10-03 22:40:03+00:00
47b8e043-f824-5a30-96fc-9a9ff30408a9,MAINTENANCE,MODIFIED_SERVICE,"At Cowan and Hawkesbury River, trains may leave from different platforms","Sunday 4 October
From 6AM to 11AM, at Cowan and Hawkesbury River, all trains leave from platform 1.",CCN_2b,627028831985276158,2026-10-03 19:00:00+00:00,2026-10-04 00:00:50+00:00
47b8e043-f824-5a30-96fc-9a9ff30408a9,MAINTENANCE,MODIFIED_SERVICE,"At Cowan and Hawkesbury River, trains may leave from different platforms","Sunday 4 October
From 6AM to 11AM, at Cowan and Hawkesbury River, all trains leave from platform 1.",CCN_1a,6945390360945871574,2026-10-03 19:00:00+00:00,2026-10-04 00:00:50+00:00
408bf41a-cae7-5b05-aeb4-ffb2d8bd5029,MAINTENANCE,MODIFIED_SERVICE,Buses replace trains between Cabramatta and Granville,"Sunday 4 October
From 5:30AM to 9:40AM, buses replace trains between Cabramatta and Granville.
Trains run to a changed timetable between Leppington and the City via Regents Park, and between Richmond or Schofields and Olympic Park.
You may need to change trains at Lidcombe to continue your journey.
From 9:40AM to 11:30AM, trains run to a changed timetable between Leppington and the City via Granville, and between Schofields and Olympic Park.
You may need to change trains at Granville to continue your journey.",CMB_1d,1150323432029512968,2026-10-03 18:30:00+00:00,2026-10-04 00:30:00+00:00
d9e7ac87-a2d6-55d4-a9ef-62efa975f42b,MAINTENANCE,MODIFIED_SERVICE,Trains run to a changed timetable and stopping pattern,"Saturday 3 October
From 9:30AM to 1PM, trains run to a changed timetable between Liverpool and Lidcombe, and between Homebush and the City only.
You may need to change trains to continue your journey.
T1 Western and T2 Leppington Line trains run between Lidcombe and the City.",T3_2c,4458461905226594776,2026-10-03 11:30:00+00:00,2026-10-04 02:00:04+00:00
d9e7ac87-a2d6-55d4-a9ef-62efa975f42b,MAINTENANCE,MODIFIED_SERVICE,Trains run to a changed timetable and stopping pattern,"Saturday 3 October
From 9:30AM to 1PM, trains run to a changed timetable between Liverpool and Lidcombe, and between Homebush and the City only.
You may need to change trains to continue your journey.
T1 Western and T2 Leppington Line trains run between Lidcombe and the City.",BNK_1b,824071575942029262,2026-10-03 11:30:00+00:00,2026-10-04 02:00:04+00:00
5500f84d-e087-5748-af79-f76f9d478444,MAINTENANCE,MODIFIED_SERVICE,Trains run to a changed timetable and stopping pattern,"Monday 5 October
From 9:30AM to 1PM, trains run to a changed timetable between Liverpool and Lidcombe, and between Homebush and the City only.
You may need to change trains to continue your journey.
T1 Western and T2 Leppington Line trains run between Lidcombe and the City.",BNK_1f,2955980060543399440,2026-10-04 22:30:00+00:00,2026-10-05 02:00:31+00:00
a7a3ff7c-2231-5430-a38f-0ddeb000b242,MAINTENANCE,MODIFIED_SERVICE,Some trains run to a changed timetable and stopping pattern,"Monday 5 October
From 11:50PM to 1:30AM, some trains run between Richmond or Leppington and Olympic Park.
You may need to change trains at Granville to continue your journey.",CMB_1b,-2936976510359900114,2026-10-05 12:50:00+00:00,2026-10-05 14:30:22+00:00
c6c4ee06-2ddc-5b1c-97bf-78c7d70a8d40,MAINTENANCE,MODIFIED_SERVICE,Buses replace trains between Port Kembla and Wollongong,"Saturday 3 to Monday 5 October 
Buses replace trains between Port Kembla and Wollongong.
Trains run between Bomaderry, Kiama and Bondi Junction, some to a changed timetable.
Buses towards Wollongong may leave stations up to 15 minutes earlier than the normal train timetable.",SCO_2b,7005896456830233422,2026-10-02 16:00:00+00:00,2026-10-05 15:00:27+00:00
cbec43e6-b4dd-55dc-93a8-c2fd507d9bd8,MAINTENANCE,MODIFIED_SERVICE,T1 Western Line: Buses replace trains between Olympic Park and Ashfield or Central,"Monday 5 October
From 6PM to 2AM, buses replace trains between Olympic Park and Ashfield. Express buses also run between Olympic Park and Central.
Replacement buses do not leave from Lidcombe.
Trains run to a changed timetable between:
- Penrith and Olympic Park
- Richmond and Liverpool
- Ashfield and the City, continuing to T1 North Shore Line stations.
You may need to change services to continue your journey.",WST_2c,-4689984939195006273,2026-10-05 07:00:00+00:00,2026-10-05 15:00:28+00:00
cbec43e6-b4dd-55dc-93a8-c2fd507d9bd8,MAINTENANCE,MODIFIED_SERVICE,T1 Western Line: Buses replace trains between Olympic Park and Ashfield or Central,"Monday 5 October
From 6PM to 2AM, buses replace trains between Olympic Park and Ashfield. Express buses also run between Olympic Park and Central.
Replacement buses do not leave from Lidcombe.
Trains run to a changed timetable between:
- Penrith and Olympic Park
- Richmond and Liverpool
- Ashfield and the City, continuing to T1 North Shore Line stations.
You may need to change services to continue your journey.",WST_1b,-2301718121315425992,2026-10-05 07:00:00+00:00,2026-10-05 15:00:28+00:00
868b0643-f043-5bfe-bd3b-ae15ca403f4d,MAINTENANCE,MODIFIED_SERVICE,Trains run to a changed timetable and stopping pattern,"Monday 5 October
From 6PM to 2AM, trains run to a changed timetable and stopping pattern between Olympic Park and Penrith or Leppington.
Buses replace trains between Olympic Park and Ashfield. Express buses also run between Olympic Park and Central.
Replacement buses do not leave from Lidcombe.",OLY_1b,-3865546843487294607,2026-10-05 07:00:00+00:00,2026-10-05 15:00:33+00:00
868b0643-f043-5bfe-bd3b-ae15ca403f4d,MAINTENANCE,MODIFIED_SERVICE,Trains run to a changed timetable and stopping pattern,"Monday 5 October
From 6PM to 2AM, trains run to a changed timetable and stopping pattern between Olympic Park and Penrith or Leppington.
Buses replace trains between Olympic Park and Ashfield. Express buses also run between Olympic Park and Central.
Replacement buses do not leave from Lidcombe.",OLY_2a,5096923697721243545,2026-10-05 07:00:00+00:00,2026-10-05 15:00:33+00:00
074c6ef5-dee2-547a-a802-30866ad80ff8,MAINTENANCE,MODIFIED_SERVICE,Buses replace trains between Newcastle Interchange and Wyong. Trains run to a changed timetable and stopping pattern,"Sunday 4 and Monday 5 October
Buses replace trains between Newcastle Interchange and Wyong.
Trains run between Wyong and Central, some to a changed timetable.
Monday from 6PM to 2AM, trains run between Wyong and Hornsby only.
T1 North Shore Line trains run between Hornsby and the City, and T9 Northern Line trains run between Hornsby and Rhodes only.
Buses replace trains between Rhodes and Ashfield or Central.
Use metro services between Epping or Chatswood and the City.",CCN_2a,-5978113767534294052,2026-10-03 16:00:00+00:00,2026-10-05 15:00:33+00:00
2296d332-0849-557b-9655-7b386b02a419,MAINTENANCE,MODIFIED_SERVICE,Buses replace trains between Olympic Park and Ashfield or Central,"Monday 5 October
From 6:00PM to 2:00AM, buses replace trains between Olympic Park and Ashfield. Express buses also run between Olympic Park and Central.
Replacement buses do not leave from Lidcombe.
Trains run to a changed timetable between:
- Leppington and Olympic Park
- Glenfield and the City via the Airport
- Ashfield and the City, continuing to T1 North Shore Line stations.",IWL_1e,2161230079104197071,2026-10-05 07:00:00+00:00,2026-10-05 15:00:44+00:00
e0cde705-848b-5914-9472-bed39002de78,MAINTENANCE,MODIFIED_SERVICE,Buses replace trains between Olympic Park and Ashfield or Central,"Monday 5 October
From 6PM to 2AM, buses replace trains between Olympic Park and Ashfield. Express buses also run between Olympic Park and Central.
Replacement buses do not leave from Lidcombe.
Trains run to a changed timetable between:
- Liverpool and Lidcombe
- Lidcombe and Olympic Park
- Ashfield and the City, continuing to T1 North Shore Line stations.
You may need to change services to continue your journey.",BNK_2d,-669550999481604271,2026-10-05 07:00:00+00:00,2026-10-05 15:00:53+00:00
e0cde705-848b-5914-9472-bed39002de78,MAINTENANCE,MODIFIED_SERVICE,Buses replace trains between Olympic Park and Ashfield or Central,"Monday 5 October
From 6PM to 2AM, buses replace trains between Olympic Park and Ashfield. Express buses also run between Olympic Park and Central.
Replacement buses do not leave from Lidcombe.
Trains run to a changed timetable between:
- Liverpool and Lidcombe
- Lidcombe and Olympic Park
- Ashfield and the City, continuing to T1 North Shore Line stations.
You may need to change services to continue your journey.",T3_1d,6228501476923438915,2026-10-05 07:00:00+00:00,2026-10-05 15:00:53+00:00
aa8dc13b-cf94-5605-888d-0fe6a081cf8b,UNKNOWN_CAUSE,UNKNOWN_EFFECT,"Station Update - Bexley North, Kingsgrove, Lisarow and more",The warning tactiles are missing on some sections of the platform. Repairs have been arranged.  Please use caution and take care,WST_2c,-4689984939195006273,2026-08-30 19:08:43+00:00,
aa8dc13b-cf94-5605-888d-0fe6a081cf8b,UNKNOWN_CAUSE,UNKNOWN_EFFECT,"Station Update - Bexley North, Kingsgrove, Lisarow and more",The warning tactiles are missing on some sections of the platform. Repairs have been arranged.  Please use caution and take care,IWL_2g,4132240000327817005,2026-08-30 19:08:43+00:00,
aa8dc13b-cf94-5605-888d-0fe6a081cf8b,UNKNOWN_CAUSE,UNKNOWN_EFFECT,"Station Update - Bexley North, Kingsgrove, Lisarow and more",The warning tactiles are missing on some sections of the platform. Repairs have been arranged.  Please use caution and take care,APS_1a,-3402953319642480407,2026-08-30 19:08:43+00:00,
7e669567-64e5-5fec-83a2-7332090518c3,UNKNOWN_CAUSE,UNKNOWN_EFFECT,Station Update - Central,"From Sunday to Thursday, between 10pm and 5am, ceiling installation works will take place in the pedestrian tunnel between platforms 4 and 11 and the lower concourse.
 - During this time, the Redfern end stairs on Platforms 4 to 11 will be closed.
 - Customer will need to use the City end of the platform to exit via the Grand Concourse.
 - If you need assistance, ask station staff or call 9379 1777.",IWL_2b,7400251048012378211,2026-08-06 00:30:06+00:00,
7e669567-64e5-5fec-83a2-7332090518c3,UNKNOWN_CAUSE,UNKNOWN_EFFECT,Station Update - Central,"From Sunday to Thursday, between 10pm and 5am, ceiling installation works will take place in the pedestrian tunnel between platforms 4 and 11 and the lower concourse.
 - During this time, the Redfern end stairs on Platforms 4 to 11 will be closed.
 - Customer will need to use the City end of the platform to exit via the Grand Concourse.
 - If you need assistance, ask station staff or call 9379 1777.",APS_2g,8410277826001083247,2026-08-06 00:30:06+00:00,
7e669567-64e5-5fec-83a2-7332090518c3,UNKNOWN_CAUSE,UNKNOWN_EFFECT,Station Update - Central,"From Sunday to Thursday, between 10pm and 5am, ceiling installation works will take place in the pedestrian tunnel between platforms 4 and 11 and the lower concourse.
 - During this time, the Redfern end stairs on Platforms 4 to 11 will be closed.
 - Customer will need to use the City end of the platform to exit via the Grand Concourse.
 - If you need assistance, ask station staff or call 9379 1777.",APS_2h,-4013274463802835251,2026-08-06 00:30:06+00:00,
7e669567-64e5-5fec-83a2-7332090518c3,UNKNOWN_CAUSE,UNKNOWN_EFFECT,Station Update - Central,"From Sunday to Thursday, between 10pm and 5am, ceiling installation works will take place in the pedestrian tunnel between platforms 4 and 11 and the lower concourse.
 - During this time, the Redfern end stairs on Platforms 4 to 11 will be closed.
 - Customer will need to use the City end of the platform to exit via the Grand Concourse.
 - If you need assistance, ask station staff or call 9379 1777.",BMT_2,2347072026132267080,2026-08-06 00:30:06+00:00,
7e669567-64e5-5fec-83a2-7332090518c3,UNKNOWN_CAUSE,UNKNOWN_EFFECT,Station Update - Central,"From Sunday to Thursday, between 10pm and 5am, ceiling installation works will take place in the pedestrian tunnel between platforms 4 and 11 and the lower concourse.
 - During this time, the Redfern end stairs on Platforms 4 to 11 will be closed.
 - Customer will need to use the City end of the platform to exit via the Grand Concourse.
 - If you need assistance, ask station staff or call 9379 1777.",SCO_2b,7005896456830233422,2026-08-06 00:30:06+00:00,
7e669567-64e5-5fec-83a2-7332090518c3,UNKNOWN_CAUSE,UNKNOWN_EFFECT,Station Update - Central,"From Sunday to Thursday, between 10pm and 5am, ceiling installation works will take place in the pedestrian tunnel between platforms 4 and 11 and the lower concourse.
 - During this time, the Redfern end stairs on Platforms 4 to 11 will be closed.
 - Customer will need to use the City end of the platform to exit via the Grand Concourse.
 - If you need assistance, ask station staff or call 9379 1777.",4T.T.WT28,-4901457164509350001,2026-08-06 00:30:06+00:00,
7e669567-64e5-5fec-83a2-7332090518c3,UNKNOWN_CAUSE,UNKNOWN_EFFECT,Station Update - Central,"From Sunday to Thursday, between 10pm and 5am, ceiling installation works will take place in the pedestrian tunnel between platforms 4 and 11 and the lower concourse.
 - During this time, the Redfern end stairs on Platforms 4 to 11 will be closed.
 - Customer will need to use the City end of the platform to exit via the Grand Concourse.
 - If you need assistance, ask station staff or call 9379 1777.",4T.C.6208,6350968784388918932,2026-08-06 00:30:06+00:00,
7e669567-64e5-5fec-83a2-7332090518c3,UNKNOWN_CAUSE,UNKNOWN_EFFECT,Station Update - Central,"From Sunday to Thursday, between 10pm and 5am, ceiling installation works will take place in the pedestrian tunnel between platforms 4 and 11 and the lower concourse.
 - During this time, the Redfern end stairs on Platforms 4 to 11 will be closed.
 - Customer will need to use the City end of the platform to exit via the Grand Concourse.
 - If you need assistance, ask station staff or call 9379 1777.",4T.C.7206,4445151985603647544,2026-08-06 00:30:06+00:00,
7e669567-64e5-5fec-83a2-7332090518c3,UNKNOWN_CAUSE,UNKNOWN_EFFECT,Station Update - Central,"From Sunday to Thursday, between 10pm and 5am, ceiling installation works will take place in the pedestrian tunnel between platforms 4 and 11 and the lower concourse.
 - During this time, the Redfern end stairs on Platforms 4 to 11 will be closed.
 - Customer will need to use the City end of the platform to exit via the Grand Concourse.
 - If you need assistance, ask station staff or call 9379 1777.",APS_1e,3446910552962544978,2026-08-06 00:30:06+00:00,
7e669567-64e5-5fec-83a2-7332090518c3,UNKNOWN_CAUSE,UNKNOWN_EFFECT,Station Update - Central,"From Sunday to Thursday, between 10pm and 5am, ceiling installation works will take place in the pedestrian tunnel between platforms 4 and 11 and the lower concourse.
 - During this time, the Redfern end stairs on Platforms 4 to 11 will be closed.
 - Customer will need to use the City end of the platform to exit via the Grand Concourse.
 - If you need assistance, ask station staff or call 9379 1777.",4T.C.4321,-3233637583390075765,2026-08-06 00:30:06+00:00,
7e669567-64e5-5fec-83a2-7332090518c3,UNKNOWN_CAUSE,UNKNOWN_EFFECT,Station Update - Central,"From Sunday to Thursday, between 10pm and 5am, ceiling installation works will take place in the pedestrian tunnel between platforms 4 and 11 and the lower concourse.
 - During this time, the Redfern end stairs on Platforms 4 to 11 will be closed.
 - Customer will need to use the City end of the platform to exit via the Grand Concourse.
 - If you need assistance, ask station staff or call 9379 1777.",4T.T.SP35,7250864179964455461,2026-08-06 00:30:06+00:00,
7e669567-64e5-5fec-83a2-7332090518c3,UNKNOWN_CAUSE,UNKNOWN_EFFECT,Station Update - Central,"From Sunday to Thursday, between 10pm and 5am, ceiling installation works will take place in the pedestrian tunnel between platforms 4 and 11 and the lower concourse.
 - During this time, the Redfern end stairs on Platforms 4 to 11 will be closed.
 - Customer will need to use the City end of the platform to exit via the Grand Concourse.
 - If you need assistance, ask station staff or call 9379 1777.",4T.C.7301,-4890209178679078634,2026-08-06 00:30:06+00:00,
e8f62d25-979f-56f6-8f2f-dfda63c1b7b8,MAINTENANCE,UNKNOWN_EFFECT,"Cumberland Line, Leppington & Inner West Line","Allow extra travel time between Granville and Cabramatta due to urgent track repairs at Granville. Repair crews are on site and working to restore train services as soon as possible. Trains will be stopping at different platforms. Stops may change at short notice. 

Most trains will be diverted via Sefton to provide regular service. Customers travelling between Granville and Cabramatta via Merrylands are advised to consider catching nearby public transport services to continue their journey. We are trying to arrange replacement buses.  Please delay travel if possible or use other transport.  Well update you when we have more information. Customers should plan ahead and allow plenty of extra travel time.

For service updates, please check transport apps, information screens and listen to announcements.",CMB_1d,1150323432029512968,2026-09-17 06:50:04+00:00,
e8f62d25-979f-56f6-8f2f-dfda63c1b7b8,MAINTENANCE,UNKNOWN_EFFECT,"Cumberland Line, Leppington & Inner West Line","Allow extra travel time between Granville and Cabramatta due to urgent track repairs at Granville. Repair crews are on site and working to restore train services as soon as possible. Trains will be stopping at different platforms. Stops may change at short notice. 

Most trains will be diverted via Sefton to provide regular service. Customers travelling between Granville and Cabramatta via Merrylands are advised to consider catching nearby public transport services to continue their journey. We are trying to arrange replacement buses.  Please delay travel if possible or use other transport.  Well update you when we have more information. Customers should plan ahead and allow plenty of extra travel time.

For service updates, please check transport apps, information screens and listen to announcements.",IWL_1i,-8590447049958111075,2026-09-17 06:50:04+00:00,
e8f62d25-979f-56f6-8f2f-dfda63c1b7b8,MAINTENANCE,UNKNOWN_EFFECT,"Cumberland Line, Leppington & Inner West Line","Allow extra travel time between Granville and Cabramatta due to urgent track repairs at Granville. Repair crews are on site and working to restore train services as soon as possible. Trains will be stopping at different platforms. Stops may change at short notice. 

Most trains will be diverted via Sefton to provide regular service. Customers travelling between Granville and Cabramatta via Merrylands are advised to consider catching nearby public transport services to continue their journey. We are trying to arrange replacement buses.  Please delay travel if possible or use other transport.  Well update you when we have more information. Customers should plan ahead and allow plenty of extra travel time.

For service updates, please check transport apps, information screens and listen to announcements.",CMB_2d,-1209867813534204200,2026-09-17 06:50:04+00:00,
e8f62d25-979f-56f6-8f2f-dfda63c1b7b8,MAINTENANCE,UNKNOWN_EFFECT,"Cumberland Line, Leppington & Inner West Line","Allow extra travel time between Granville and Cabramatta due to urgent track repairs at Granville. Repair crews are on site and working to restore train services as soon as possible. 

Most trains will be diverted via Sefton to provide regular service. Customers travelling between Granville and Cabramatta via Merrylands are advised to consider catching nearby public transport services to continue their journey. Trains will be stopping at different platforms. Stops may change at short notice. . 

For service updates, please check transport apps, information screens and listen to announcements.",IWL_2d,-8761173739318814829,2026-09-17 06:37:33+00:00,
e8f62d25-979f-56f6-8f2f-dfda63c1b7b8,MAINTENANCE,UNKNOWN_EFFECT,"Cumberland Line, Leppington & Inner West Line","Allow extra travel time between Granville and Cabramatta due to urgent track repairs at Granville. Repair crews are on site and working to restore train services as soon as possible. 

Most trains will be diverted via Sefton to provide regular service. Customers travelling between Granville and Cabramatta via Merrylands are advised to consider catching nearby public transport services to continue their journey. Trains will be stopping at different platforms. Stops may change at short notice. . 

For service updates, please check transport apps, information screens and listen to announcements.",CMB_1d,1150323432029512968,2026-09-17 06:37:33+00:00,
e8f62d25-979f-56f6-8f2f-dfda63c1b7b8,MAINTENANCE,UNKNOWN_EFFECT,"Cumberland Line, Leppington & Inner West Line","Urgent track repairs at Granville have been completed. Services between Cabramatta and Granville have resumed. Services may be less frequent and travel time may be longer than normal. Stops may change at short notice. Delays up to 15 minutes may continue as services recover.

For service updates, please check transport apps, information screens and listen to announcements.",IWL_2d,-8761173739318814829,2026-09-17 07:25:04+00:00,
ae97e84c-c5ea-510f-8bb3-79e9aae32979,MAINTENANCE,SIGNIFICANT_DELAYS,Airport & South Line,"Allow 10-15 minutes extra travel time following urgent track repairs at Granville earlier. Services are running frequently. Stops may change at short notice. 

For service updates, please check transport apps, information screens and listen to announcements.",APS_1d,3077076688999136044,2026-09-17 08:02:33+00:00,
ae97e84c-c5ea-510f-8bb3-79e9aae32979,MAINTENANCE,SIGNIFICANT_DELAYS,Airport & South Line,"Allow 10-15 minutes extra travel time following urgent track repairs at Granville earlier. Services are running frequently. Stops may change at short notice. 

For service updates, please check transport apps, information screens and listen to announcements.",APS_1a,-3402953319642480407,2026-09-17 08:02:33+00:00,
ae97e84c-c5ea-510f-8bb3-79e9aae32979,MAINTENANCE,SIGNIFICANT_DELAYS,Airport & South Line,"Allow 10-15 minutes extra travel time following urgent track repairs at Granville earlier. Services are running frequently. Stops may change at short notice. 

For service updates, please check transport apps, information screens and listen to announcements.",APS_1f,-2261129489481632198,2026-09-17 08:02:33+00:00,
ae97e84c-c5ea-510f-8bb3-79e9aae32979,MAINTENANCE,SIGNIFICANT_DELAYS,Airport & South Line,"Allow 10-15 minutes extra travel time following urgent track repairs at Granville earlier. Services are running frequently. Stops may change at short notice. 

For service updates, please check transport apps, information screens and listen to announcements.",APS_2b,-4997717676751494424,2026-09-17 08:02:33+00:00,
ae97e84c-c5ea-510f-8bb3-79e9aae32979,MAINTENANCE,SIGNIFICANT_DELAYS,Airport & South Line,"Allow 10-15 minutes extra travel time following urgent track repairs at Granville earlier. Services are running frequently. Stops may change at short notice. 

For service updates, please check transport apps, information screens and listen to announcements.",APS_2a,-8074707193682375787,2026-09-17 08:02:33+00:00,
ae97e84c-c5ea-510f-8bb3-79e9aae32979,MAINTENANCE,SIGNIFICANT_DELAYS,Airport & South Line,"Allow 10-15 minutes extra travel time following urgent track repairs at Granville earlier. Services are running frequently. Stops may change at short notice. 

For service updates, please check transport apps, information screens and listen to announcements.",APS_1h,2391825133504522957,2026-09-17 08:02:33+00:00,
ae97e84c-c5ea-510f-8bb3-79e9aae32979,MAINTENANCE,SIGNIFICANT_DELAYS,Airport & South Line,"Allow 10-15 minutes extra travel time following urgent track repairs at Granville earlier. Services are running frequently. Stops may change at short notice. 

For service updates, please check transport apps, information screens and listen to announcements.",APS_1c,-6417094206083242795,2026-09-17 08:02:33+00:00,
ae97e84c-c5ea-510f-8bb3-79e9aae32979,MAINTENANCE,SIGNIFICANT_DELAYS,Airport & South Line,"Allow 10-15 minutes extra travel time following urgent track repairs at Granville earlier. Services are running frequently. Stops may change at short notice. 

For service updates, please check transport apps, information screens and listen to announcements.",APS_2d,3209398359404724700,2026-09-17 08:02:33+00:00,
ae97e84c-c5ea-510f-8bb3-79e9aae32979,MAINTENANCE,SIGNIFICANT_DELAYS,Airport & South Line,"Allow 10-15 minutes extra travel time following urgent track repairs at Granville earlier. Services are running frequently. Stops may change at short notice. 

For service updates, please check transport apps, information screens and listen to announcements.",APS_2c,2798141468541829682,2026-09-17 08:02:33+00:00,
ae97e84c-c5ea-510f-8bb3-79e9aae32979,MAINTENANCE,SIGNIFICANT_DELAYS,Airport & South Line,"Allow 10-15 minutes extra travel time following urgent track repairs at Granville earlier. Services are running frequently. Stops may change at short notice. 

For service updates, please check transport apps, information screens and listen to announcements.",APS_1g,-8457744376016795793,2026-09-17 08:02:33+00:00,
ae97e84c-c5ea-510f-8bb3-79e9aae32979,MAINTENANCE,SIGNIFICANT_DELAYS,Airport & South Line,"Allow 10-15 minutes extra travel time following urgent track repairs at Granville earlier. Services are running frequently. Stops may change at short notice. 

For service updates, please check transport apps, information screens and listen to announcements.",APS_2h,-4013274463802835251,2026-09-17 08:02:33+00:00,
ae97e84c-c5ea-510f-8bb3-79e9aae32979,MAINTENANCE,SIGNIFICANT_DELAYS,Airport & South Line,"Allow 10-15 minutes extra travel time following urgent track repairs at Granville earlier. Services are running frequently. Stops may change at short notice. 

For service updates, please check transport apps, information screens and listen to announcements.",APS_2e,-3879013211178800379,2026-09-17 08:02:33+00:00,
ae97e84c-c5ea-510f-8bb3-79e9aae32979,MAINTENANCE,SIGNIFICANT_DELAYS,Airport & South Line,"Allow 10-15 minutes extra travel time following urgent track repairs at Granville earlier. Services are running frequently. Stops may change at short notice. 

For service updates, please check transport apps, information screens and listen to announcements.",APS_2f,4089134572644777184,2026-09-17 08:02:33+00:00,
ae97e84c-c5ea-510f-8bb3-79e9aae32979,MAINTENANCE,SIGNIFICANT_DELAYS,Airport & South Line,"Allow 10-15 minutes extra travel time following urgent track repairs at Granville earlier. Services are running frequently. Stops may change at short notice. 

For service updates, please check transport apps, information screens and listen to announcements.",APS_1e,3446910552962544978,2026-09-17 08:02:33+00:00,
ae97e84c-c5ea-510f-8bb3-79e9aae32979,MAINTENANCE,SIGNIFICANT_DELAYS,Airport & South Line,"Allow 10-15 minutes extra travel time following urgent track repairs at Granville earlier. Services are running frequently. Stops may change at short notice. 

For service updates, please check transport apps, information screens and listen to announcements.",APS_2g,8410277826001083247,2026-09-17 08:02:33+00:00,
ae97e84c-c5ea-510f-8bb3-79e9aae32979,MAINTENANCE,SIGNIFICANT_DELAYS,Airport & South Line,"Allow 10-15 minutes extra travel time following urgent track repairs at Granville earlier. Services are running frequently. Stops may change at short notice. 

For service updates, please check transport apps, information screens and listen to announcements.",APS_1b,3528247148565883103,2026-09-17 08:02:33+00:00,
